codigo_abonado,tipo_solicitud,canal_ingreso,servicio_afectado,falla,diagnostico,estado,fecha_ingreso,fecha_cierre,asesor_idx,tecnico_idx,escalado
C103172,cambio_plan,call_center,,,,solucionado,2025-12-02 14:50:00,2026-01-05 16:50:00,22,3,
C103173,cambio_plan,caja,,,,solucionado,2025-12-02 15:10:00,2026-01-05 16:55:00,22,3,
DQ100012,sin_internet,whatsapp,internet,,BLOQUEO DE MODEM,solucionado,2025-12-24 09:45:00,,,0,
VG100030,sin_internet,whatsapp,internet,,,cancelado,2025-12-24 11:05:00,,36,0,
TC103936,cambio_titular,whatsapp,,,,solucionado,2025-12-29 09:10:00,2025-12-30 17:10:00,10,2,
CH100681,soporte_remoto,call_center,internet_tv,LENTITUD E INTERMITENCIA,,cancelado,2025-12-29 10:50:00,2026-01-03 07:10:00,2,7,
TC100013,sin_internet,whatsapp,internet,,FALLA DE FIBRA,enviado_tecnico,2025-12-29 11:05:00,,26,0,
DQ100007,sin_internet,caja,internet,,WIFI DESACTIVADO,enviado_tecnico,2025-12-29 11:15:00,,31,0,
SG100682,soporte_remoto,call_center,internet,,,solucionado,2025-12-29 12:05:00,2026-01-02 17:25:00,9,1,
SG103937,cambio_titular,caja,,,,solucionado,2025-12-29 15:05:00,2025-12-30 17:30:00,3,2,
TCF100679,soporte_remoto,call_center,internet,LENTITUD E INTERMITENCIA,,solucionado,2025-12-29 15:45:00,2026-01-02 17:25:00,4,1,
C102127,cambio_titular,caja,,,,solucionado,2025-12-29 16:10:00,2025-12-30 17:35:00,13,2,
DQ103938,cambio_titular,caja,,,,solucionado,2025-12-29 16:20:00,2025-12-29 16:30:00,31,20,
C100014,sin_internet,whatsapp,internet,,VLAN DUPLICADA,enviado_tecnico,2025-12-29 16:30:00,,8,0,
C100015,sin_internet,call_center,internet,,FALLA DE FIBRA,enviado_tecnico,2025-12-29 17:00:00,,15,0,
SG103170,cambio_plan,whatsapp,,,,solucionado,2025-12-29 18:00:00,2026-01-05 16:30:00,9,3,
TC100685,soporte_remoto,whatsapp,tv,PROGRAMACIÓN DE TV,,solucionado,2025-12-30 08:50:00,2026-01-03 10:30:00,7,7,
TCF100000,sin_internet,call_center,internet,,BLOQUEO DE MODEM,solucionado,2025-12-30 09:20:00,,4,0,
DQ100007,sin_internet,whatsapp,internet,,MODEM/CARGADOR QUEMADOS,enviado_tecnico,2025-12-30 09:20:00,,5,0,
C100001,sin_internet,whatsapp,internet,,WIFI DESACTIVADO,solucionado,2025-12-30 09:55:00,,15,0,
SR100686,soporte_remoto,call_center,internet,LENTITUD E INTERMITENCIA,,solucionado,2025-12-30 09:55:00,,14,7,
SG100003,sin_internet,call_center,internet,,WIFI DESACTIVADO,solucionado,2025-12-30 10:00:00,,3,0,
C100016,sin_internet,call_center,internet,,FALLA DE FIBRA,enviado_tecnico,2025-12-30 10:00:00,,22,0,
DQ101269,cambio_titular,caja,,,,solucionado,2025-12-30 10:00:00,2025-12-30 17:40:00,5,2,
SG100002,sin_internet,call_center,internet,,BLOQUEO DE MODEM,solucionado,2025-12-30 10:20:00,,3,0,
DQ103939,cambio_titular,call_center,,,,solucionado,2025-12-30 13:25:00,2025-12-30 17:45:00,4,2,
C103940,cambio_titular,call_center,,,,solucionado,2025-12-30 13:25:00,2025-12-30 17:50:00,22,2,
SG103171,cambio_plan,call_center,,,,solucionado,2025-12-30 14:50:00,2026-01-05 16:35:00,9,3,
SG100683,soporte_remoto,caja,internet,LENTITUD E INTERMITENCIA,,solucionado,2025-12-30 16:40:00,2026-01-02 10:15:00,3,2,
SR100684,soporte_remoto,call_center,internet,ERROR EN INGRESO A PÁGINAS,,solucionado,2025-12-30 17:00:00,2026-01-02 17:25:00,1,1,
SG100667,soporte_remoto,whatsapp,internet_tv,LENTITUD E INTERMITENCIA,,solucionado,2025-12-30 17:00:00,2026-01-02 17:25:00,3,1,
TC100004,sin_internet,call_center,internet,,FALLA MASIVA,solucionado,2025-12-31 08:25:00,,26,0,
TC100017,sin_internet,call_center,internet,,BLOQUEO DE MODEM,enviado_tecnico,2025-12-31 08:25:00,,10,0,
TC100005,sin_internet,whatsapp,internet,,FALLA MASIVA,solucionado,2025-12-31 09:05:00,,26,0,
TC100006,sin_internet,whatsapp,internet,,FALLA MASIVA,solucionado,2025-12-31 09:05:00,,26,0,
SR100689,soporte_remoto,call_center,tv,PROGRAMACIÓN DE TV,,solucionado,2025-12-31 09:45:00,2026-01-02 16:50:00,1,1,
DQ100018,sin_internet,whatsapp,internet,,FALLA DE FIBRA,solucionado,2025-12-31 11:25:00,,5,4,
SG100690,soporte_remoto,caja,internet,LENTITUD E INTERMITENCIA,,solucionado,2025-12-31 11:40:00,2026-01-03 09:45:00,9,1,
TC100688,soporte_remoto,call_center,internet,PROBLEMAS CON TEST DE VELOCIDAD,,cancelado,2025-12-31 12:35:00,2025-12-31 14:00:00,25,4,
VG100687,soporte_remoto,call_center,internet,PROBLEMAS CON TEST DE VELOCIDAD,,solucionado,2025-12-31 15:10:00,2026-01-02 17:25:00,19,1,
VG103941,cambio_titular,whatsapp,,,,solucionado,2025-12-31 16:10:00,2026-01-02 09:30:00,36,2,
CH100966,soporte_remoto,call_center,tv,CANALES INTERMITENTES,,solucionado,2026-01-02 09:25:00,2026-01-27 10:30:00,2,1,
TC100019,sin_internet,call_center,internet,,FALLA DE FIBRA,enviado_tecnico,2026-01-02 11:05:00,,38,0,
VG103942,cambio_titular,whatsapp,,,,solucionado,2026-01-02 11:20:00,2026-01-05 08:50:00,36,2,
DQ100020,sin_internet,call_center,internet,,,enviado_tecnico,2026-01-02 11:40:00,,,0,
DQ103943,cambio_titular,call_center,,,,solucionado,2026-01-02 13:05:00,2026-01-05 09:25:00,40,2,
DQ100031,sin_internet,whatsapp,internet,,,cancelado,2026-01-02 15:35:00,2026-01-07 09:00:00,0,0,
TC100692,soporte_remoto,call_center,internet,LENTITUD E INTERMITENCIA,,solucionado,2026-01-02 17:00:00,2026-01-06 17:10:00,35,0,
CH100693,soporte_remoto,call_center,internet,LENTITUD E INTERMITENCIA,,solucionado,2026-01-02 17:00:00,2026-01-03 09:45:00,2,0,
DQ100694,soporte_remoto,call_center,tv,CANALES LLUVIOSOS/PIXELADOS,,solucionado,2026-01-02 17:00:00,2026-01-02 17:00:00,5,2,
C100695,soporte_remoto,call_center,tv,CANALES LLUVIOSOS/PIXELADOS,,cancelado,2026-01-02 17:00:00,2026-01-02 17:00:00,37,0,
C100696,soporte_remoto,whatsapp,internet_tv,LENTITUD E INTERMITENCIA,,solucionado,2026-01-02 17:00:00,2026-01-02 17:00:00,22,2,
TC100697,soporte_remoto,call_center,internet,ERROR EN INGRESO A PÁGINAS,,solucionado,2026-01-02 17:00:00,2026-01-02 17:20:00,38,1,
CH100698,soporte_remoto,whatsapp,internet,LENTITUD E INTERMITENCIA,,solucionado,2026-01-02 17:00:00,2026-01-02 17:10:00,2,1,
DQ100699,soporte_remoto,caja,internet,LENTITUD E INTERMITENCIA,,solucionado,2026-01-02 17:00:00,2026-01-02 17:45:00,0,0,
DQ100700,soporte_remoto,whatsapp,internet,LENTITUD E INTERMITENCIA,,solucionado,2026-01-02 17:00:00,2026-01-02 17:00:00,0,2,
SG100701,soporte_remoto,whatsapp,internet,LENTITUD E INTERMITENCIA,,solucionado,2026-01-02 17:00:00,2026-01-03 10:25:00,3,1,
SG100433,soporte_remoto,call_center,internet,LENTITUD E INTERMITENCIA,,solucionado,2026-01-02 17:00:00,2026-01-03 10:20:00,3,1,
SG100702,soporte_remoto,call_center,internet,LENTITUD E INTERMITENCIA,,solucionado,2026-01-02 17:00:00,2026-01-03 10:15:00,3,1,
SG100703,soporte_remoto,whatsapp,internet,LENTITUD E INTERMITENCIA,,cancelado,2026-01-02 17:00:00,2026-01-03 15:25:00,3,2,
SG100704,soporte_remoto,call_center,internet,LENTITUD E INTERMITENCIA,,solucionado,2026-01-02 17:00:00,2026-01-03 15:25:00,3,2,
SG100705,soporte_remoto,whatsapp,internet,LENTITUD E INTERMITENCIA,,solucionado,2026-01-02 17:00:00,2026-01-05 15:30:00,3,1,
TC100706,soporte_remoto,call_center,tv,CANALES FALTANTES,,solucionado,2026-01-02 17:00:00,2026-01-05 08:40:00,10,0,
C103174,cambio_plan,call_center,,,,solucionado,2026-01-02 17:30:00,2026-01-06 12:30:00,22,3,
TC103175,cambio_plan,call_center,,,,solucionado,2026-01-03 15:05:00,2026-01-05 11:50:00,27,15,
SG100711,cambio_plan,call_center,,,,solucionado,2026-01-04 08:35:00,2026-01-05 17:05:00,3,3,
SG103176,cambio_plan,whatsapp,,,,solucionado,2026-01-04 10:35:00,2026-01-05 17:10:00,3,3,
DQ100707,soporte_remoto,whatsapp,internet,STREAMING CON FALLAS,,solucionado,2026-01-04 11:00:00,2026-01-05 10:25:00,19,2,
SG100708,soporte_remoto,call_center,internet,LENTITUD E INTERMITENCIA,,solucionado,2026-01-05 08:20:00,2026-01-05 15:35:00,3,1,
SG100709,soporte_remoto,caja,internet,LENTITUD E INTERMITENCIA,,solucionado,2026-01-05 08:20:00,2026-01-05 17:15:00,3,0,
VG100710,soporte_remoto,call_center,internet,LENTITUD E INTERMITENCIA,,solucionado,2026-01-05 08:20:00,2026-01-05 11:25:00,6,2,
SG100711,soporte_remoto,call_center,internet,LENTITUD E INTERMITENCIA,,solucionado,2026-01-05 08:20:00,2026-01-05 09:00:00,3,2,
SR100011,sin_internet,call_center,internet,,,solucionado,2026-01-05 08:35:00,2026-01-06 09:00:00,1,0,
DQ100044,soporte_remoto,call_center,tv,SIN SEÑAL DE TV,,solucionado,2026-01-05 08:50:00,2026-01-05 11:45:00,0,2,
DQ100712,soporte_remoto,whatsapp,tv,CANALES LLUVIOSOS/PIXELADOS,,solucionado,2026-01-05 09:00:00,2026-01-05 13:30:00,0,1,
TC100749,soporte_remoto,whatsapp,internet,LENTITUD E INTERMITENCIA,,solucionado,2026-01-05 09:00:00,2026-01-05 16:15:00,26,2,
C100766,soporte_remoto,caja,internet,ERROR EN INGRESO A PÁGINAS,,solucionado,2026-01-05 09:00:00,2026-01-06 08:30:00,,4,
SG103187,cambio_plan,whatsapp,,,,solucionado,2026-01-05 09:00:00,2026-01-06 12:05:00,3,3,
SG100713,soporte_remoto,call_center,internet,LENTITUD E INTERMITENCIA,,solucionado,2026-01-05 09:10:00,2026-01-05 17:20:00,3,0,
SR100714,soporte_remoto,whatsapp,internet,LENTITUD E INTERMITENCIA,,solucionado,2026-01-05 09:10:00,2026-01-05 11:50:00,1,2,
SR100715,soporte_remoto,call_center,internet_tv,LENTITUD E INTERMITENCIA,,solucionado,2026-01-05 09:15:00,2026-01-05 10:10:00,1,1,
SG100716,soporte_remoto,whatsapp,internet,LENTITUD E INTERMITENCIA,,solucionado,2026-01-05 09:20:00,2026-01-05 09:20:00,3,2,
SR100717,soporte_remoto,call_center,internet,HABILITACIÓN DE PUERTOS,,solucionado,2026-01-05 09:25:00,2026-01-05 10:45:00,1,2,
DQ100007,sin_internet,call_center,internet,,WIFI DESACTIVADO,solucionado,2026-01-05 09:35:00,2026-01-05 15:10:00,5,0,
SR100718,soporte_remoto,whatsapp,internet_tv,LENTITUD E INTERMITENCIA,,solucionado,2026-01-05 09:45:00,2026-01-05 09:55:00,1,0,
TCF100719,soporte_remoto,whatsapp,internet,LENTITUD E INTERMITENCIA,,solucionado,2026-01-05 09:55:00,2026-01-05 14:00:00,4,1,
SR100720,soporte_remoto,whatsapp,internet,HABILITACIÓN DE PUERTOS,,solucionado,2026-01-05 09:55:00,2026-01-05 11:40:00,1,0,
CH100721,soporte_remoto,caja,internet,LENTITUD E INTERMITENCIA,,solucionado,2026-01-05 10:00:00,2026-01-05 11:05:00,2,2,
C100722,soporte_remoto,call_center,internet,HABILITACIÓN DE PUERTOS,,cancelado,2026-01-05 10:10:00,2026-01-05 13:00:00,8,1,
DQ100021,sin_internet,caja,internet,,FALLA DE FIBRA,solucionado,2026-01-05 10:20:00,2026-01-05 10:50:00,0,0,
SR100723,soporte_remoto,call_center,tv,PROGRAMACIÓN DE TV,,solucionado,2026-01-05 10:45:00,2026-01-05 11:50:00,14,2,
DQ100724,soporte_remoto,whatsapp,internet_tv,LENTITUD E INTERMITENCIA,,solucionado,2026-01-05 10:45:00,2026-01-06 08:45:00,0,0,
SG100725,soporte_remoto,call_center,internet,LENTITUD E INTERMITENCIA,,solucionado,2026-01-05 10:50:00,2026-01-05 10:50:00,3,2,
SR100726,soporte_remoto,call_center,internet,LENTITUD E INTERMITENCIA,,solucionado,2026-01-05 10:50:00,2026-01-05 11:00:00,5,1,
TC100727,soporte_remoto,whatsapp,internet,LENTITUD E INTERMITENCIA,,solucionado,2026-01-05 10:55:00,2026-01-05 13:15:00,0,1,
DQ100728,soporte_remoto,call_center,internet,LENTITUD E INTERMITENCIA,,solucionado,2026-01-05 10:55:00,2026-01-06 08:55:00,0,0,
VG100729,soporte_remoto,call_center,internet,PROBLEMAS CON TEST DE VELOCIDAD,,solucionado,2026-01-05 10:55:00,2026-01-05 12:10:00,6,0,
DQ100730,soporte_remoto,call_center,internet,LENTITUD E INTERMITENCIA,,solucionado,2026-01-05 11:00:00,2026-01-05 11:55:00,5,2,
DQ100731,soporte_remoto,call_center,tv,CANALES LLUVIOSOS/PIXELADOS,,solucionado,2026-01-05 11:00:00,2026-01-05 12:45:00,11,2,
SG103177,cambio_plan,whatsapp,,,,solucionado,2026-01-05 11:00:00,2026-01-27 10:30:00,9,3,
DQ100022,sin_internet,call_center,internet,,FALLA DE FIBRA,solucionado,2026-01-05 11:20:00,2026-01-05 12:35:00,4,0,
SG103944,cambio_titular,caja,,,,solucionado,2026-01-05 11:25:00,2026-01-06 13:30:00,3,2,
TCF100732,soporte_remoto,whatsapp,internet,LENTITUD E INTERMITENCIA,,solucionado,2026-01-05 11:30:00,2026-01-05 13:05:00,4,1,
TC100023,sin_internet,whatsapp,internet,,FALLA DE FIBRA,solucionado,2026-01-05 11:35:00,2026-01-06 09:10:00,10,0,
SG100733,soporte_remoto,call_center,internet_tv,LENTITUD E INTERMITENCIA,,solucionado,2026-01-05 11:40:00,2026-01-06 08:30:00,3,1,
DQ100008,sin_internet,call_center,internet,,VLAN DUPLICADA,solucionado,2026-01-05 11:45:00,2026-01-05 12:30:00,0,0,
SR100734,soporte_remoto,whatsapp,internet,LENTITUD E INTERMITENCIA,,solucionado,2026-01-05 11:50:00,2026-01-05 11:50:00,14,1,
CH100735,soporte_remoto,whatsapp,internet,LENTITUD E INTERMITENCIA,,solucionado,2026-01-05 11:50:00,2026-01-06 10:35:00,2,0,
CH100736,soporte_remoto,whatsapp,internet,LENTITUD E INTERMITENCIA,,solucionado,2026-01-05 11:55:00,2026-01-05 13:10:00,2,2,
DQ100737,soporte_remoto,caja,tv,CANALES FALTANTES,,solucionado,2026-01-05 11:55:00,2026-01-05 12:50:00,0,1,
SG100738,soporte_remoto,call_center,internet,LENTITUD E INTERMITENCIA,,solucionado,2026-01-05 11:55:00,2026-01-05 17:30:00,3,0,
SG103178,cambio_plan,whatsapp,,,,solucionado,2026-01-05 12:00:00,2026-01-05 17:40:00,9,3,
C103179,cambio_plan,call_center,,,,solucionado,2026-01-05 12:00:00,2026-01-05 17:25:00,13,3,
TC100199,soporte_remoto,call_center,internet_tv,LENTITUD E INTERMITENCIA,,solucionado,2026-01-05 12:15:00,2026-01-09 12:15:00,7,1,
SG100739,soporte_remoto,call_center,internet,LENTITUD E INTERMITENCIA,,solucionado,2026-01-05 12:25:00,2026-01-05 12:25:00,3,2,
TCF100740,soporte_remoto,call_center,tv,SIN SEÑAL DE TV,,solucionado,2026-01-05 12:25:00,2026-01-05 15:25:00,22,2,
TCF100741,soporte_remoto,whatsapp,internet,HABILITACIÓN DE PUERTOS,,cancelado,2026-01-05 12:25:00,2026-01-09 08:15:00,22,0,
DQ100742,soporte_remoto,whatsapp,internet,LENTITUD E INTERMITENCIA,,solucionado,2026-01-05 12:55:00,2026-01-05 16:00:00,0,1,
TC100743,soporte_remoto,call_center,internet_tv,LENTITUD E INTERMITENCIA,,solucionado,2026-01-05 13:35:00,2026-01-05 17:30:00,7,1,
TC100759,soporte_remoto,call_center,internet,LENTITUD E INTERMITENCIA,,solucionado,2026-01-05 14:00:00,2026-01-06 09:10:00,7,1,
TC100747,soporte_remoto,whatsapp,internet_tv,LENTITUD E INTERMITENCIA,,solucionado,2026-01-05 14:05:00,2026-01-05 14:05:00,26,2,
SG103184,cambio_plan,whatsapp,,,,cancelado,2026-01-05 14:06:00,2026-01-15 14:25:00,3,3,
TC103180,cambio_plan,whatsapp,,,,solucionado,2026-01-05 14:10:00,2026-01-05 17:35:00,26,3,
TC100745,soporte_remoto,call_center,internet,LENTITUD E INTERMITENCIA,,solucionado,2026-01-05 14:20:00,2026-01-06 11:05:00,26,0,
SG100746,soporte_remoto,call_center,internet,LENTITUD E INTERMITENCIA,,cancelado,2026-01-05 14:20:00,2026-01-09 08:35:00,3,0,
TC100024,sin_internet,caja,internet,,EQUIPO NO ENGANCHA,solucionado,2026-01-05 14:25:00,2026-01-05 16:10:00,26,0,
SG103186,cambio_titular,call_center,,,,solucionado,2026-01-05 14:25:00,2026-01-07 13:00:00,3,2,
SG100744,soporte_remoto,call_center,internet,LENTITUD E INTERMITENCIA,,solucionado,2026-01-05 14:40:00,2026-01-07 10:50:00,3,0,
SG103181,cambio_plan,whatsapp,,,,solucionado,2026-01-05 14:40:00,2026-01-05 17:45:00,9,3,
SR100748,soporte_remoto,whatsapp,internet,ERROR EN INGRESO A PÁGINAS,,solucionado,2026-01-05 14:45:00,2026-01-05 17:30:00,1,2,
C103182,cambio_plan,whatsapp,,,,solucionado,2026-01-05 14:45:00,2026-01-05 18:05:00,13,3,
SG101606,cambio_plan,call_center,,,,solucionado,2026-01-05 14:50:00,2026-01-06 09:15:00,9,3,
SG100750,soporte_remoto,whatsapp,internet,LENTITUD E INTERMITENCIA,,solucionado,2026-01-05 15:00:00,2026-01-05 16:55:00,9,1,
SG100751,soporte_remoto,whatsapp,internet,LENTITUD E INTERMITENCIA,,solucionado,2026-01-05 15:00:00,2026-01-05 17:00:00,9,1,
SG100752,soporte_remoto,whatsapp,tv,SIN SEÑAL DE TV,,solucionado,2026-01-05 15:00:00,2026-01-05 17:15:00,9,1,
SG100753,soporte_remoto,whatsapp,internet,LENTITUD E INTERMITENCIA,,solucionado,2026-01-05 15:05:00,2026-01-06 09:00:00,9,0,
C103945,cambio_titular,call_center,,,,solucionado,2026-01-05 15:05:00,2026-01-06 17:00:00,15,2,
SG100754,soporte_remoto,whatsapp,internet,LENTITUD E INTERMITENCIA,,solucionado,2026-01-05 15:10:00,2026-01-07 11:10:00,9,0,
SG100755,soporte_remoto,call_center,internet,LENTITUD E INTERMITENCIA,,solucionado,2026-01-05 15:10:00,2026-01-06 10:00:00,9,4,
SG100756,soporte_remoto,whatsapp,internet,ERROR EN INGRESO A PÁGINAS,,solucionado,2026-01-05 15:15:00,2026-01-05 17:20:00,9,2,
TC103183,cambio_plan,caja,,,,solucionado,2026-01-05 15:15:00,2026-01-06 10:25:00,10,3,
TC100025,sin_internet,whatsapp,internet,,FALLA DE FIBRA,solucionado,2026-01-05 15:25:00,2026-01-05 16:15:00,26,0,
SG100757,soporte_remoto,call_center,internet,LENTITUD E INTERMITENCIA,,solucionado,2026-01-05 15:25:00,2026-01-05 17:50:00,9,1,
SG100009,sin_internet,call_center,internet,,BLOQUEO DE EQUIPO,solucionado,2026-01-05 15:40:00,2026-01-06 09:15:00,3,0,
SG100010,sin_internet,whatsapp,internet,,WIFI RESETEADO,solucionado,2026-01-05 15:40:00,2026-01-05 16:55:00,3,0,
DQ100758,soporte_remoto,call_center,internet,LENTITUD E INTERMITENCIA,,solucionado,2026-01-05 16:00:00,2026-01-06 09:00:00,4,1,
SG100760,soporte_remoto,whatsapp,internet,LENTITUD E INTERMITENCIA,,solucionado,2026-01-05 16:00:00,2026-01-05 17:30:00,9,2,
TC100762,soporte_remoto,caja,internet,LENTITUD E INTERMITENCIA,,solucionado,2026-01-05 16:15:00,2026-01-05 18:00:00,26,2,
DQ100761,soporte_remoto,call_center,internet,LENTITUD E INTERMITENCIA,,solucionado,2026-01-05 16:25:00,2026-01-05 17:55:00,5,2,
SR103185,cambio_plan,whatsapp,,,,solucionado,2026-01-05 16:29:00,2026-01-06 10:30:00,45,3,
DQ100763,soporte_remoto,call_center,tv,SIN SEÑAL DE TV,,solucionado,2026-01-05 16:30:00,2026-01-06 12:20:00,5,2,
TC100764,soporte_remoto,whatsapp,tv,CANALES LLUVIOSOS/PIXELADOS,,solucionado,2026-01-05 16:30:00,2026-01-06 09:15:00,11,4,
SG103186,cambio_plan,call_center,,,,solucionado,2026-01-05 16:35:00,2026-01-06 10:40:00,3,3,
SR100765,soporte_remoto,call_center,internet,HABILITACIÓN DE PUERTOS,,solucionado,2026-01-05 16:45:00,2026-01-06 10:20:00,1,4,
DQ100026,sin_internet,call_center,internet,,FALLA DE FIBRA,solucionado,2026-01-05 17:15:00,2026-01-06 09:30:00,5,0,
VG103188,cambio_plan,call_center,,,,solucionado,2026-01-05 17:15:00,2026-01-06 11:30:00,6,3,
DQ103189,cambio_plan,call_center,,,,solucionado,2026-01-05 17:15:00,2026-01-06 11:50:00,0,3,
SG100767,soporte_remoto,whatsapp,internet_tv,LENTITUD E INTERMITENCIA,,solucionado,2026-01-05 17:25:00,2026-01-06 09:30:00,3,1,
SG100768,soporte_remoto,call_center,tv,SIN SEÑAL DE TV,,solucionado,2026-01-05 17:30:00,2026-01-06 09:30:00,3,1,
TC100027,sin_internet,call_center,internet,,FALLA DE FIBRA,solucionado,2026-01-05 17:45:00,2026-01-06 10:05:00,35,0,
VG103190,cambio_plan,whatsapp,,,,solucionado,2026-01-05 17:45:00,2026-01-13 10:50:00,6,3,
AL103947,cambio_titular,whatsapp,,,,solucionado,2026-01-05 17:45:00,2026-01-09 17:20:00,26,2,
DQ103946,cambio_titular,whatsapp,,,,solucionado,2026-01-05 17:50:00,2026-01-07 19:20:00,0,2,
DQ100028,sin_internet,call_center,internet,,FALLA DE FIBRA,solucionado,2026-01-05 18:25:00,2026-01-06 10:10:00,5,0,
DQ100769,soporte_remoto,call_center,internet,LENTITUD E INTERMITENCIA,,solucionado,2026-01-06 08:50:00,2026-01-06 12:25:00,0,2,
C103191,cambio_plan,whatsapp,,,,solucionado,2026-01-06 08:50:00,2026-01-19 17:25:00,8,3,
DQ100029,sin_internet,call_center,internet,,FALLA DE FIBRA,solucionado,2026-01-06 09:20:00,2026-01-06 09:20:00,5,0,
C100770,soporte_remoto,call_center,tv,CANALES FALTANTES,,solucionado,2026-01-06 09:20:00,2026-01-06 12:45:00,8,2,
DQ100773,soporte_remoto,call_center,tv,CANALES LLUVIOSOS/PIXELADOS,,solucionado,2026-01-06 09:20:00,2026-01-06 11:30:00,5,1,
TC100032,sin_internet,call_center,internet,,,solucionado,2026-01-06 09:30:00,2026-01-06 10:45:00,26,0,
SR100771,soporte_remoto,call_center,internet,LENTITUD E INTERMITENCIA,,solucionado,2026-01-06 09:35:00,2026-01-06 13:05:00,14,2,
C100772,soporte_remoto,call_center,internet,LENTITUD E INTERMITENCIA,,solucionado,2026-01-06 09:40:00,2026-01-06 09:40:00,8,2,
DQ100610,soporte_remoto,whatsapp,tv,CANALES FALTANTES,,solucionado,2026-01-06 09:40:00,2026-01-06 15:45:00,0,2,
SR103192,cambio_plan,call_center,,,,solucionado,2026-01-06 09:45:00,2026-01-06 16:45:00,1,3,
CT100774,soporte_remoto,call_center,internet,LENTITUD E INTERMITENCIA,,solucionado,2026-01-06 10:15:00,2026-01-06 11:20:00,7,1,
TC100775,soporte_remoto,call_center,tv,PROGRAMACIÓN DE TV,,solucionado,2026-01-06 10:40:00,2026-01-06 10:40:00,7,1,
TC100776,soporte_remoto,whatsapp,internet,LENTITUD E INTERMITENCIA,,solucionado,2026-01-06 11:10:00,2026-01-06 12:25:00,26,0,
CH100777,soporte_remoto,call_center,tv,PROGRAMACIÓN DE TV,,solucionado,2026-01-06 11:25:00,2026-01-08 09:30:00,2,0,
DQ100778,soporte_remoto,whatsapp,internet,LENTITUD E INTERMITENCIA,,solucionado,2026-01-06 11:35:00,2026-01-07 10:25:00,0,1,
DQ100779,cambio_plan,call_center,,,,solucionado,2026-01-06 12:05:00,2026-01-06 16:50:00,0,3,
DQ100779,soporte_remoto,caja,internet,LENTITUD E INTERMITENCIA,,solucionado,2026-01-06 12:10:00,2026-01-06 15:00:00,0,0,
TC102298,cambio_plan,whatsapp,,,,solucionado,2026-01-06 12:10:00,2026-01-30 10:40:00,35,3,
VG100621,soporte_remoto,call_center,internet,LENTITUD E INTERMITENCIA,,solucionado,2026-01-06 13:10:00,2026-01-06 13:10:00,6,2,
DQ100780,soporte_remoto,call_center,internet,LENTITUD E INTERMITENCIA,,solucionado,2026-01-06 13:45:00,2026-01-07 12:00:00,23,0,
TC100033,sin_internet,whatsapp,internet,,,solucionado,2026-01-06 14:45:00,2026-01-07 08:20:00,26,0,
TCF100000,soporte_remoto,whatsapp,internet,LENTITUD E INTERMITENCIA,,solucionado,2026-01-06 15:20:00,2026-01-06 16:00:00,4,2,
C103193,cambio_plan,call_center,,,,solucionado,2026-01-06 15:20:00,2026-01-06 17:05:00,16,3,
C100781,soporte_remoto,call_center,internet,LENTITUD E INTERMITENCIA,,solucionado,2026-01-06 15:45:00,2026-01-06 16:15:00,8,1,
TCF100783,soporte_remoto,whatsapp,internet,LENTITUD E INTERMITENCIA,,cancelado,2026-01-06 15:45:00,2026-01-09 10:50:00,4,0,
DQ100021,sin_internet,whatsapp,internet,,BLOQUEO DE EQUIPO,solucionado,2026-01-06 15:55:00,2026-01-06 16:55:00,0,2,
SR100034,sin_internet,call_center,internet,,,solucionado,2026-01-06 16:20:00,2026-01-07 10:25:00,1,0,
SR100034,cambio_plan,call_center,,,,solucionado,2026-01-06 16:25:00,2026-01-06 17:20:00,1,3,
SR100782,soporte_remoto,whatsapp,internet,LENTITUD E INTERMITENCIA,,solucionado,2026-01-06 16:35:00,2026-01-06 16:35:00,1,2,
SR100784,soporte_remoto,call_center,internet,LENTITUD E INTERMITENCIA,,solucionado,2026-01-06 16:35:00,2026-01-06 17:15:00,1,1,
DQ100035,sin_internet,call_center,internet,,FALLA DE FIBRA,solucionado,2026-01-06 17:05:00,2026-01-06 17:05:00,5,0,
DQ100785,soporte_remoto,call_center,tv,SIN SEÑAL DE TV,,solucionado,2026-01-06 17:25:00,2026-01-07 11:30:00,4,4,
SG101685,cambio_plan,whatsapp,,,,solucionado,2026-01-06 17:45:00,2026-01-07 12:35:00,9,3,
SG101685,cambio_titular,call_center,,,,solucionado,2026-01-06 17:45:00,2026-01-09 17:30:00,9,2,
SG103194,cambio_plan,call_center,,,,solucionado,2026-01-06 18:00:00,2026-01-07 13:10:00,9,3,
SG103195,cambio_plan,whatsapp,,,,solucionado,2026-01-06 18:00:00,2026-01-19 17:30:00,9,3,
SG103196,cambio_plan,call_center,,,,solucionado,2026-01-06 18:00:00,2026-01-07 17:45:00,9,3,
SR100786,soporte_remoto,whatsapp,internet,LENTITUD E INTERMITENCIA,,solucionado,2026-01-06 18:50:00,2026-01-06 18:50:00,23,2,
VG100787,soporte_remoto,whatsapp,internet,LENTITUD E INTERMITENCIA,,solucionado,2026-01-07 09:15:00,2026-01-07 09:50:00,6,1,
DQ103948,cambio_titular,whatsapp,,,,solucionado,2026-01-07 09:40:00,2026-01-09 17:35:00,5,2,
TCF103208,cambio_plan,whatsapp,,,,solucionado,2026-01-07 10:30:00,2026-01-09 12:30:00,4,3,
SR100788,soporte_remoto,whatsapp,internet,PROBLEMAS CON TEST DE VELOCIDAD,,solucionado,2026-01-07 10:40:00,2026-01-07 11:00:00,1,4,1
VG100789,soporte_remoto,caja,internet,LENTITUD E INTERMITENCIA,,solucionado,2026-01-07 11:20:00,2026-01-07 11:35:00,6,0,
DQ100036,sin_internet,call_center,internet,,BLOQUEO DE EQUIPO,solucionado,2026-01-07 12:00:00,2026-01-08 15:15:00,5,0,
TC103197,cambio_plan,call_center,,,,solucionado,2026-01-07 12:25:00,2026-01-09 11:20:00,7,3,
C100790,soporte_remoto,call_center,internet,LENTITUD E INTERMITENCIA,,solucionado,2026-01-07 13:30:00,2026-01-07 15:15:00,13,0,
SG100791,soporte_remoto,caja,internet,LENTITUD E INTERMITENCIA,,solucionado,2026-01-07 14:00:00,2026-01-09 12:15:00,9,1,
SG100792,soporte_remoto,whatsapp,internet,LENTITUD E INTERMITENCIA,,solucionado,2026-01-07 14:00:00,2026-01-09 12:15:00,9,1,
DQ100794,soporte_remoto,call_center,internet_tv,LENTITUD E INTERMITENCIA,,cancelado,2026-01-07 14:00:00,2026-01-07 14:00:00,4,4,
DQ103198,cambio_plan,whatsapp,,,,solucionado,2026-01-07 14:15:00,2026-01-09 11:20:00,0,3,
TC103199,cambio_plan,whatsapp,,,,solucionado,2026-01-07 14:40:00,2026-01-09 11:30:00,26,3,
DQ100793,soporte_remoto,call_center,internet_tv,LENTITUD E INTERMITENCIA,,solucionado,2026-01-07 14:55:00,2026-01-08 10:30:00,23,1,
TC100795,soporte_remoto,whatsapp,internet,LENTITUD E INTERMITENCIA,,cancelado,2026-01-07 15:30:00,2026-01-13 09:30:00,10,0,
SG103206,cambio_titular,call_center,,,,solucionado,2026-01-07 15:30:00,2026-01-15 17:55:00,9,2,
VG103200,cambio_plan,whatsapp,,,,solucionado,2026-01-07 15:35:00,2026-01-09 11:45:00,6,3,
TC100796,soporte_remoto,call_center,internet,LENTITUD E INTERMITENCIA,,solucionado,2026-01-07 15:40:00,2026-01-09 11:20:00,10,0,
C103201,cambio_plan,call_center,,,,solucionado,2026-01-07 16:00:00,2026-01-19 17:35:00,15,3,
TC103202,cambio_plan,call_center,,,,solucionado,2026-01-07 16:35:00,2026-01-30 10:50:00,4,3,
DQ100797,soporte_remoto,caja,internet,LENTITUD E INTERMITENCIA,,solucionado,2026-01-07 16:45:00,2026-01-08 08:40:00,5,1,
DQ103203,cambio_plan,whatsapp,,,,solucionado,2026-01-07 17:15:00,2026-01-09 11:50:00,5,3,
C103204,cambio_plan,call_center,,,,solucionado,2026-01-07 17:30:00,2026-01-09 11:55:00,13,3,
SG103205,cambio_plan,whatsapp,,,,solucionado,2026-01-07 17:30:00,2026-01-19 17:40:00,9,3,
SG103206,cambio_plan,call_center,,,,solucionado,2026-01-07 17:30:00,2026-01-09 12:05:00,9,3,
TC100037,sin_internet,call_center,internet,,BLOQUEO DE EQUIPO,solucionado,2026-01-07 17:55:00,2026-01-08 08:30:00,26,0,
SG103207,cambio_plan,call_center,,,,solucionado,2026-01-07 18:00:00,2026-01-19 17:45:00,9,3,
SR100798,soporte_remoto,call_center,tv,FALLAS CON LA TV,,solucionado,2026-01-07 18:30:00,2026-01-13 10:30:00,5,1,
DQ100038,sin_internet,call_center,internet,,FALLA DE FIBRA,solucionado,2026-01-08 09:20:00,2026-01-08 09:45:00,5,0,
TC100799,soporte_remoto,call_center,tv,PROGRAMACIÓN DE TV,,solucionado,2026-01-08 09:30:00,2026-01-08 14:05:00,5,16,
DQ100039,sin_internet,call_center,internet,,FALLA DE FIBRA,cancelado,2026-01-08 09:45:00,2026-01-08 11:00:00,5,0,
TC100800,soporte_remoto,whatsapp,internet,LENTITUD E INTERMITENCIA,,solucionado,2026-01-08 10:00:00,2026-01-08 12:35:00,4,16,
SR100801,soporte_remoto,call_center,internet,LENTITUD E INTERMITENCIA,,solucionado,2026-01-08 10:00:00,2026-01-09 12:05:00,1,1,
CH100802,soporte_remoto,call_center,internet,ERROR EN INGRESO A PÁGINAS,,solucionado,2026-01-08 10:20:00,2026-01-09 11:50:00,2,0,
C100803,soporte_remoto,call_center,internet_tv,LENTITUD E INTERMITENCIA,,solucionado,2026-01-08 10:25:00,2026-01-08 11:10:00,13,1,
CH103209,cambio_plan,whatsapp,,,,solucionado,2026-01-08 10:50:00,2026-01-30 11:40:00,2,3,
CH103210,cambio_plan,whatsapp,,,,solucionado,2026-01-08 10:50:00,2026-01-30 11:50:00,2,3,
C103211,cambio_plan,whatsapp,,,,cancelado,2026-01-08 10:50:00,2026-01-30 11:55:00,13,3,
CH100804,soporte_remoto,whatsapp,internet,LENTITUD E INTERMITENCIA,,solucionado,2026-01-08 10:55:00,2026-01-08 11:35:00,2,16,
VG100621,cambio_plan,call_center,,,,solucionado,2026-01-08 11:00:00,2026-01-30 12:20:00,6,3,
DQ100040,sin_internet,whatsapp,internet,,FALLA DE FIBRA,solucionado,2026-01-08 11:05:00,2026-01-08 11:10:00,0,0,
DQ100805,soporte_remoto,call_center,internet,PROBLEMAS CON CÁMARAS/DVR,,solucionado,2026-01-08 11:55:00,2026-01-08 12:25:00,0,16,
TC100806,soporte_remoto,whatsapp,internet,ERROR EN INGRESO A PÁGINAS,,solucionado,2026-01-08 13:00:00,2026-01-08 14:40:00,21,16,
TCF100041,sin_internet,whatsapp,internet,,BLOQUEO DE EQUIPO,solucionado,2026-01-08 13:05:00,2026-01-08 15:10:00,4,0,
CH100597,soporte_remoto,call_center,internet,LENTITUD E INTERMITENCIA,,solucionado,2026-01-08 13:20:00,2026-01-08 16:00:00,2,1,
CH100807,soporte_remoto,call_center,internet_tv,LENTITUD E INTERMITENCIA,,solucionado,2026-01-08 13:20:00,2026-01-08 16:20:00,2,1,
C100808,soporte_remoto,call_center,internet,LENTITUD E INTERMITENCIA,,solucionado,2026-01-08 13:55:00,2026-01-08 16:15:00,10,16,
CH100809,soporte_remoto,call_center,internet,LENTITUD E INTERMITENCIA,,cancelado,2026-01-08 14:00:00,2026-01-08 14:00:00,2,16,
TC100727,cambio_plan,whatsapp,,,,solucionado,2026-01-08 14:10:00,2026-01-09 17:10:00,5,3,
TC100042,sin_internet,call_center,internet,,FALLA DE FIBRA,solucionado,2026-01-08 14:25:00,2026-01-08 15:35:00,26,0,
SG103213,cambio_plan,whatsapp,,,,solucionado,2026-01-08 16:00:00,2026-01-09 17:40:00,9,3,
SG103213,cambio_titular,call_center,,,,solucionado,2026-01-08 16:00:00,2026-01-09 17:55:00,9,2,
DQ100728,cambio_plan,call_center,,,,solucionado,2026-01-08 16:10:00,2026-01-09 12:40:00,5,3,
C103212,cambio_plan,call_center,,,,solucionado,2026-01-08 16:15:00,2026-01-09 17:35:00,8,3,
C103214,cambio_plan,call_center,,,,solucionado,2026-01-08 16:30:00,2026-01-09 17:45:00,8,3,
CH100216,soporte_remoto,call_center,internet,LENTITUD E INTERMITENCIA,,solucionado,2026-01-08 16:45:00,2026-01-08 17:45:00,2,16,
SR100043,sin_internet,whatsapp,internet,,FALLA DE FIBRA,solucionado,2026-01-08 16:55:00,2026-01-08 17:05:00,1,0,
SG100810,soporte_remoto,call_center,internet,LENTITUD E INTERMITENCIA,,solucionado,2026-01-08 17:00:00,2026-01-09 08:30:00,9,1,
C103215,cambio_plan,call_center,,,,solucionado,2026-01-09 08:10:00,2026-01-10 14:10:00,34,3,
DQ100811,soporte_remoto,whatsapp,internet,ERROR EN INGRESO A PÁGINAS,,solucionado,2026-01-09 08:25:00,2026-01-09 10:45:00,0,2,
TC100812,soporte_remoto,whatsapp,internet_tv,LENTITUD E INTERMITENCIA,,solucionado,2026-01-09 08:35:00,2026-01-09 11:05:00,26,2,
DQ100044,sin_internet,call_center,internet,,BLOQUEO DE EQUIPO,solucionado,2026-01-09 08:45:00,2026-01-09 09:55:00,0,0,
C103221,cambio_plan,call_center,,,,solucionado,2026-01-09 09:00:00,2026-01-13 09:30:00,13,3,
CH100045,sin_internet,whatsapp,internet,,,solucionado,2026-01-09 09:05:00,2026-01-09 10:35:00,2,0,
TC100813,soporte_remoto,call_center,tv,CANALES LLUVIOSOS/PIXELADOS,,solucionado,2026-01-09 09:05:00,2026-01-13 09:30:00,26,0,
SR100814,soporte_remoto,call_center,internet,LENTITUD E INTERMITENCIA,,solucionado,2026-01-09 09:15:00,2026-01-09 09:15:00,11,2,
SG100815,soporte_remoto,call_center,internet,LENTITUD E INTERMITENCIA,,solucionado,2026-01-09 09:45:00,2026-01-13 09:55:00,9,0,
CH100111,soporte_remoto,call_center,internet_tv,LENTITUD E INTERMITENCIA,,solucionado,2026-01-09 09:45:00,2026-01-09 10:25:00,2,1,
TC100816,soporte_remoto,caja,internet_tv,LENTITUD E INTERMITENCIA,,solucionado,2026-01-09 10:05:00,2026-01-09 10:15:00,10,7,
SG100817,soporte_remoto,call_center,internet,LENTITUD E INTERMITENCIA,,solucionado,2026-01-09 10:15:00,2026-01-09 10:15:00,9,2,
CH100818,soporte_remoto,whatsapp,internet_tv,LENTITUD E INTERMITENCIA,,solucionado,2026-01-09 10:15:00,2026-01-09 12:55:00,2,1,
C103216,cambio_plan,call_center,,,,solucionado,2026-01-09 10:15:00,2026-01-30 12:55:00,13,3,
DQ100046,sin_internet,call_center,internet,,FALLA DE FIBRA,solucionado,2026-01-09 10:30:00,2026-01-09 10:40:00,5,0,
SR100819,soporte_remoto,call_center,internet,LENTITUD E INTERMITENCIA,,solucionado,2026-01-09 10:35:00,2026-01-09 10:35:00,14,2,
C103217,cambio_plan,caja,,,,solucionado,2026-01-09 10:45:00,2026-01-10 14:15:00,15,3,
CH100820,soporte_remoto,caja,tv,SIN SEÑAL DE TV,,solucionado,2026-01-09 11:15:00,2026-01-09 11:15:00,2,0,
DQ100047,sin_internet,call_center,internet,,BLOQUEO DE EQUIPO,solucionado,2026-01-09 11:35:00,2026-01-09 15:05:00,0,0,
SG103218,cambio_plan,call_center,,,,solucionado,2026-01-09 12:00:00,2026-01-10 14:20:00,9,3,
TC103219,cambio_plan,whatsapp,,,,solucionado,2026-01-09 12:55:00,2026-01-10 16:35:00,7,3,
DQ103220,cambio_plan,call_center,,,,solucionado,2026-01-09 13:50:00,2026-01-10 16:35:00,5,3,
DQ103220,cambio_titular,call_center,,,,solucionado,2026-01-09 13:50:00,2026-01-13 09:50:00,5,2,
CH100821,soporte_remoto,caja,internet,LENTITUD E INTERMITENCIA,,solucionado,2026-01-09 14:40:00,2026-01-09 14:40:00,2,1,
CH100048,sin_internet,call_center,internet,,WIFI RESETEADO,solucionado,2026-01-09 15:50:00,2026-01-09 16:35:00,2,0,
TC103222,cambio_plan,call_center,,,,solucionado,2026-01-09 16:25:00,2026-01-14 10:40:00,7,3,
TC100822,soporte_remoto,call_center,internet,LENTITUD E INTERMITENCIA,,solucionado,2026-01-09 16:45:00,2026-01-09 17:30:00,10,1,
SR102230,cambio_plan,whatsapp,,,,solucionado,2026-01-09 17:20:00,2026-01-14 10:40:00,1,3,
DQ100077,cambio_plan,call_center,,,,solucionado,2026-01-09 17:40:00,2026-01-19 18:00:00,17,3,
CH100823,soporte_remoto,whatsapp,internet,STREAMING CON FALLAS,,solucionado,2026-01-12 12:55:00,2026-01-12 12:55:00,27,4,1
VG100824,soporte_remoto,whatsapp,internet,ERROR EN INGRESO A PÁGINAS,,solucionado,2026-01-12 16:40:00,2026-01-13 08:15:00,27,2,
C103223,cambio_plan,whatsapp,,,,solucionado,2026-01-13 08:30:00,2026-01-15 18:00:00,8,3,
VG100825,soporte_remoto,whatsapp,internet,PROBLEMAS CON CÁMARAS/DVR,,solucionado,2026-01-13 08:55:00,2026-01-13 10:20:00,6,0,
SR100049,sin_internet,whatsapp,internet,,,solucionado,2026-01-13 09:30:00,2026-01-13 09:45:00,1,0,
SR100050,sin_internet,call_center,internet,,,solucionado,2026-01-13 10:15:00,2026-01-14 09:35:00,1,0,
TC100019,sin_internet,caja,internet,,,cancelado,2026-01-13 10:35:00,2026-01-13 12:20:00,26,0,
CH100826,soporte_remoto,whatsapp,internet_tv,LENTITUD E INTERMITENCIA,,solucionado,2026-01-13 10:40:00,2026-01-14 08:40:00,2,1,
C100827,soporte_remoto,whatsapp,internet_tv,FALLAS CON LA TV,,solucionado,2026-01-13 10:55:00,,13,0,
TC100828,soporte_remoto,call_center,internet,LENTITUD E INTERMITENCIA,,solucionado,2026-01-13 10:55:00,2026-01-13 13:10:00,10,2,
DQ100829,soporte_remoto,caja,internet,LENTITUD E INTERMITENCIA,,solucionado,2026-01-13 11:00:00,2026-01-13 15:45:00,5,1,
TC100830,soporte_remoto,call_center,internet_tv,LENTITUD E INTERMITENCIA,,cancelado,2026-01-13 11:05:00,2026-01-15 08:10:00,10,0,
C100051,sin_internet,whatsapp,internet,,BLOQUEO DE EQUIPO,solucionado,2026-01-13 11:20:00,2026-01-13 11:40:00,15,0,
TC103225,cambio_plan,whatsapp,,,,solucionado,2026-01-13 11:20:00,2026-01-15 17:45:00,17,3,
TC103225,cambio_titular,call_center,,,,solucionado,2026-01-13 11:20:00,2026-01-16 15:05:00,17,2,
DQ100831,soporte_remoto,call_center,internet_tv,LENTITUD E INTERMITENCIA,,solucionado,2026-01-13 11:30:00,2026-01-13 16:00:00,0,2,
TC100833,soporte_remoto,whatsapp,tv,CANALES LLUVIOSOS/PIXELADOS,,solucionado,2026-01-13 11:30:00,2026-01-13 12:30:00,26,0,
CH100834,soporte_remoto,whatsapp,tv,CANALES LLUVIOSOS/PIXELADOS,,solucionado,2026-01-13 11:30:00,2026-01-13 11:30:00,,2,
VG103224,cambio_plan,caja,,,,solucionado,2026-01-13 11:30:00,2026-01-15 17:55:00,6,3,
SR100832,soporte_remoto,call_center,tv,SIN SEÑAL DE TV,,solucionado,2026-01-13 11:35:00,2026-01-14 09:40:00,1,1,
TC102566,cambio_titular,call_center,,,,solucionado,2026-01-13 11:40:00,2026-01-15 18:00:00,26,2,
SR100835,soporte_remoto,call_center,tv,SIN SEÑAL DE TV,,solucionado,2026-01-13 11:45:00,2026-01-14 09:50:00,1,1,
CH100836,soporte_remoto,whatsapp,internet_tv,LENTITUD E INTERMITENCIA,,solucionado,2026-01-13 11:55:00,2026-01-14 09:05:00,2,0,
DQ100837,soporte_remoto,whatsapp,internet,PROBLEMAS CON CÁMARAS/DVR,,solucionado,2026-01-13 12:10:00,2026-01-13 16:20:00,5,2,
SR100838,soporte_remoto,caja,tv,FALLAS CON LA TV,,solucionado,2026-01-13 13:50:00,2026-01-14 10:30:00,14,1,
C103949,cambio_titular,call_center,,,,solucionado,2026-01-13 14:00:00,2026-01-16 15:15:00,15,2,
CH100839,soporte_remoto,call_center,internet_tv,LENTITUD E INTERMITENCIA,,solucionado,2026-01-13 14:10:00,2026-01-14 09:10:00,2,0,
SR100840,soporte_remoto,call_center,tv,SIN SEÑAL DE TV,,solucionado,2026-01-13 14:10:00,2026-01-13 14:10:00,1,2,
SR100841,soporte_remoto,whatsapp,internet,LENTITUD E INTERMITENCIA,,solucionado,2026-01-13 14:10:00,2026-01-14 15:30:00,1,1,
TC100052,sin_internet,call_center,internet,,BLOQUEO DE EQUIPO,solucionado,2026-01-13 14:20:00,2026-01-14 09:40:00,10,0,
SR100842,soporte_remoto,caja,tv,SIN SEÑAL DE TV,,solucionado,2026-01-13 14:20:00,2026-01-14 09:15:00,1,0,
VG100843,soporte_remoto,whatsapp,internet,LENTITUD E INTERMITENCIA,,solucionado,2026-01-13 14:25:00,2026-01-13 18:00:00,6,2,
DQ103950,cambio_titular,call_center,,,,solucionado,2026-01-13 14:25:00,2026-01-22 08:25:00,5,2,
TC103226,cambio_plan,call_center,,,,solucionado,2026-01-13 14:30:00,2026-01-15 16:50:00,26,3,
CH100844,soporte_remoto,call_center,internet_tv,LENTITUD E INTERMITENCIA,,solucionado,2026-01-13 15:00:00,2026-01-14 09:10:00,2,1,
CH100053,sin_internet,whatsapp,internet,,,solucionado,2026-01-13 15:10:00,2026-01-14 09:45:00,2,0,
CH100845,soporte_remoto,call_center,internet,LENTITUD E INTERMITENCIA,,solucionado,2026-01-13 15:20:00,2026-01-14 09:25:00,2,0,
TC100846,soporte_remoto,call_center,internet,LENTITUD E INTERMITENCIA,,solucionado,2026-01-13 15:45:00,2026-01-14 17:15:00,10,2,
CH100847,soporte_remoto,call_center,internet,LENTITUD E INTERMITENCIA,,solucionado,2026-01-13 15:55:00,2026-01-14 09:15:00,2,1,
CH100848,soporte_remoto,call_center,internet,LENTITUD E INTERMITENCIA,,solucionado,2026-01-13 16:00:00,2026-01-13 16:00:00,2,2,
DQ100054,sin_internet,whatsapp,internet,,,solucionado,2026-01-13 16:20:00,,5,0,
CH100055,sin_internet,call_center,internet,,,solucionado,2026-01-13 16:40:00,2026-01-14 09:50:00,2,0,
CH100849,soporte_remoto,call_center,internet_tv,SIN SEÑAL DE TV,,solucionado,2026-01-13 16:50:00,2026-01-15 08:30:00,1,0,
SG100914,cambio_plan,whatsapp,,,,solucionado,2026-01-13 17:20:00,2026-01-15 15:45:00,9,3,
SG100850,soporte_remoto,caja,internet,LENTITUD E INTERMITENCIA,,solucionado,2026-01-14 08:10:00,2026-01-14 08:15:00,9,1,
TC100864,soporte_remoto,call_center,internet,LENTITUD E INTERMITENCIA,,solucionado,2026-01-14 08:30:00,2026-01-15 16:15:00,26,1,
DQ100851,soporte_remoto,whatsapp,internet,LENTITUD E INTERMITENCIA,,solucionado,2026-01-14 08:40:00,2026-01-14 09:35:00,20,2,
C100056,sin_internet,call_center,internet,,EQUIPO NO ENGANCHA,solucionado,2026-01-14 09:30:00,2026-01-14 10:10:00,13,0,
VG100852,soporte_remoto,call_center,internet,LENTITUD E INTERMITENCIA,,solucionado,2026-01-14 09:35:00,2026-01-14 10:30:00,6,0,
DQ100853,soporte_remoto,call_center,internet,LENTITUD E INTERMITENCIA,,solucionado,2026-01-14 09:35:00,2026-01-14 09:45:00,11,2,
CH100854,soporte_remoto,whatsapp,internet_tv,CANALES INTERMITENTES,,solucionado,2026-01-14 09:55:00,2026-01-14 09:55:00,2,1,
SR100057,sin_internet,call_center,internet,,,solucionado,2026-01-14 10:00:00,2026-01-14 10:20:00,1,0,
C100855,soporte_remoto,call_center,internet,LENTITUD E INTERMITENCIA,,solucionado,2026-01-14 10:45:00,2026-01-14 10:45:00,8,1,
C100856,soporte_remoto,call_center,internet,LENTITUD E INTERMITENCIA,,solucionado,2026-01-14 10:45:00,2026-01-15 08:55:00,8,1,
CH100857,soporte_remoto,call_center,tv,CANALES INTERMITENTES,,solucionado,2026-01-14 11:15:00,2026-01-14 11:45:00,2,0,
C103227,cambio_plan,call_center,,,,solucionado,2026-01-14 11:15:00,2026-01-16 15:30:00,15,3,
TC100858,soporte_remoto,call_center,internet,STREAMING CON FALLAS,,solucionado,2026-01-14 11:55:00,,19,4,1
TC100859,soporte_remoto,whatsapp,internet_tv,LENTITUD E INTERMITENCIA,,solucionado,2026-01-14 13:15:00,2026-01-14 16:10:00,16,1,
C100058,sin_internet,call_center,internet,,FALLA DE FIBRA,solucionado,2026-01-14 13:25:00,2026-01-14 15:40:00,16,0,
CH100111,soporte_remoto,whatsapp,internet_tv,LENTITUD E INTERMITENCIA,,solucionado,2026-01-14 13:35:00,2026-01-14 15:50:00,2,0,
C103221,cambio_plan,call_center,,,,solucionado,2026-01-14 14:15:00,2026-02-02 10:05:00,13,3,
TC100860,soporte_remoto,caja,internet,LENTITUD E INTERMITENCIA,,solucionado,2026-01-14 15:05:00,2026-01-14 16:00:00,26,1,
TC103228,cambio_plan,call_center,,,,solucionado,2026-01-14 15:10:00,2026-01-16 16:10:00,26,3,
TC103951,cambio_titular,call_center,,,,solucionado,2026-01-14 15:20:00,2026-01-27 11:50:00,5,2,
DQ103229,cambio_plan,whatsapp,,,,solucionado,2026-01-14 15:25:00,2026-02-02 10:10:00,0,3,
SG100861,soporte_remoto,whatsapp,internet,LENTITUD E INTERMITENCIA,,solucionado,2026-01-14 15:40:00,2026-01-15 08:50:00,9,0,
SR100206,cambio_titular,call_center,,,,solucionado,2026-01-14 15:45:00,2026-01-16 15:30:00,1,2,
C102415,cambio_plan,call_center,,,,solucionado,2026-01-14 15:50:00,2026-02-02 11:10:00,13,3,
SG103230,cambio_plan,call_center,,,,solucionado,2026-01-14 16:05:00,2026-01-27 10:35:00,9,3,
SR100059,sin_internet,call_center,internet,,FALLA DE FIBRA,solucionado,2026-01-14 16:30:00,2026-01-16 09:55:00,1,0,
TC103231,cambio_plan,caja,,,,solucionado,2026-01-14 16:35:00,2026-01-16 17:45:00,21,3,
C103232,cambio_plan,call_center,,,,solucionado,2026-01-14 16:35:00,2026-02-02 11:30:00,13,3,
SG100862,soporte_remoto,whatsapp,internet,LENTITUD E INTERMITENCIA,,solucionado,2026-01-14 16:40:00,2026-01-14 16:55:00,9,7,
TCF103233,cambio_plan,whatsapp,,,,solucionado,2026-01-14 16:40:00,2026-01-19 09:55:00,17,3,
SG100863,soporte_remoto,whatsapp,internet,LENTITUD E INTERMITENCIA,,solucionado,2026-01-14 17:00:00,2026-01-15 08:55:00,9,0,
TC100813,soporte_remoto,call_center,tv,LENTITUD E INTERMITENCIA,,solucionado,2026-01-14 17:25:00,2026-01-15 10:00:00,24,0,
DQ103234,cambio_plan,whatsapp,,,,solucionado,2026-01-14 18:00:00,2026-02-02 11:50:00,0,3,
DQ103235,cambio_plan,whatsapp,,,,solucionado,2026-01-14 18:00:00,2026-01-19 10:05:00,5,3,
DQ103236,cambio_plan,whatsapp,,,,solucionado,2026-01-15 08:30:00,2026-02-02 11:50:00,5,3,
DQ100060,sin_internet,call_center,internet,,BLOQUEO DE EQUIPO,solucionado,2026-01-15 09:05:00,,5,0,
DQ100061,sin_internet,call_center,internet,,,solucionado,2026-01-15 09:55:00,2026-01-15 10:35:00,5,0,
C103952,cambio_titular,whatsapp,,,,solucionado,2026-01-15 10:35:00,2026-01-16 15:40:00,8,2,
SG103237,cambio_plan,whatsapp,,,,solucionado,2026-01-15 10:50:00,2026-01-19 10:50:00,9,3,
TCF100865,soporte_remoto,call_center,tv,SIN SEÑAL DE TV,,solucionado,2026-01-15 11:40:00,2026-01-17 08:50:00,10,1,
DQ103238,cambio_plan,call_center,,,,solucionado,2026-01-15 11:45:00,2026-01-19 11:00:00,0,3,
CH100866,soporte_remoto,call_center,internet_tv,CANALES INTERMITENTES,,solucionado,2026-01-15 11:55:00,2026-01-16 10:15:00,2,0,
DQ103238,cambio_plan,whatsapp,,,,solucionado,2026-01-15 12:15:00,2026-01-19 11:20:00,24,3,
CH100823,soporte_remoto,call_center,internet,PROBLEMAS CON TEST DE VELOCIDAD,,solucionado,2026-01-15 12:35:00,2026-01-15 15:45:00,19,1,1
TC100867,soporte_remoto,whatsapp,internet,LENTITUD E INTERMITENCIA,,solucionado,2026-01-15 13:45:00,2026-01-15 16:20:00,16,1,
VG100062,sin_internet,whatsapp,internet,,BLOQUEO DE EQUIPO,solucionado,2026-01-15 14:10:00,2026-01-15 15:20:00,6,0,
VG100063,sin_internet,call_center,internet,,BLOQUEO DE EQUIPO,solucionado,2026-01-15 14:10:00,2026-01-15 15:35:00,6,0,
CH100868,soporte_remoto,whatsapp,internet_tv,CANALES INTERMITENTES,,solucionado,2026-01-15 14:55:00,2026-01-16 10:30:00,2,0,
C102415,cambio_titular,whatsapp,,,,solucionado,2026-01-15 15:40:00,2026-01-16 16:05:00,13,2,
DQ100869,soporte_remoto,call_center,internet_tv,CANALES INTERMITENTES,,solucionado,2026-01-15 16:00:00,2026-01-15 16:40:00,17,0,
DQ100870,soporte_remoto,call_center,internet_tv,LENTITUD E INTERMITENCIA,,solucionado,2026-01-15 16:20:00,2026-01-15 17:05:00,0,0,
C103239,cambio_plan,caja,,,,solucionado,2026-01-15 16:30:00,2026-02-02 11:55:00,8,3,
CH100235,soporte_remoto,call_center,tv,CANALES INTERMITENTES,,solucionado,2026-01-15 17:00:00,2026-01-16 12:40:00,2,1,
SG101659,cambio_plan,caja,,,,solucionado,2026-01-15 17:00:00,2026-01-19 11:30:00,9,3,
SG103240,cambio_plan,call_center,,,,solucionado,2026-01-15 17:00:00,2026-01-19 14:05:00,9,3,
SG103241,cambio_plan,call_center,,,,solucionado,2026-01-15 17:00:00,2026-01-19 14:35:00,9,3,
DQ100871,soporte_remoto,call_center,internet,LENTITUD E INTERMITENCIA,,cancelado,2026-01-15 17:15:00,2026-01-16 10:20:00,0,1,
DQ100008,sin_internet,call_center,internet,,VLAN DUPLICADA,solucionado,2026-01-15 17:20:00,2026-01-15 17:20:00,0,0,
SR100498,soporte_remoto,whatsapp,internet,LENTITUD E INTERMITENCIA,,solucionado,2026-01-15 17:20:00,2026-01-16 08:50:00,1,0,
TC100004,soporte_remoto,call_center,internet,LENTITUD E INTERMITENCIA,,solucionado,2026-01-15 17:30:00,2026-01-16 09:35:00,26,0,
SR103242,cambio_plan,call_center,,,,solucionado,2026-01-15 17:55:00,2026-02-02 12:00:00,24,3,
TC103243,cambio_plan,call_center,,,,solucionado,2026-01-16 08:25:00,2026-02-02 12:15:00,10,3,
DQ100064,sin_internet,call_center,internet,,FALLA DE FIBRA,solucionado,2026-01-16 09:05:00,2026-01-16 12:15:00,5,0,
TCF100065,sin_internet,call_center,internet,,WIFI DESACTIVADO,solucionado,2026-01-16 09:30:00,2026-01-16 09:55:00,17,0,
TC103953,cambio_titular,whatsapp,,,,solucionado,2026-01-16 09:30:00,2026-01-16 16:20:00,7,2,
VG100872,soporte_remoto,whatsapp,internet,LENTITUD E INTERMITENCIA,,solucionado,2026-01-16 10:15:00,2026-01-16 10:55:00,6,0,
CH100083,soporte_remoto,whatsapp,internet_tv,LENTITUD E INTERMITENCIA,,solucionado,2026-01-16 11:00:00,2026-01-17 16:40:00,2,0,
SG103244,cambio_plan,call_center,,,,solucionado,2026-01-16 11:00:00,2026-01-19 14:45:00,9,3,
TC100066,sin_internet,call_center,internet,,FALLA DE FIBRA,solucionado,2026-01-16 11:45:00,2026-01-16 12:25:00,10,0,
DQ100873,soporte_remoto,whatsapp,tv,PROGRAMACIÓN DE TV,,solucionado,2026-01-16 11:50:00,2026-01-17 11:45:00,5,1,
DQ103248,cambio_plan,call_center,,,,solucionado,2026-01-16 12:10:00,2026-01-19 16:30:00,0,3,
TCF100067,sin_internet,call_center,internet,,BLOQUEO DE EQUIPO,solucionado,2026-01-16 12:40:00,2026-01-16 15:40:00,17,0,
TC103245,cambio_plan,call_center,,,,solucionado,2026-01-16 13:50:00,2026-02-02 12:20:00,24,3,
SG103246,cambio_plan,call_center,,,,solucionado,2026-01-16 13:50:00,2026-01-19 16:20:00,9,3,
TC103247,cambio_plan,whatsapp,,,,solucionado,2026-01-16 14:00:00,2026-01-27 12:50:00,24,3,
DQ100068,sin_internet,call_center,internet,,FALLA DE FIBRA,solucionado,2026-01-16 14:05:00,2026-01-16 15:45:00,0,0,
TC100874,soporte_remoto,call_center,internet,LENTITUD E INTERMITENCIA,,cancelado,2026-01-16 14:10:00,2026-01-20 08:55:00,24,0,
SR100875,soporte_remoto,call_center,internet,ERROR EN INGRESO A PÁGINAS,,solucionado,2026-01-16 14:40:00,2026-01-16 15:25:00,14,0,
C100069,sin_internet,whatsapp,internet,,WIFI DESACTIVADO,solucionado,2026-01-16 15:25:00,2026-01-19 09:40:00,8,0,
SR100876,soporte_remoto,call_center,internet_tv,CANALES LLUVIOSOS/PIXELADOS,,solucionado,2026-01-16 15:45:00,2026-01-16 16:35:00,1,1,
SR100877,soporte_remoto,call_center,internet,LENTITUD E INTERMITENCIA,,solucionado,2026-01-16 15:55:00,2026-01-16 16:55:00,1,0,
DQ100878,soporte_remoto,call_center,internet,LENTITUD E INTERMITENCIA,,solucionado,2026-01-16 16:25:00,2026-01-16 16:25:00,0,1,
TC100879,soporte_remoto,call_center,internet,LENTITUD E INTERMITENCIA,,solucionado,2026-01-16 16:25:00,2026-01-16 16:50:00,10,1,
DQ100070,sin_internet,whatsapp,internet,,FALLA DE FIBRA,solucionado,2026-01-16 16:40:00,2026-01-16 17:00:00,0,0,
CH100071,sin_internet,caja,internet,,FALLA MASIVA,solucionado,2026-01-16 17:00:00,2026-01-23 08:35:00,2,0,
TC100880,soporte_remoto,whatsapp,internet,LENTITUD E INTERMITENCIA,,solucionado,2026-01-16 17:10:00,2026-01-17 13:35:00,26,2,
TC103249,cambio_plan,caja,,,,solucionado,2026-01-16 17:25:00,2026-01-19 16:40:00,16,3,
C103954,cambio_titular,whatsapp,,,,solucionado,2026-01-16 17:25:00,2026-01-16 18:35:00,8,2,
SR100881,soporte_remoto,whatsapp,tv,FALLAS CON LA TV,,solucionado,2026-01-16 17:40:00,2026-01-17 12:00:00,1,1,
DQ103250,cambio_plan,whatsapp,,,,solucionado,2026-01-16 17:55:00,2026-01-19 16:45:00,16,3,
TC100882,soporte_remoto,call_center,internet,LENTITUD E INTERMITENCIA,,solucionado,2026-01-16 18:30:00,2026-01-17 13:35:00,23,2,
TC100072,sin_internet,call_center,internet,,FALLA DE FIBRA,solucionado,2026-01-19 08:30:00,2026-01-19 08:35:00,24,0,
VG100872,cambio_plan,call_center,,,,solucionado,2026-01-19 08:30:00,2026-01-19 11:15:00,6,3,
CH100073,sin_internet,whatsapp,internet,,WIFI DESACTIVADO,solucionado,2026-01-19 08:40:00,2026-01-20 16:45:00,2,0,
DQ100883,soporte_remoto,whatsapp,internet_tv,LENTITUD E INTERMITENCIA,,solucionado,2026-01-19 09:25:00,2026-01-19 16:00:00,19,1,
DQ103955,cambio_titular,caja,,,,solucionado,2026-01-19 09:30:00,2026-01-19 12:55:00,5,2,
C100074,sin_internet,whatsapp,internet,,EQUIPO NO ENGANCHA,solucionado,2026-01-19 09:45:00,2026-01-19 10:30:00,15,0,
SR100075,sin_internet,call_center,internet,,WIFI RESETEADO,solucionado,2026-01-19 09:55:00,2026-01-19 10:40:00,1,0,
C103092,cambio_plan,whatsapp,,,,solucionado,2026-01-19 10:10:00,2026-01-19 10:40:00,8,3,
C100884,soporte_remoto,call_center,internet,LENTITUD E INTERMITENCIA,,cancelado,2026-01-19 10:35:00,2026-01-20 09:00:00,8,0,
SR100076,sin_internet,call_center,internet,,BLOQUEO DE EQUIPO,solucionado,2026-01-19 10:40:00,2026-01-19 11:55:00,1,0,
SG103251,cambio_plan,whatsapp,,,,solucionado,2026-01-19 11:00:00,2026-01-19 17:05:00,9,3,
DQ100077,sin_internet,call_center,internet,,BLOQUEO DE EQUIPO,solucionado,2026-01-19 11:10:00,2026-01-19 11:40:00,0,0,
CH100216,soporte_remoto,call_center,internet,LENTITUD E INTERMITENCIA,,solucionado,2026-01-19 11:15:00,2026-01-23 09:50:00,2,0,
VG100078,sin_internet,whatsapp,internet,,BLOQUEO DE EQUIPO,solucionado,2026-01-19 11:25:00,2026-01-19 12:20:00,6,0,
DQ100885,soporte_remoto,whatsapp,internet,LENTITUD E INTERMITENCIA,,solucionado,2026-01-19 11:25:00,2026-01-19 11:25:00,5,2,
TC100886,soporte_remoto,whatsapp,internet,LENTITUD E INTERMITENCIA,,solucionado,2026-01-19 11:45:00,2026-01-19 11:45:00,26,2,
CH100083,soporte_remoto,call_center,internet,LENTITUD E INTERMITENCIA,,solucionado,2026-01-19 11:45:00,2026-01-23 10:25:00,2,0,
CH100887,soporte_remoto,whatsapp,internet,PROBLEMAS CON TEST DE VELOCIDAD,,solucionado,2026-01-19 13:15:00,2026-01-19 15:30:00,19,1,
DQ100888,soporte_remoto,whatsapp,tv,CANALES LLUVIOSOS/PIXELADOS,,solucionado,2026-01-19 14:10:00,2026-01-19 14:10:00,0,2,
C103956,cambio_titular,whatsapp,,,,solucionado,2026-01-19 14:30:00,2026-01-22 08:40:00,8,2,
SR100889,soporte_remoto,call_center,internet,LENTITUD E INTERMITENCIA,,solucionado,2026-01-19 15:05:00,2026-01-19 16:40:00,14,1,
TC100890,soporte_remoto,call_center,internet,LENTITUD E INTERMITENCIA,,solucionado,2026-01-19 15:25:00,2026-01-19 15:25:00,10,2,
CH100891,soporte_remoto,caja,tv,PROGRAMACIÓN DE TV,,solucionado,2026-01-19 15:30:00,2026-01-19 15:30:00,2,1,
SG100109,soporte_remoto,whatsapp,internet,LENTITUD E INTERMITENCIA,,solucionado,2026-01-19 16:05:00,2026-01-19 16:10:00,11,2,
TC100882,soporte_remoto,call_center,internet,LENTITUD E INTERMITENCIA,,solucionado,2026-01-19 16:05:00,2026-01-22 08:35:00,23,0,
TC100892,soporte_remoto,whatsapp,internet_tv,LENTITUD E INTERMITENCIA,,solucionado,2026-01-19 16:05:00,2026-01-22 08:40:00,10,0,
TC103252,cambio_plan,call_center,,,,solucionado,2026-01-19 16:05:00,2026-01-19 17:10:00,16,3,
DQ100079,sin_internet,call_center,internet,,WIFI DESACTIVADO,solucionado,2026-01-19 17:00:00,2026-01-19 17:20:00,5,0,
CH100652,soporte_remoto,call_center,internet_tv,LENTITUD E INTERMITENCIA,,solucionado,2026-01-19 17:20:00,2026-01-20 15:35:00,2,1,
C100893,soporte_remoto,whatsapp,internet,LENTITUD E INTERMITENCIA,,solucionado,2026-01-19 17:45:00,2026-01-19 17:45:00,11,2,
TC100894,soporte_remoto,call_center,internet,LENTITUD E INTERMITENCIA,,solucionado,2026-01-19 18:25:00,2026-01-20 08:45:00,27,1,
SR100895,soporte_remoto,call_center,internet,LENTITUD E INTERMITENCIA,,solucionado,2026-01-20 08:05:00,2026-01-20 15:50:00,14,1,
TC100080,sin_internet,call_center,internet,,FALLA DE FIBRA,solucionado,2026-01-20 08:55:00,2026-01-20 11:00:00,10,0,
SR101176,cambio_plan,whatsapp,,,,solucionado,2026-01-20 08:55:00,2026-02-16 12:10:00,1,3,
SG100896,soporte_remoto,call_center,internet,LENTITUD E INTERMITENCIA,,solucionado,2026-01-20 09:00:00,2026-01-20 11:00:00,9,2,
TC100897,soporte_remoto,whatsapp,internet,LENTITUD E INTERMITENCIA,,solucionado,2026-01-20 09:00:00,2026-01-20 11:15:00,0,2,
TCF100898,soporte_remoto,whatsapp,internet,ERROR EN INGRESO A PÁGINAS,,solucionado,2026-01-20 09:10:00,2026-01-20 09:40:00,17,1,
SG103253,cambio_plan,whatsapp,,,,solucionado,2026-01-20 09:35:00,2026-01-20 13:00:00,9,3,
C100081,sin_internet,call_center,internet,,BLOQUEO DE EQUIPO,solucionado,2026-01-20 09:40:00,2026-01-20 12:00:00,13,0,
CH100899,soporte_remoto,whatsapp,internet,LENTITUD E INTERMITENCIA,,solucionado,2026-01-20 10:55:00,2026-01-21 08:40:00,2,1,
C103957,cambio_titular,call_center,,,,solucionado,2026-01-20 10:55:00,2026-01-27 11:55:00,15,2,
CH100900,soporte_remoto,call_center,internet_tv,LENTITUD E INTERMITENCIA,,solucionado,2026-01-20 11:15:00,2026-01-23 10:30:00,2,0,
TC103254,cambio_plan,call_center,,,,solucionado,2026-01-20 11:20:00,2026-02-02 12:25:00,7,3,
DQ100901,soporte_remoto,call_center,tv,CANALES LLUVIOSOS/PIXELADOS,,solucionado,2026-01-20 11:30:00,2026-01-23 10:40:00,0,0,
DQ100779,soporte_remoto,whatsapp,internet_tv,LENTITUD E INTERMITENCIA,,solucionado,2026-01-20 11:45:00,2026-01-20 11:45:00,0,2,
TC100902,soporte_remoto,call_center,tv,SIN SEÑAL DE TV,,solucionado,2026-01-20 13:30:00,2026-01-20 16:05:00,10,1,
C103255,cambio_plan,call_center,,,,solucionado,2026-01-20 14:15:00,2026-01-27 13:10:00,13,3,
DQ100082,sin_internet,call_center,internet,,FALLA DE FIBRA,solucionado,2026-01-20 14:55:00,2026-01-20 15:25:00,0,0,
CH100083,sin_internet,call_center,internet,,FALLA MASIVA,solucionado,2026-01-20 15:10:00,2026-01-23 08:40:00,2,0,
CH103256,cambio_plan,call_center,,,,solucionado,2026-01-20 15:10:00,2026-01-22 09:40:00,2,3,
VG100084,sin_internet,whatsapp,internet,,BLOQUEO DE EQUIPO,solucionado,2026-01-20 15:15:00,2026-01-22 09:35:00,6,0,
CH100903,soporte_remoto,whatsapp,internet_tv,LENTITUD E INTERMITENCIA,,solucionado,2026-01-20 15:35:00,2026-02-03 08:45:00,2,1,
C100904,soporte_remoto,whatsapp,internet,LENTITUD E INTERMITENCIA,,solucionado,2026-01-20 15:40:00,2026-01-20 17:20:00,8,2,
CH100905,soporte_remoto,call_center,tv,CANALES INTERMITENTES,,solucionado,2026-01-20 15:45:00,2026-01-20 16:20:00,2,1,
SG100906,soporte_remoto,caja,internet_tv,LENTITUD E INTERMITENCIA,,solucionado,2026-01-20 15:50:00,2026-01-20 16:30:00,9,1,
DQ100907,soporte_remoto,call_center,internet,ERROR EN INGRESO A PÁGINAS,,solucionado,2026-01-20 16:10:00,2026-01-20 17:25:00,0,2,
DQ103958,cambio_titular,whatsapp,,,,solucionado,2026-01-20 16:15:00,2026-01-22 16:30:00,5,2,
VG103257,cambio_plan,whatsapp,,,,solucionado,2026-01-20 16:55:00,2026-02-02 12:30:00,6,3,
C103258,cambio_plan,call_center,,,,solucionado,2026-01-20 17:45:00,2026-02-02 12:40:00,13,3,
C103258,cambio_titular,whatsapp,,,,solucionado,2026-01-20 17:45:00,2026-01-22 16:35:00,13,2,
SR101010,cambio_plan,call_center,,,,solucionado,2026-01-20 18:05:00,2026-01-21 14:30:00,1,3,
DQ100085,sin_internet,caja,internet,,BLOQUEO DE EQUIPO,solucionado,2026-01-21 08:25:00,2026-01-21 08:25:00,11,0,
SR103259,cambio_plan,call_center,,,,solucionado,2026-01-21 08:35:00,2026-02-09 08:55:00,1,5,
SR103259,cambio_titular,call_center,,,,solucionado,2026-01-21 08:35:00,2026-02-09 08:40:00,1,5,
TC100086,sin_internet,whatsapp,internet,,,cancelado,2026-01-21 08:50:00,2026-01-28 09:30:00,10,0,
TC100025,sin_internet,call_center,internet,,FALLA DE FIBRA,solucionado,2026-01-21 08:50:00,2026-01-21 10:05:00,26,0,
TC100908,soporte_remoto,call_center,internet_tv,LENTITUD E INTERMITENCIA,,solucionado,2026-01-21 10:05:00,2026-01-21 15:15:00,26,1,
TC103260,cambio_plan,whatsapp,,,,solucionado,2026-01-21 10:15:00,2026-02-02 12:40:00,26,3,
TC100909,soporte_remoto,call_center,internet,LENTITUD E INTERMITENCIA,,solucionado,2026-01-21 10:55:00,2026-01-21 10:55:00,24,2,
DQ100910,soporte_remoto,call_center,internet,LENTITUD E INTERMITENCIA,,solucionado,2026-01-21 11:15:00,2026-01-21 17:10:00,5,0,
C100911,soporte_remoto,call_center,internet,LENTITUD E INTERMITENCIA,,solucionado,2026-01-21 11:15:00,2026-01-21 15:15:00,15,1,
TC103959,cambio_titular,whatsapp,,,,solucionado,2026-01-21 12:10:00,2026-01-22 16:55:00,26,2,
C103261,cambio_plan,call_center,,,,solucionado,2026-01-21 13:30:00,2026-02-02 12:50:00,7,3,
TC100092,soporte_remoto,call_center,internet_tv,ERROR EN INGRESO A PÁGINAS,,solucionado,2026-01-21 14:20:00,2026-01-21 14:20:00,26,1,
TC102777,cambio_plan,call_center,,,,solucionado,2026-01-21 14:20:00,2026-01-22 10:40:00,10,3,
CH100087,sin_internet,call_center,internet,,FALLA MASIVA,solucionado,2026-01-21 16:00:00,2026-01-23 08:45:00,2,0,
SR100088,sin_internet,whatsapp,internet,,FALLA MASIVA,solucionado,2026-01-21 16:15:00,2026-01-23 09:00:00,1,0,
C100089,sin_internet,call_center,internet,,BLOQUEO DE EQUIPO,solucionado,2026-01-21 16:15:00,2026-01-21 16:40:00,2,0,
SG100912,soporte_remoto,whatsapp,internet,LENTITUD E INTERMITENCIA,,solucionado,2026-01-21 16:50:00,2026-01-22 09:15:00,9,1,
DQ100913,soporte_remoto,call_center,internet,LENTITUD E INTERMITENCIA,,cancelado,2026-01-21 16:50:00,2026-01-27 08:55:00,5,0,
SG100912,cambio_plan,whatsapp,,,,solucionado,2026-01-21 17:40:00,2026-01-22 16:30:00,9,3,
CH100090,sin_internet,whatsapp,internet,,BLOQUEO DE EQUIPO,solucionado,2026-01-21 17:45:00,2026-01-22 16:00:00,2,0,
SG100914,soporte_remoto,call_center,internet_tv,LENTITUD E INTERMITENCIA,,solucionado,2026-01-21 17:50:00,2026-01-21 17:50:00,9,2,
SG100915,soporte_remoto,call_center,internet,LENTITUD E INTERMITENCIA,,solucionado,2026-01-21 17:50:00,2026-01-22 13:00:00,9,1,
SG100915,cambio_plan,call_center,,,,solucionado,2026-01-21 17:50:00,2026-01-22 17:10:00,9,3,
CH100091,sin_internet,whatsapp,internet,,FALLA MASIVA,solucionado,2026-01-21 18:00:00,2026-01-23 09:10:00,2,0,
TC100092,sin_internet,call_center,internet,,BLOQUEO DE EQUIPO,solucionado,2026-01-22 09:30:00,2026-01-22 10:00:00,26,0,
TC100093,sin_internet,call_center,internet,,FALLA DE FIBRA,solucionado,2026-01-22 10:05:00,2026-01-22 10:20:00,26,0,
TCF103262,cambio_plan,call_center,,,,solucionado,2026-01-22 10:15:00,2026-02-16 12:35:00,5,3,
TCF103263,cambio_plan,whatsapp,,,,solucionado,2026-01-22 10:15:00,2026-02-16 12:35:00,5,3,
DQ100094,sin_internet,call_center,internet,,VLAN DUPLICADA,solucionado,2026-01-22 10:50:00,2026-01-22 11:00:00,5,0,
C100916,soporte_remoto,caja,tv,SIN SEÑAL DE TV,,solucionado,2026-01-22 11:05:00,2026-01-22 11:05:00,8,2,
SR100917,soporte_remoto,caja,internet,LENTITUD E INTERMITENCIA,,solucionado,2026-01-22 11:15:00,2026-01-23 12:30:00,1,1,
SR100918,soporte_remoto,call_center,internet_tv,LENTITUD E INTERMITENCIA,,solucionado,2026-01-22 11:25:00,2026-01-22 11:25:00,1,1,
CH100095,sin_internet,caja,internet,,FALLA MASIVA,solucionado,2026-01-22 11:40:00,2026-01-23 09:20:00,2,0,
TC100919,soporte_remoto,whatsapp,internet_tv,LENTITUD E INTERMITENCIA,,solucionado,2026-01-22 11:40:00,2026-01-23 15:05:00,26,1,
VG100096,sin_internet,whatsapp,internet,,,solucionado,2026-01-22 11:55:00,2026-01-23 11:45:00,6,0,
CH100097,sin_internet,call_center,internet,,FALLA MASIVA,solucionado,2026-01-22 12:00:00,2026-01-23 09:30:00,2,0,
TC103264,cambio_plan,whatsapp,,,,solucionado,2026-01-22 12:25:00,2026-02-02 12:50:00,16,3,
DQ100020,cambio_plan,call_center,,,,solucionado,2026-01-22 13:30:00,2026-02-16 12:45:00,5,3,
TC103265,cambio_plan,call_center,,,,solucionado,2026-01-22 13:35:00,2026-02-02 12:55:00,10,3,
TCF100920,soporte_remoto,call_center,tv,SIN SEÑAL DE TV,,solucionado,2026-01-22 14:45:00,2026-01-22 17:30:00,17,0,
DQ100921,soporte_remoto,call_center,tv,PROGRAMACIÓN DE TV,,solucionado,2026-01-22 15:15:00,2026-01-22 15:30:00,5,1,
C103266,cambio_plan,call_center,,,,solucionado,2026-01-22 15:50:00,2026-02-02 13:00:00,8,3,
C103960,cambio_titular,call_center,,,,solucionado,2026-01-22 17:25:00,2026-01-27 12:10:00,15,2,
C100922,soporte_remoto,whatsapp,internet,LENTITUD E INTERMITENCIA,,solucionado,2026-01-22 17:45:00,2026-01-26 11:00:00,8,0,
TC103961,cambio_titular,call_center,,,,solucionado,2026-01-22 17:55:00,2026-01-27 12:15:00,7,2,
VG103267,cambio_plan,whatsapp,,,,solucionado,2026-01-22 18:00:00,2026-02-02 13:05:00,6,3,
TC100004,soporte_remoto,call_center,internet,ERROR EN INGRESO A PÁGINAS,,solucionado,2026-01-22 18:55:00,2026-01-23 17:55:00,23,1,
TC100098,sin_internet,call_center,internet,,BLOQUEO DE EQUIPO,solucionado,2026-01-23 08:40:00,2026-01-23 12:40:00,10,0,
TC100936,soporte_remoto,call_center,internet_tv,CANALES LLUVIOSOS/PIXELADOS,,solucionado,2026-01-23 09:10:00,2026-01-28 09:45:00,26,0,
TC100937,soporte_remoto,caja,internet,LENTITUD E INTERMITENCIA,,solucionado,2026-01-23 09:20:00,2026-01-26 11:00:00,26,2,
TC100938,soporte_remoto,call_center,tv,PROGRAMACIÓN DE TV,,solucionado,2026-01-23 09:20:00,2026-01-26 09:00:00,26,0,
C103268,cambio_plan,whatsapp,,,,solucionado,2026-01-23 09:30:00,2026-02-02 13:15:00,15,3,
SR103269,cambio_plan,whatsapp,,,,solucionado,2026-01-23 09:55:00,2026-02-02 13:25:00,14,3,
DQ103270,cambio_plan,call_center,,,,solucionado,2026-01-23 10:00:00,2026-02-02 15:50:00,17,3,
DQ103270,cambio_titular,whatsapp,,,,solucionado,2026-01-23 10:00:00,2026-01-27 12:25:00,17,2,
TC103271,cambio_plan,call_center,,,,solucionado,2026-01-23 11:15:00,2026-01-23 17:30:00,26,3,
TC100938,cambio_plan,whatsapp,,,,solucionado,2026-01-23 11:25:00,2026-01-23 17:40:00,24,3,
C100923,soporte_remoto,whatsapp,internet,ERROR EN INGRESO A PÁGINAS,,solucionado,2026-01-23 11:35:00,2026-01-23 15:50:00,8,0,
DQ100924,soporte_remoto,whatsapp,internet,LENTITUD E INTERMITENCIA,,solucionado,2026-01-23 11:40:00,2026-01-23 12:20:00,17,1,
C103272,cambio_plan,whatsapp,,,,solucionado,2026-01-23 11:40:00,2026-02-02 15:55:00,13,3,
VG100099,sin_internet,call_center,internet,,BLOQUEO DE EQUIPO,solucionado,2026-01-23 11:55:00,2026-01-23 12:35:00,6,0,
DQ100925,soporte_remoto,call_center,internet,LENTITUD E INTERMITENCIA,,solucionado,2026-01-23 13:10:00,2026-01-26 15:20:00,5,1,
CH100100,sin_internet,call_center,internet,,VLAN DUPLICADA,solucionado,2026-01-23 14:00:00,2026-01-23 15:20:00,2,0,
VG103273,cambio_plan,call_center,,,,solucionado,2026-01-23 14:10:00,2026-02-02 16:00:00,6,3,
DQ100926,soporte_remoto,whatsapp,internet,LENTITUD E INTERMITENCIA,,solucionado,2026-01-23 14:15:00,2026-01-23 15:25:00,0,1,
TC100927,soporte_remoto,call_center,internet,PROBLEMAS CON TEST DE VELOCIDAD,,cancelado,2026-01-23 14:25:00,2026-01-28 09:40:00,10,0,
VG100101,sin_internet,whatsapp,internet,,BLOQUEO DE EQUIPO,solucionado,2026-01-23 14:45:00,2026-01-23 15:25:00,6,0,
SG100102,sin_internet,whatsapp,internet,,EQUIPO NO ENGANCHA,solucionado,2026-01-23 14:50:00,2026-01-23 15:40:00,9,0,
SR100928,soporte_remoto,call_center,internet_tv,LENTITUD E INTERMITENCIA,,solucionado,2026-01-23 14:55:00,2026-01-23 16:00:00,1,0,
SG100752,soporte_remoto,call_center,internet,LENTITUD E INTERMITENCIA,,solucionado,2026-01-23 15:00:00,2026-01-23 16:20:00,9,0,
SG100929,soporte_remoto,caja,internet,LENTITUD E INTERMITENCIA,,solucionado,2026-01-23 15:00:00,2026-01-23 16:35:00,9,0,
SG100103,sin_internet,caja,internet,,WIFI DESACTIVADO,solucionado,2026-01-23 15:50:00,2026-01-23 16:45:00,9,0,
TC100930,soporte_remoto,caja,internet_tv,LENTITUD E INTERMITENCIA,,solucionado,2026-01-23 15:50:00,2026-01-26 09:00:00,24,1,
CH100104,sin_internet,whatsapp,internet,,,solucionado,2026-01-23 16:45:00,2026-01-26 08:55:00,2,0,
C100931,soporte_remoto,caja,internet_tv,LENTITUD E INTERMITENCIA,,solucionado,2026-01-23 16:45:00,2026-01-23 17:45:00,13,0,
C100931,cambio_plan,whatsapp,,,,solucionado,2026-01-23 16:45:00,2026-02-02 16:05:00,13,3,
TC103962,cambio_titular,call_center,,,,solucionado,2026-01-23 17:05:00,2026-01-27 12:45:00,26,2,
TC103963,cambio_titular,whatsapp,,,,solucionado,2026-01-23 17:05:00,2026-01-23 17:05:00,26,2,
TC100932,soporte_remoto,caja,internet,LENTITUD E INTERMITENCIA,,solucionado,2026-01-23 17:45:00,2026-01-26 09:55:00,24,2,
CH100105,sin_internet,call_center,internet,,FALLA DE FIBRA,solucionado,2026-01-23 17:50:00,2026-01-28 09:30:00,2,0,
TC100933,soporte_remoto,whatsapp,internet,LENTITUD E INTERMITENCIA,,solucionado,2026-01-24 11:40:00,2026-01-26 08:40:00,37,2,
SG100914,soporte_remoto,call_center,internet,LENTITUD E INTERMITENCIA,,solucionado,2026-01-24 15:15:00,2026-01-26 11:25:00,16,0,
SG100934,soporte_remoto,call_center,internet_tv,LENTITUD E INTERMITENCIA,,solucionado,2026-01-26 08:10:00,2026-01-26 08:15:00,9,1,
C103274,cambio_plan,whatsapp,,,,solucionado,2026-01-26 08:25:00,2026-02-02 16:10:00,15,3,
DQ100935,soporte_remoto,call_center,internet_tv,LENTITUD E INTERMITENCIA,,solucionado,2026-01-26 08:35:00,2026-01-26 09:10:00,11,2,
CH100217,soporte_remoto,whatsapp,internet_tv,LENTITUD E INTERMITENCIA,,solucionado,2026-01-26 09:35:00,2026-01-26 09:35:00,2,2,
CH100939,soporte_remoto,whatsapp,internet,LENTITUD E INTERMITENCIA,,solucionado,2026-01-26 09:40:00,2026-01-26 15:30:00,2,1,
C100940,soporte_remoto,whatsapp,internet_tv,FALLAS CON LA TV,,solucionado,2026-01-26 09:40:00,2026-01-28 10:00:00,8,0,
SR100941,soporte_remoto,call_center,internet,LENTITUD E INTERMITENCIA,,solucionado,2026-01-26 09:55:00,2026-01-26 10:30:00,1,1,
DQ100942,soporte_remoto,call_center,tv,PROGRAMACIÓN DE TV,,solucionado,2026-01-26 10:10:00,2026-01-26 10:10:00,5,2,
C103275,cambio_plan,whatsapp,,,,solucionado,2026-01-26 10:45:00,2026-02-02 16:20:00,13,3,
SR100943,soporte_remoto,call_center,tv,CANALES LLUVIOSOS/PIXELADOS,,solucionado,2026-01-26 10:55:00,2026-01-26 12:20:00,1,0,
SR100944,soporte_remoto,call_center,internet_tv,LENTITUD E INTERMITENCIA,,solucionado,2026-01-26 11:05:00,2026-01-26 11:05:00,1,4,
SR100945,soporte_remoto,whatsapp,tv,CANALES LLUVIOSOS/PIXELADOS,,solucionado,2026-01-26 11:25:00,2026-01-26 12:10:00,1,1,
SR103276,cambio_plan,call_center,,,,solucionado,2026-01-26 11:25:00,2026-02-02 16:30:00,41,3,
DQ100106,sin_internet,call_center,internet,,FALLA DE FIBRA,solucionado,2026-01-26 11:30:00,2026-01-26 12:30:00,5,0,
TC100946,soporte_remoto,call_center,internet,LENTITUD E INTERMITENCIA,,solucionado,2026-01-26 11:45:00,2026-01-26 11:45:00,10,2,
C100212,soporte_remoto,whatsapp,internet_tv,PROGRAMACIÓN DE TV,,solucionado,2026-01-26 11:45:00,2026-01-27 10:30:00,8,0,
DQ100947,soporte_remoto,call_center,tv,PROGRAMACIÓN DE TV,,solucionado,2026-01-26 11:50:00,2026-01-26 15:40:00,5,2,
SG103277,cambio_plan,call_center,,,,solucionado,2026-01-26 12:00:00,2026-01-26 16:45:00,9,3,
DQ100948,soporte_remoto,whatsapp,tv,CANALES LLUVIOSOS/PIXELADOS,,solucionado,2026-01-26 12:25:00,2026-01-27 10:45:00,21,0,
TC100072,cambio_titular,caja,,,,solucionado,2026-01-26 12:25:00,2026-01-29 15:55:00,24,2,
TC100949,soporte_remoto,call_center,internet,PROBLEMAS CON CÁMARAS/DVR,,solucionado,2026-01-26 12:30:00,2026-01-26 12:30:00,21,1,
DQ103278,cambio_plan,call_center,,,,solucionado,2026-01-26 13:10:00,2026-01-26 17:45:00,37,3,
DQ100950,soporte_remoto,whatsapp,internet,PROBLEMAS CON TEST DE VELOCIDAD,,solucionado,2026-01-26 13:45:00,2026-01-26 13:45:00,0,2,
CH100951,soporte_remoto,whatsapp,internet_tv,LENTITUD E INTERMITENCIA,,solucionado,2026-01-26 14:30:00,2026-01-26 16:40:00,2,0,
DQ103279,cambio_plan,whatsapp,,,,solucionado,2026-01-26 14:30:00,2026-02-02 17:45:00,5,3,
CH100952,soporte_remoto,whatsapp,internet,LENTITUD E INTERMITENCIA,,solucionado,2026-01-26 14:55:00,2026-01-26 14:55:00,2,1,
CH100953,soporte_remoto,caja,internet_tv,LENTITUD E INTERMITENCIA,,solucionado,2026-01-26 15:00:00,2026-01-26 15:00:00,2,2,
C100954,soporte_remoto,caja,internet,LENTITUD E INTERMITENCIA,,solucionado,2026-01-26 15:10:00,2026-01-26 15:10:00,8,2,
DQ103280,cambio_plan,call_center,,,,solucionado,2026-01-26 15:25:00,2026-02-02 17:55:00,0,3,
DQ103280,cambio_titular,call_center,,,,solucionado,2026-01-26 15:25:00,2026-01-29 16:15:00,0,2,
TC100107,sin_internet,whatsapp,internet,,WIFI DESACTIVADO,solucionado,2026-01-26 15:30:00,2026-01-28 09:15:00,10,0,
TC100955,soporte_remoto,call_center,tv,PROGRAMACIÓN DE TV,,solucionado,2026-01-26 15:30:00,2026-01-26 16:50:00,17,1,
CH100956,soporte_remoto,caja,internet,LENTITUD E INTERMITENCIA,,solucionado,2026-01-26 15:35:00,2026-01-26 15:35:00,2,1,
TCF100957,soporte_remoto,call_center,internet,LENTITUD E INTERMITENCIA,,solucionado,2026-01-26 15:40:00,2026-01-26 15:40:00,17,0,
DQ100108,sin_internet,call_center,internet,,ERROR DNS,solucionado,2026-01-26 15:45:00,2026-01-28 09:00:00,0,0,
SR101903,cambio_plan,call_center,,,,solucionado,2026-01-26 15:45:00,2026-02-02 17:55:00,1,3,
DQ103281,cambio_plan,call_center,,,,solucionado,2026-01-26 16:05:00,2026-02-02 18:05:00,19,3,
SR102264,cambio_plan,whatsapp,,,,solucionado,2026-01-26 16:10:00,2026-02-16 12:45:00,1,3,
CH100959,soporte_remoto,caja,internet,LENTITUD E INTERMITENCIA,,solucionado,2026-01-26 16:15:00,2026-01-26 16:15:00,2,2,
SG101756,cambio_plan,whatsapp,,,,solucionado,2026-01-26 16:15:00,2026-01-26 17:50:00,9,3,
DQ103282,cambio_plan,whatsapp,,,,solucionado,2026-01-26 16:35:00,2026-02-02 18:10:00,0,3,
TC100963,soporte_remoto,call_center,internet,ERROR EN INGRESO A PÁGINAS,,solucionado,2026-01-26 16:45:00,2026-01-27 11:20:00,16,2,
C103283,cambio_plan,caja,,,,solucionado,2026-01-26 16:45:00,2026-02-03 08:45:00,21,3,
TC100960,soporte_remoto,whatsapp,internet,LENTITUD E INTERMITENCIA,,solucionado,2026-01-26 17:05:00,2026-01-27 10:05:00,24,2,
SR100958,soporte_remoto,call_center,internet,LENTITUD E INTERMITENCIA,,solucionado,2026-01-26 17:10:00,2026-01-26 17:10:00,14,2,
TC100961,soporte_remoto,whatsapp,internet_tv,LENTITUD E INTERMITENCIA,,solucionado,2026-01-26 17:20:00,2026-01-27 09:00:00,24,1,
SG100962,soporte_remoto,call_center,internet,LENTITUD E INTERMITENCIA,,cancelado,2026-01-26 17:20:00,2026-01-28 10:15:00,9,0,
SR103284,cambio_plan,call_center,,,,solucionado,2026-01-26 17:20:00,2026-01-27 14:45:00,20,9,
C101333,cambio_plan,call_center,,,,solucionado,2026-01-26 17:55:00,2026-02-03 08:50:00,13,3,
C101333,cambio_titular,call_center,,,,solucionado,2026-01-26 17:55:00,2026-01-29 16:20:00,13,2,
SG103285,cambio_plan,call_center,,,,solucionado,2026-01-26 18:00:00,2026-01-27 10:25:00,9,3,
SG100113,sin_internet,call_center,internet,,ERROR DNS,solucionado,2026-01-27 08:05:00,2026-01-28 08:45:00,9,0,
TC100987,soporte_remoto,caja,tv,CANALES LLUVIOSOS/PIXELADOS,,solucionado,2026-01-27 09:00:00,2026-01-28 08:20:00,10,1,
DQ100964,soporte_remoto,whatsapp,tv,CANALES LLUVIOSOS/PIXELADOS,,solucionado,2026-01-27 09:10:00,2026-01-27 09:50:00,0,1,
DQ103293,cambio_plan,call_center,,,,solucionado,2026-01-27 09:10:00,2026-02-03 11:40:00,17,3,
SG100109,sin_internet,call_center,internet,,BLOQUEO DE EQUIPO,solucionado,2026-01-27 09:15:00,2026-01-27 11:00:00,9,0,
DQ100965,soporte_remoto,call_center,tv,CANALES FALTANTES,,solucionado,2026-01-27 09:25:00,2026-01-27 10:05:00,0,1,
DQ100967,soporte_remoto,call_center,internet_tv,LENTITUD E INTERMITENCIA,,solucionado,2026-01-27 09:35:00,2026-01-28 10:30:00,29,0,
C100968,soporte_remoto,whatsapp,internet,LENTITUD E INTERMITENCIA,,solucionado,2026-01-27 09:50:00,2026-01-27 15:30:00,8,1,
DQ100969,soporte_remoto,whatsapp,internet,LENTITUD E INTERMITENCIA,,solucionado,2026-01-27 09:55:00,2026-01-28 12:10:00,29,2,
SR100970,soporte_remoto,whatsapp,tv,CANALES LLUVIOSOS/PIXELADOS,,solucionado,2026-01-27 10:10:00,2026-01-29 08:55:00,1,0,
DQ100044,soporte_remoto,call_center,internet,LENTITUD E INTERMITENCIA,,solucionado,2026-01-27 10:10:00,2026-01-27 16:10:00,0,1,
SR100971,soporte_remoto,caja,tv,CANALES LLUVIOSOS/PIXELADOS,,solucionado,2026-01-27 10:15:00,2026-01-27 10:50:00,1,1,
SG100972,soporte_remoto,call_center,internet,LENTITUD E INTERMITENCIA,,solucionado,2026-01-27 10:20:00,2026-01-27 11:00:00,9,1,
VG100110,sin_internet,call_center,internet,,BLOQUEO DE EQUIPO,solucionado,2026-01-27 10:35:00,2026-01-28 08:55:00,6,0,
CH100973,soporte_remoto,call_center,tv,CANALES INTERMITENTES,,solucionado,2026-01-27 10:50:00,2026-01-27 10:50:00,2,1,
TC103294,cambio_plan,call_center,,,,solucionado,2026-01-27 11:05:00,2026-02-16 13:10:00,7,3,
DQ103964,cambio_titular,caja,,,,solucionado,2026-01-27 11:05:00,2026-01-29 16:25:00,5,2,
C102012,cambio_plan,call_center,,,,solucionado,2026-01-27 11:15:00,2026-02-03 08:50:00,13,3,
TC100974,soporte_remoto,caja,internet_tv,LENTITUD E INTERMITENCIA,,solucionado,2026-01-27 11:35:00,2026-01-28 12:20:00,7,2,
CH100111,sin_internet,call_center,internet,,FALLA DE FIBRA,solucionado,2026-01-27 11:50:00,2026-01-27 12:10:00,2,0,
SG100193,soporte_remoto,call_center,internet,PROBLEMAS CON TEST DE VELOCIDAD,,solucionado,2026-01-27 11:55:00,2026-01-28 16:15:00,29,0,
TC100506,soporte_remoto,call_center,internet,LENTITUD E INTERMITENCIA,,solucionado,2026-01-27 13:00:00,2026-01-27 13:00:00,29,1,
DQ100901,soporte_remoto,whatsapp,tv,SIN SEÑAL DE TV,,solucionado,2026-01-27 13:35:00,2026-01-28 12:45:00,0,2,
CH100597,cambio_plan,call_center,,,,solucionado,2026-01-27 13:40:00,2026-02-16 12:50:00,2,3,
DQ103967,cambio_titular,whatsapp,,,,solucionado,2026-01-27 14:00:00,2026-01-29 16:40:00,0,2,
SG103965,cambio_titular,caja,,,,solucionado,2026-01-27 14:10:00,2026-01-29 16:30:00,9,2,
C100975,soporte_remoto,whatsapp,tv,CANALES FALTANTES,,solucionado,2026-01-27 14:20:00,2026-01-27 16:20:00,8,0,
SR103286,cambio_plan,call_center,,,,solucionado,2026-01-27 14:20:00,2026-02-03 08:55:00,14,3,
DQ103966,cambio_titular,call_center,,,,solucionado,2026-01-27 14:20:00,2026-01-29 16:35:00,5,2,
SR100976,soporte_remoto,whatsapp,tv,SIN SEÑAL DE TV,,solucionado,2026-01-27 14:25:00,2026-01-27 15:25:00,1,1,
TCF100977,soporte_remoto,call_center,internet,ERROR EN INGRESO A PÁGINAS,,solucionado,2026-01-27 14:40:00,2026-01-28 13:10:00,17,2,
TC100980,soporte_remoto,call_center,internet_tv,CANALES LLUVIOSOS/PIXELADOS,,solucionado,2026-01-27 15:30:00,2026-01-27 16:30:00,26,0,
TC103287,cambio_plan,whatsapp,,,,solucionado,2026-01-27 15:30:00,2026-02-03 09:10:00,21,3,
TC100978,soporte_remoto,call_center,internet,ERROR EN INGRESO A PÁGINAS,,solucionado,2026-01-27 15:35:00,2026-01-28 10:55:00,7,0,
SR103288,cambio_plan,call_center,,,,solucionado,2026-01-27 15:45:00,2026-02-03 09:15:00,1,3,
VG100979,soporte_remoto,call_center,internet,LENTITUD E INTERMITENCIA,,solucionado,2026-01-27 15:50:00,2026-01-27 16:20:00,6,0,
C103289,cambio_plan,caja,,,,solucionado,2026-01-27 16:10:00,2026-02-16 13:05:00,20,3,
TC100981,soporte_remoto,call_center,internet,LENTITUD E INTERMITENCIA,,solucionado,2026-01-27 16:15:00,2026-01-28 08:50:00,7,1,
SG100982,soporte_remoto,call_center,internet,LENTITUD E INTERMITENCIA,,solucionado,2026-01-27 16:30:00,2026-01-28 09:05:00,9,1,
DQ103290,cambio_plan,call_center,,,,solucionado,2026-01-27 16:35:00,2026-02-03 09:20:00,0,3,
CH100983,soporte_remoto,call_center,internet_tv,LENTITUD E INTERMITENCIA,,solucionado,2026-01-27 16:45:00,,1,0,1
SG100984,soporte_remoto,caja,internet,LENTITUD E INTERMITENCIA,,solucionado,2026-01-27 16:50:00,2026-01-28 11:10:00,29,0,
CH100985,soporte_remoto,call_center,internet_tv,LENTITUD E INTERMITENCIA,,solucionado,2026-01-27 17:00:00,2026-01-28 12:30:00,2,1,
SR100112,sin_internet,caja,internet,,BLOQUEO DE EQUIPO,solucionado,2026-01-27 17:10:00,2026-01-28 08:30:00,1,0,
TC103291,cambio_plan,call_center,,,,solucionado,2026-01-27 17:10:00,2026-02-03 09:25:00,10,3,
SG100986,soporte_remoto,whatsapp,internet,LENTITUD E INTERMITENCIA,,solucionado,2026-01-27 17:20:00,2026-01-28 09:45:00,29,1,
TC103292,cambio_plan,call_center,,,,solucionado,2026-01-27 18:30:00,2026-02-03 09:25:00,23,3,
TC100115,sin_internet,whatsapp,internet,,FALLA DE FIBRA,solucionado,2026-01-28 08:15:00,2026-01-28 09:25:00,7,0,
TCF100065,soporte_remoto,call_center,internet,LENTITUD E INTERMITENCIA,,solucionado,2026-01-28 08:55:00,2026-01-28 13:20:00,29,2,
TC100114,sin_internet,whatsapp,internet,,FALLA DE FIBRA,solucionado,2026-01-28 09:00:00,2026-01-28 09:20:00,24,0,
VG100118,sin_internet,whatsapp,internet,,FALLA DE FIBRA,solucionado,2026-01-28 09:10:00,2026-01-29 11:15:00,6,0,
CH100721,soporte_remoto,call_center,internet,LENTITUD E INTERMITENCIA,,solucionado,2026-01-28 09:15:00,2026-01-28 10:15:00,2,1,
SG100988,soporte_remoto,call_center,internet_tv,LENTITUD E INTERMITENCIA,,solucionado,2026-01-28 09:15:00,2026-01-28 10:30:00,3,1,
SR100352,soporte_remoto,caja,tv,SIN SEÑAL DE TV,,solucionado,2026-01-28 09:15:00,2026-01-28 09:15:00,1,1,
SR100943,soporte_remoto,whatsapp,tv,SIN SEÑAL DE TV,,cancelado,2026-01-28 09:15:00,2026-01-28 11:00:00,1,1,
TC100989,soporte_remoto,call_center,internet,LENTITUD E INTERMITENCIA,,cancelado,2026-01-28 09:25:00,2026-01-31 10:55:00,10,0,
TC100990,soporte_remoto,whatsapp,internet,LENTITUD E INTERMITENCIA,,solucionado,2026-01-28 09:35:00,2026-01-28 11:55:00,26,0,
TC100991,soporte_remoto,call_center,tv,CANALES INTERMITENTES,,solucionado,2026-01-28 09:35:00,2026-01-28 12:25:00,7,0,
DQ100992,soporte_remoto,whatsapp,internet,LENTITUD E INTERMITENCIA,,solucionado,2026-01-28 09:45:00,2026-01-28 09:45:00,5,2,
C100993,soporte_remoto,whatsapp,internet_tv,LENTITUD E INTERMITENCIA,,solucionado,2026-01-28 09:50:00,2026-01-28 13:00:00,13,2,
DQ100994,soporte_remoto,whatsapp,tv,CANALES LLUVIOSOS/PIXELADOS,,solucionado,2026-01-28 10:00:00,2026-01-28 10:00:00,0,1,
VG100119,sin_internet,call_center,internet,,ERROR DNS,solucionado,2026-01-28 10:10:00,2026-01-29 12:25:00,6,0,
DQ100995,soporte_remoto,call_center,internet,LENTITUD E INTERMITENCIA,,solucionado,2026-01-28 10:15:00,2026-01-28 10:20:00,11,2,
DQ100996,soporte_remoto,caja,internet_tv,LENTITUD E INTERMITENCIA,,solucionado,2026-01-28 10:30:00,2026-01-28 10:30:00,0,1,
DQ100997,soporte_remoto,call_center,tv,FALLAS CON LA TV,,solucionado,2026-01-28 10:50:00,2026-01-28 15:35:00,0,0,
C103295,cambio_plan,call_center,,,,solucionado,2026-01-28 11:10:00,2026-02-16 13:15:00,8,3,
DQ100116,sin_internet,call_center,internet,,FALLA DE FIBRA,solucionado,2026-01-28 11:25:00,2026-01-28 12:00:00,5,0,
TC100998,soporte_remoto,call_center,internet,LENTITUD E INTERMITENCIA,,solucionado,2026-01-28 13:35:00,2026-01-28 15:45:00,7,7,
TC100999,soporte_remoto,whatsapp,internet,LENTITUD E INTERMITENCIA,,solucionado,2026-01-28 13:35:00,2026-01-28 13:35:00,26,1,
DQ100837,soporte_remoto,call_center,internet,PROBLEMAS CON CÁMARAS/DVR,,solucionado,2026-01-28 13:45:00,2026-01-28 16:00:00,0,0,
DQ100117,sin_internet,call_center,internet,,FALLA DE FIBRA,solucionado,2026-01-28 14:00:00,2026-01-28 15:00:00,0,0,
SR101000,soporte_remoto,call_center,internet_tv,CANALES LLUVIOSOS/PIXELADOS,,solucionado,2026-01-28 14:00:00,2026-01-29 09:05:00,1,2,
SR103296,cambio_plan,call_center,,,,solucionado,2026-01-28 14:10:00,2026-02-03 11:40:00,14,3,
DQ103297,cambio_plan,whatsapp,,,,solucionado,2026-01-28 14:55:00,2026-02-03 11:40:00,5,3,
SR100765,soporte_remoto,call_center,internet_tv,LENTITUD E INTERMITENCIA,,solucionado,2026-01-28 15:00:00,2026-01-28 15:00:00,1,1,
VG101001,soporte_remoto,call_center,internet_tv,LENTITUD E INTERMITENCIA,,solucionado,2026-01-28 15:00:00,2026-01-29 09:10:00,6,2,
SR101002,soporte_remoto,whatsapp,internet_tv,HABILITACIÓN DE PUERTOS,,solucionado,2026-01-28 15:30:00,2026-01-29 14:10:00,1,1,
TC101003,soporte_remoto,call_center,internet,LENTITUD E INTERMITENCIA,,cancelado,2026-01-28 15:30:00,2026-01-28 16:55:00,26,7,
CH101381,cambio_plan,call_center,,,,solucionado,2026-01-28 15:55:00,2026-02-03 14:20:00,2,3,
DQ100694,soporte_remoto,call_center,internet,LENTITUD E INTERMITENCIA,,solucionado,2026-01-28 16:25:00,2026-01-28 16:25:00,0,1,
TC101004,soporte_remoto,whatsapp,tv,FALLAS CON LA TV,,solucionado,2026-01-28 16:55:00,2026-01-30 08:45:00,10,0,
TCF101005,soporte_remoto,whatsapp,internet,LENTITUD E INTERMITENCIA,,solucionado,2026-01-28 17:00:00,2026-01-29 11:00:00,17,1,
TC101006,soporte_remoto,whatsapp,tv,FALLAS CON LA TV,,solucionado,2026-01-28 17:15:00,2026-01-29 09:40:00,10,0,
C103298,cambio_plan,call_center,,,,solucionado,2026-01-28 17:15:00,2026-02-03 14:20:00,13,3,
C103299,cambio_plan,call_center,,,,solucionado,2026-01-28 17:30:00,2026-02-03 14:25:00,15,3,
SR101007,soporte_remoto,call_center,internet,LENTITUD E INTERMITENCIA,,cancelado,2026-01-29 08:10:00,2026-01-29 11:40:00,1,0,
DQ101008,soporte_remoto,caja,internet_tv,LENTITUD E INTERMITENCIA,,solucionado,2026-01-29 08:20:00,2026-01-30 08:55:00,5,0,
TC101009,soporte_remoto,call_center,internet,PROBLEMAS CON CÁMARAS/DVR,,solucionado,2026-01-29 08:35:00,2026-01-29 13:40:00,11,2,
SR101010,soporte_remoto,call_center,internet,LENTITUD E INTERMITENCIA,,solucionado,2026-01-29 08:35:00,2026-01-29 09:00:00,11,1,
SR101011,soporte_remoto,call_center,internet,LENTITUD E INTERMITENCIA,,solucionado,2026-01-29 08:40:00,2026-01-29 09:35:00,1,1,
SG101012,soporte_remoto,call_center,internet,LENTITUD E INTERMITENCIA,,solucionado,2026-01-29 09:00:00,2026-01-30 09:15:00,9,0,
SG101040,soporte_remoto,call_center,internet,PROBLEMAS CON CÁMARAS/DVR,,solucionado,2026-01-29 09:00:00,2026-01-30 11:00:00,3,0,
SG101013,soporte_remoto,call_center,internet_tv,LENTITUD E INTERMITENCIA,,solucionado,2026-01-29 09:30:00,2026-01-29 09:30:00,3,2,
DQ101014,soporte_remoto,call_center,internet,PROBLEMAS CON TEST DE VELOCIDAD,,solucionado,2026-01-29 09:35:00,2026-01-29 12:25:00,5,1,
VG103300,cambio_plan,whatsapp,,,,solucionado,2026-01-29 09:40:00,2026-01-30 10:30:00,6,3,
DQ103301,cambio_plan,call_center,,,,solucionado,2026-01-29 10:05:00,2026-02-03 14:30:00,0,3,
C101015,soporte_remoto,whatsapp,internet,LENTITUD E INTERMITENCIA,,solucionado,2026-01-29 10:55:00,2026-01-30 09:30:00,8,0,
SR101016,soporte_remoto,call_center,tv,CANALES INTERMITENTES,,solucionado,2026-01-29 11:20:00,2026-01-29 17:30:00,1,2,
TC102475,cambio_plan,call_center,,,,solucionado,2026-01-29 11:20:00,2026-02-03 14:30:00,10,3,
DQ101017,soporte_remoto,call_center,internet,LENTITUD E INTERMITENCIA,,solucionado,2026-01-29 11:30:00,2026-01-30 09:45:00,5,0,
SR100120,sin_internet,whatsapp,internet,,ERROR DNS,solucionado,2026-01-29 11:35:00,2026-01-29 12:35:00,1,0,
DQ101018,soporte_remoto,call_center,internet_tv,LENTITUD E INTERMITENCIA,,solucionado,2026-01-29 11:35:00,2026-01-29 12:40:00,0,1,
SR101019,soporte_remoto,whatsapp,internet,LENTITUD E INTERMITENCIA,,solucionado,2026-01-29 11:35:00,2026-01-29 16:50:00,1,2,
SG103302,cambio_plan,call_center,,,,solucionado,2026-01-29 11:40:00,2026-02-02 12:35:00,3,9,
TC100121,sin_internet,call_center,internet,,NIVELES CRÍTICOS,solucionado,2026-01-29 11:50:00,2026-01-29 12:40:00,24,0,
TC103968,cambio_titular,caja,,,,solucionado,2026-01-29 12:00:00,2026-01-30 17:55:00,10,2,
TC103303,cambio_plan,whatsapp,,,,solucionado,2026-01-29 12:15:00,2026-02-05 09:15:00,7,3,
TCF100122,sin_internet,call_center,internet,,,solucionado,2026-01-29 12:55:00,2026-01-29 12:55:00,33,7,
TC101020,soporte_remoto,call_center,internet,ERROR EN INGRESO A PÁGINAS,,solucionado,2026-01-29 13:10:00,2026-01-29 17:40:00,26,2,
TC101021,soporte_remoto,call_center,internet,ERROR EN INGRESO A PÁGINAS,,solucionado,2026-01-29 13:35:00,2026-01-29 13:35:00,7,1,
C103304,cambio_plan,call_center,,,,solucionado,2026-01-29 13:45:00,2026-02-05 09:20:00,15,3,
TC101022,soporte_remoto,call_center,internet,ERROR EN INGRESO A PÁGINAS,,solucionado,2026-01-29 13:50:00,2026-01-29 18:35:00,7,2,
CH101023,soporte_remoto,whatsapp,internet,LENTITUD E INTERMITENCIA,,solucionado,2026-01-29 14:25:00,2026-01-30 09:55:00,2,0,
CH101024,soporte_remoto,call_center,internet_tv,LENTITUD E INTERMITENCIA,,solucionado,2026-01-29 14:30:00,2026-01-29 15:40:00,2,1,
TC101025,cambio_plan,call_center,,,,solucionado,2026-01-29 14:35:00,2026-02-05 09:20:00,24,3,
TC101025,cambio_titular,call_center,,,,solucionado,2026-01-29 14:35:00,2026-01-31 12:25:00,24,2,
TC101025,soporte_remoto,call_center,tv,PROGRAMACIÓN DE TV,,solucionado,2026-01-29 14:40:00,2026-01-29 14:40:00,24,2,
DQ103305,cambio_plan,whatsapp,,,,solucionado,2026-01-29 14:45:00,2026-02-05 09:25:00,19,3,
TC102440,cambio_titular,call_center,,,,solucionado,2026-01-29 15:00:00,2026-01-31 12:40:00,17,2,
DQ103306,cambio_plan,whatsapp,,,,solucionado,2026-01-29 15:05:00,2026-02-05 09:25:00,5,3,
SR100563,cambio_titular,call_center,,,,solucionado,2026-01-29 15:05:00,2026-01-31 12:55:00,1,2,
TCF100123,sin_internet,call_center,internet,,BLOQUEO DE EQUIPO,solucionado,2026-01-29 15:20:00,2026-01-29 16:15:00,0,0,
SG101026,soporte_remoto,whatsapp,internet,LENTITUD E INTERMITENCIA,,solucionado,2026-01-29 15:30:00,2026-01-29 16:00:00,3,1,
DQ101027,soporte_remoto,whatsapp,tv,CANALES FALTANTES,,solucionado,2026-01-29 15:30:00,2026-01-29 16:40:00,0,1,
DQ101028,soporte_remoto,call_center,internet_tv,LENTITUD E INTERMITENCIA,,solucionado,2026-01-29 15:45:00,2026-01-29 16:50:00,0,0,
CH101029,soporte_remoto,call_center,internet,LENTITUD E INTERMITENCIA,,solucionado,2026-01-29 16:10:00,2026-01-29 16:10:00,2,2,
C103307,cambio_plan,caja,,,,solucionado,2026-01-29 16:15:00,2026-02-05 09:30:00,13,3,
DQ100124,sin_internet,whatsapp,internet,,VLAN DUPLICADA,solucionado,2026-01-29 16:20:00,2026-01-29 16:40:00,0,0,
CH101030,soporte_remoto,caja,internet_tv,LENTITUD E INTERMITENCIA,,solucionado,2026-01-29 16:25:00,2026-01-29 17:10:00,2,1,
CH101031,soporte_remoto,whatsapp,internet_tv,LENTITUD E INTERMITENCIA,,solucionado,2026-01-29 16:30:00,2026-01-29 17:10:00,2,0,
TCF101032,soporte_remoto,whatsapp,tv,PROGRAMACIÓN DE TV,,solucionado,2026-01-29 16:30:00,2026-01-30 14:10:00,17,7,
SR101033,soporte_remoto,call_center,internet,LENTITUD E INTERMITENCIA,,solucionado,2026-01-29 16:30:00,2026-01-29 16:30:00,16,1,
VG101034,soporte_remoto,call_center,internet,LENTITUD E INTERMITENCIA,,solucionado,2026-01-29 16:35:00,2026-01-30 10:30:00,6,0,
C103308,cambio_plan,call_center,,,,solucionado,2026-01-29 16:35:00,2026-02-05 09:30:00,13,3,
SR101035,soporte_remoto,call_center,internet,LENTITUD E INTERMITENCIA,,solucionado,2026-01-29 16:50:00,2026-01-29 17:10:00,1,4,
SR101036,soporte_remoto,call_center,internet,LENTITUD E INTERMITENCIA,,solucionado,2026-01-29 17:25:00,2026-01-30 10:30:00,1,1,
TC101037,soporte_remoto,whatsapp,internet,LENTITUD E INTERMITENCIA,,solucionado,2026-01-29 17:30:00,2026-01-29 17:30:00,24,1,
TCF103309,cambio_plan,call_center,,,,solucionado,2026-01-29 17:30:00,2026-02-05 09:30:00,17,3,
TCF101038,soporte_remoto,call_center,internet,HABILITACIÓN DE PUERTOS,,solucionado,2026-01-29 17:50:00,2026-01-30 12:10:00,17,2,
SG103310,cambio_plan,call_center,,,,solucionado,2026-01-29 18:00:00,2026-02-16 13:15:00,3,3,
DQ101039,soporte_remoto,caja,internet,LENTITUD E INTERMITENCIA,,solucionado,2026-01-29 18:25:00,2026-01-30 10:55:00,0,2,
CH100125,sin_internet,whatsapp,internet,,FALLA DE FIBRA,solucionado,2026-01-30 08:40:00,2026-01-30 10:40:00,1,0,
C103311,cambio_plan,caja,,,,solucionado,2026-01-30 09:10:00,2026-02-05 09:35:00,15,3,
CH101041,soporte_remoto,call_center,internet_tv,LENTITUD E INTERMITENCIA,,solucionado,2026-01-30 09:30:00,2026-01-30 10:25:00,2,1,
TC101042,soporte_remoto,call_center,internet_tv,LENTITUD E INTERMITENCIA,,solucionado,2026-01-30 09:35:00,2026-01-31 11:05:00,17,0,
C103312,cambio_plan,call_center,,,,solucionado,2026-01-30 09:35:00,2026-02-05 09:35:00,15,3,
VG101043,soporte_remoto,call_center,internet_tv,LENTITUD E INTERMITENCIA,,solucionado,2026-01-30 10:00:00,2026-01-30 11:40:00,6,1,
TC100775,cambio_plan,caja,,,,solucionado,2026-01-30 10:00:00,2026-02-05 09:40:00,24,3,
VG101044,soporte_remoto,call_center,internet_tv,LENTITUD E INTERMITENCIA,,solucionado,2026-01-30 10:25:00,2026-01-30 12:25:00,6,1,
SR101045,soporte_remoto,call_center,internet_tv,LENTITUD E INTERMITENCIA,,solucionado,2026-01-30 10:35:00,2026-01-30 11:35:00,14,0,
CH101046,soporte_remoto,whatsapp,internet,LENTITUD E INTERMITENCIA,,solucionado,2026-01-30 10:50:00,2026-01-30 17:45:00,2,2,
SR101047,soporte_remoto,call_center,tv,SIN SEÑAL DE TV,,solucionado,2026-01-30 10:55:00,2026-01-30 13:00:00,1,0,
TC101048,soporte_remoto,call_center,internet,LENTITUD E INTERMITENCIA,,solucionado,2026-01-30 11:05:00,2026-01-30 12:30:00,7,1,
DQ101049,soporte_remoto,whatsapp,internet,LENTITUD E INTERMITENCIA,,cancelado,2026-01-30 11:15:00,2026-02-03 08:10:00,5,0,
DQ101050,soporte_remoto,call_center,internet,ERROR EN INGRESO A PÁGINAS,,solucionado,2026-01-30 12:00:00,2026-01-30 16:45:00,16,2,
SG103313,cambio_plan,whatsapp,,,,solucionado,2026-01-30 12:00:00,2026-02-05 09:40:00,9,3,
TC101051,soporte_remoto,call_center,internet,LENTITUD E INTERMITENCIA,,solucionado,2026-01-30 12:30:00,2026-01-30 15:10:00,10,0,
DQ103314,cambio_plan,call_center,,,,solucionado,2026-01-30 13:45:00,2026-02-16 18:35:00,20,3,
TC101052,soporte_remoto,call_center,internet,LENTITUD E INTERMITENCIA,,solucionado,2026-01-30 13:50:00,2026-01-30 17:20:00,17,2,
TC103315,cambio_plan,call_center,,,,solucionado,2026-01-30 14:00:00,2026-02-05 09:50:00,25,3,
SR101054,soporte_remoto,call_center,internet,LENTITUD E INTERMITENCIA,,solucionado,2026-01-30 14:15:00,2026-01-30 14:15:00,1,0,
C101055,soporte_remoto,whatsapp,tv,CANALES INTERMITENTES,,solucionado,2026-01-30 14:30:00,2026-01-30 15:25:00,12,1,
SR100889,soporte_remoto,whatsapp,tv,CANALES INTERMITENTES,,solucionado,2026-01-30 14:30:00,2026-01-30 15:40:00,14,0,
C101056,soporte_remoto,caja,tv,FALLAS CON LA TV,,solucionado,2026-01-30 14:30:00,2026-01-30 17:40:00,8,0,
TCF101053,soporte_remoto,whatsapp,internet,ERROR EN INGRESO A PÁGINAS,,solucionado,2026-01-30 14:35:00,2026-02-02 14:00:00,17,1,
DQ101057,soporte_remoto,call_center,internet_tv,CANALES LLUVIOSOS/PIXELADOS,,solucionado,2026-01-30 14:35:00,2026-01-30 15:40:00,5,1,
SR103316,cambio_plan,call_center,,,,solucionado,2026-01-30 14:50:00,2026-02-05 09:50:00,1,3,
SR101058,soporte_remoto,call_center,internet,LENTITUD E INTERMITENCIA,,solucionado,2026-01-30 15:00:00,2026-01-30 16:25:00,1,0,
CH101059,soporte_remoto,call_center,internet,LENTITUD E INTERMITENCIA,,solucionado,2026-01-30 15:10:00,2026-01-31 12:05:00,2,1,
C101060,soporte_remoto,caja,internet,LENTITUD E INTERMITENCIA,,solucionado,2026-01-30 15:10:00,2026-01-30 15:10:00,13,1,
SR100126,sin_internet,whatsapp,internet,,FALLA DE FIBRA,solucionado,2026-01-30 15:15:00,2026-01-30 15:25:00,1,0,
C100127,sin_internet,whatsapp,internet,,,solucionado,2026-01-30 15:30:00,2026-02-03 10:00:00,5,4,
DQ101061,soporte_remoto,call_center,internet,LENTITUD E INTERMITENCIA,,solucionado,2026-01-30 15:45:00,2026-02-01 10:35:00,0,0,
DQ100935,soporte_remoto,whatsapp,internet,LENTITUD E INTERMITENCIA,,solucionado,2026-01-30 15:50:00,2026-01-30 16:30:00,0,1,
DQ101062,soporte_remoto,whatsapp,tv,CANALES LLUVIOSOS/PIXELADOS,,solucionado,2026-01-30 15:55:00,2026-01-30 17:25:00,0,1,
TC103317,cambio_plan,caja,,,,solucionado,2026-01-30 16:20:00,2026-02-05 09:50:00,32,3,
TC100249,soporte_remoto,whatsapp,internet,LENTITUD E INTERMITENCIA,,solucionado,2026-01-30 16:25:00,2026-01-31 08:20:00,24,1,
SG103318,cambio_plan,whatsapp,,,,solucionado,2026-01-30 16:30:00,2026-02-05 09:55:00,3,3,
SG103318,cambio_titular,whatsapp,,,,solucionado,2026-01-30 16:30:00,2026-01-31 13:25:00,3,2,
DQ103319,cambio_plan,whatsapp,,,,solucionado,2026-01-30 16:50:00,2026-02-05 09:55:00,26,3,
DQ103320,cambio_plan,call_center,,,,solucionado,2026-01-30 16:55:00,2026-02-05 10:00:00,17,3,
CH101063,soporte_remoto,call_center,internet_tv,LENTITUD E INTERMITENCIA,,solucionado,2026-01-30 17:00:00,2026-01-31 13:00:00,2,0,
SR100765,soporte_remoto,call_center,internet_tv,LENTITUD E INTERMITENCIA,,solucionado,2026-01-30 17:05:00,2026-01-31 09:50:00,29,1,
DQ103321,cambio_plan,caja,,,,solucionado,2026-01-30 17:05:00,2026-02-05 10:00:00,26,3,
SG103322,cambio_plan,call_center,,,,solucionado,2026-01-30 17:10:00,2026-02-05 10:05:00,9,3,
DQ100128,sin_internet,call_center,internet,,FALLA DE FIBRA,solucionado,2026-01-30 17:15:00,2026-01-31 08:15:00,0,0,
C101064,soporte_remoto,call_center,internet,LENTITUD E INTERMITENCIA,,solucionado,2026-01-30 17:15:00,2026-01-31 13:15:00,15,0,
DQ101500,cambio_plan,call_center,,,,solucionado,2026-01-30 17:15:00,2026-02-05 10:05:00,17,3,
TC100129,sin_internet,call_center,internet,,WIFI DESACTIVADO,solucionado,2026-01-30 17:25:00,2026-01-31 08:55:00,7,0,
TC103969,cambio_titular,call_center,,,,solucionado,2026-01-30 17:25:00,2026-01-31 13:45:00,17,2,
DQ101065,soporte_remoto,call_center,internet_tv,LENTITUD E INTERMITENCIA,,solucionado,2026-01-30 17:35:00,2026-01-31 09:40:00,26,1,
CH101066,soporte_remoto,whatsapp,internet_tv,LENTITUD E INTERMITENCIA,,solucionado,2026-01-30 17:40:00,2026-01-31 08:25:00,2,1,
C101067,soporte_remoto,call_center,internet,ERROR EN INGRESO A PÁGINAS,,solucionado,2026-01-30 17:55:00,2026-02-12 09:00:00,16,0,
TC101068,soporte_remoto,caja,tv,FALLAS CON LA TV,,cancelado,2026-01-31 15:45:00,2026-02-04 09:05:00,11,0,
CH100691,soporte_remoto,whatsapp,internet_tv,LENTITUD E INTERMITENCIA,,solucionado,2026-01-31 17:00:00,2026-01-31 17:00:00,2,1,
DQ103323,cambio_plan,caja,,,,solucionado,2026-01-31 17:00:00,2026-02-05 10:10:00,23,3,
TC101110,soporte_remoto,caja,internet,LENTITUD E INTERMITENCIA,,solucionado,2026-02-02 07:00:00,2026-02-03 11:30:00,7,0,
TC101111,soporte_remoto,call_center,tv,CANALES LLUVIOSOS/PIXELADOS,,solucionado,2026-02-02 07:02:00,2026-02-03 11:50:00,7,0,
DQ101137,soporte_remoto,whatsapp,tv,CANALES LLUVIOSOS/PIXELADOS,,solucionado,2026-02-02 08:05:00,2026-02-03 08:15:00,0,2,
CH101069,soporte_remoto,whatsapp,internet,LENTITUD E INTERMITENCIA,,solucionado,2026-02-02 08:15:00,2026-02-02 09:10:00,2,1,
SG100523,soporte_remoto,call_center,internet,LENTITUD E INTERMITENCIA,,solucionado,2026-02-02 08:20:00,2026-02-06 08:15:00,3,1,
SG101133,soporte_remoto,caja,internet,LENTITUD E INTERMITENCIA,,solucionado,2026-02-02 08:20:00,2026-02-03 12:20:00,3,1,
C101070,soporte_remoto,call_center,internet,LENTITUD E INTERMITENCIA,,solucionado,2026-02-02 08:30:00,2026-02-02 09:15:00,24,1,
C101071,soporte_remoto,call_center,internet,LENTITUD E INTERMITENCIA,,solucionado,2026-02-02 08:55:00,2026-02-03 08:45:00,29,0,
VG100135,sin_internet,whatsapp,internet,,WIFI DESACTIVADO,solucionado,2026-02-02 09:00:00,2026-02-02 16:00:00,6,0,
SG101072,soporte_remoto,call_center,internet,LENTITUD E INTERMITENCIA,,solucionado,2026-02-02 09:05:00,2026-02-03 08:50:00,3,0,
VG101073,soporte_remoto,call_center,internet,LENTITUD E INTERMITENCIA,,solucionado,2026-02-02 09:10:00,2026-02-03 08:35:00,6,2,
C101074,soporte_remoto,call_center,internet,LENTITUD E INTERMITENCIA,,solucionado,2026-02-02 09:20:00,2026-02-04 08:45:00,29,2,
TC101075,soporte_remoto,caja,internet,LENTITUD E INTERMITENCIA,,solucionado,2026-02-02 09:20:00,2026-02-02 17:00:00,10,1,
TC101076,soporte_remoto,call_center,internet,LENTITUD E INTERMITENCIA,,solucionado,2026-02-02 09:35:00,2026-02-02 15:00:00,24,1,
SR101077,soporte_remoto,whatsapp,internet,LENTITUD E INTERMITENCIA,,solucionado,2026-02-02 09:35:00,2026-02-02 11:50:00,14,0,
SR100723,soporte_remoto,caja,tv,SIN SEÑAL DE TV,,cancelado,2026-02-02 09:35:00,2026-02-02 11:25:00,1,1,
VG103324,cambio_plan,call_center,,,,solucionado,2026-02-02 09:45:00,2026-02-06 10:50:00,6,3,
TCF101078,soporte_remoto,call_center,internet,LENTITUD E INTERMITENCIA,,solucionado,2026-02-02 09:55:00,2026-02-03 09:00:00,17,2,
VG101079,soporte_remoto,call_center,internet_tv,LENTITUD E INTERMITENCIA,,solucionado,2026-02-02 10:00:00,2026-02-02 11:40:00,6,0,
SR101080,soporte_remoto,whatsapp,internet_tv,LENTITUD E INTERMITENCIA,,solucionado,2026-02-02 10:20:00,2026-02-02 11:40:00,14,1,
TC101081,soporte_remoto,call_center,tv,FALLAS CON LA TV,,solucionado,2026-02-02 10:20:00,2026-02-02 11:50:00,10,1,
SR101082,soporte_remoto,whatsapp,internet_tv,LENTITUD E INTERMITENCIA,,solucionado,2026-02-02 10:30:00,2026-02-03 08:55:00,14,0,
C101083,soporte_remoto,call_center,internet_tv,LENTITUD E INTERMITENCIA,,solucionado,2026-02-02 10:30:00,2026-02-06 09:00:00,13,0,
C101084,soporte_remoto,call_center,internet_tv,SIN SEÑAL DE TV,,solucionado,2026-02-02 10:40:00,2026-02-02 12:45:00,12,1,
C103970,cambio_titular,whatsapp,,,,solucionado,2026-02-02 10:40:00,2026-02-06 16:30:00,13,2,
SR101085,soporte_remoto,whatsapp,internet,LENTITUD E INTERMITENCIA,,solucionado,2026-02-02 10:50:00,2026-02-02 12:30:00,14,1,
DQ100061,soporte_remoto,caja,internet,LENTITUD E INTERMITENCIA,,solucionado,2026-02-02 10:55:00,2026-02-02 15:15:00,0,1,
DQ101086,soporte_remoto,call_center,internet,LENTITUD E INTERMITENCIA,,solucionado,2026-02-02 11:00:00,2026-02-02 11:00:00,5,1,
C103325,cambio_plan,whatsapp,,,,solucionado,2026-02-02 11:00:00,2026-02-06 11:45:00,13,3,
C101087,soporte_remoto,whatsapp,internet,LENTITUD E INTERMITENCIA,,solucionado,2026-02-02 11:05:00,2026-02-02 15:30:00,8,1,
CH100130,sin_internet,call_center,internet,,WIFI DESACTIVADO,solucionado,2026-02-02 11:15:00,2026-02-02 11:15:00,2,0,
CH101088,soporte_remoto,whatsapp,internet,LENTITUD E INTERMITENCIA,,solucionado,2026-02-02 11:25:00,2026-02-02 15:30:00,2,1,
SR103326,cambio_plan,whatsapp,,,,solucionado,2026-02-02 11:25:00,2026-02-06 11:50:00,1,3,
CH101089,soporte_remoto,caja,internet_tv,LENTITUD E INTERMITENCIA,,solucionado,2026-02-02 11:35:00,2026-02-03 09:00:00,2,1,
CH101090,soporte_remoto,whatsapp,internet,LENTITUD E INTERMITENCIA,,solucionado,2026-02-02 11:40:00,2026-02-02 16:00:00,2,4,
SR101091,soporte_remoto,call_center,internet_tv,FALLAS CON LA TV,,solucionado,2026-02-02 11:45:00,2026-02-02 16:05:00,14,4,
TC101092,soporte_remoto,call_center,internet,LENTITUD E INTERMITENCIA,,solucionado,2026-02-02 11:55:00,2026-02-02 16:30:00,24,4,
DQ101093,soporte_remoto,whatsapp,internet,LENTITUD E INTERMITENCIA,,solucionado,2026-02-02 11:55:00,2026-02-02 16:40:00,0,4,
TCF100131,sin_internet,whatsapp,internet,,FALLA DE FIBRA,solucionado,2026-02-02 12:00:00,2026-02-02 15:00:00,17,0,
DQ101094,soporte_remoto,call_center,internet,LENTITUD E INTERMITENCIA,,solucionado,2026-02-02 12:00:00,2026-02-02 17:00:00,5,4,
TCF100132,sin_internet,call_center,internet,,FALLA DE FIBRA,solucionado,2026-02-02 12:30:00,2026-02-02 15:15:00,22,0,
TC101095,soporte_remoto,call_center,internet,LENTITUD E INTERMITENCIA,,solucionado,2026-02-02 12:40:00,2026-02-02 17:15:00,10,4,
TC101096,soporte_remoto,call_center,internet,LENTITUD E INTERMITENCIA,,solucionado,2026-02-02 12:45:00,2026-02-03 09:15:00,10,0,
SR100765,soporte_remoto,call_center,internet,LENTITUD E INTERMITENCIA,,solucionado,2026-02-02 12:50:00,2026-02-03 09:35:00,16,0,
DQ101097,soporte_remoto,call_center,internet_tv,LENTITUD E INTERMITENCIA,,solucionado,2026-02-02 13:00:00,2026-02-04 09:25:00,0,0,
SG101098,soporte_remoto,call_center,internet,LENTITUD E INTERMITENCIA,,solucionado,2026-02-02 13:15:00,2026-02-05 08:50:00,9,0,
TCF103971,cambio_titular,call_center,,,,solucionado,2026-02-02 13:15:00,2026-02-09 08:50:00,17,5,
C101099,soporte_remoto,call_center,internet,LENTITUD E INTERMITENCIA,,solucionado,2026-02-02 13:25:00,2026-02-03 10:40:00,8,0,
DQ100873,soporte_remoto,call_center,tv,PROGRAMACIÓN DE TV,,solucionado,2026-02-02 13:35:00,2026-02-02 17:00:00,5,0,
TC103331,cambio_plan,whatsapp,,,,solucionado,2026-02-02 13:35:00,2026-02-06 12:25:00,24,3,
C101100,soporte_remoto,call_center,tv,CANALES LLUVIOSOS/PIXELADOS,,solucionado,2026-02-02 13:40:00,2026-02-02 17:20:00,12,0,
SR101101,soporte_remoto,whatsapp,tv,CANALES LLUVIOSOS/PIXELADOS,,solucionado,2026-02-02 13:40:00,2026-02-02 16:20:00,1,1,
CH101102,soporte_remoto,whatsapp,internet_tv,LENTITUD E INTERMITENCIA,,solucionado,2026-02-02 13:50:00,2026-02-02 13:50:00,2,1,
TCF100133,sin_internet,call_center,internet,,,solucionado,2026-02-02 13:55:00,2026-02-03 10:00:00,,4,
TC103327,cambio_plan,whatsapp,,,,solucionado,2026-02-02 14:15:00,2026-02-06 11:50:00,24,3,
SG100134,sin_internet,call_center,internet,,BLOQUEO DE EQUIPO,solucionado,2026-02-02 14:20:00,2026-02-02 15:45:00,3,0,
DQ101103,soporte_remoto,call_center,internet,LENTITUD E INTERMITENCIA,,solucionado,2026-02-02 14:25:00,2026-02-02 17:10:00,0,1,
SR103328,cambio_plan,whatsapp,,,,solucionado,2026-02-02 14:25:00,2026-02-16 19:00:00,20,3,
SG100136,sin_internet,call_center,internet,,EQUIPO NO ENGANCHA,solucionado,2026-02-02 14:30:00,2026-02-02 16:20:00,3,0,
TC101104,soporte_remoto,call_center,internet,LENTITUD E INTERMITENCIA,,solucionado,2026-02-02 14:30:00,2026-02-02 14:30:00,10,1,
SG101105,soporte_remoto,call_center,internet,LENTITUD E INTERMITENCIA,,solucionado,2026-02-02 14:30:00,2026-02-02 14:30:00,3,1,
TC101110,cambio_plan,caja,,,,solucionado,2026-02-02 14:40:00,2026-02-06 11:55:00,7,3,
CH101116,cambio_titular,call_center,,,,solucionado,2026-02-02 14:40:00,2026-02-06 16:50:00,2,2,
C103336,cambio_plan,call_center,,,,solucionado,2026-02-02 14:50:00,2026-02-06 12:40:00,12,3,
DQ101107,soporte_remoto,call_center,internet,LENTITUD E INTERMITENCIA,,solucionado,2026-02-02 14:55:00,2026-02-02 15:50:00,0,1,
TC100692,soporte_remoto,call_center,internet_tv,LENTITUD E INTERMITENCIA,,solucionado,2026-02-02 14:55:00,2026-02-02 17:35:00,7,4,
TCF101109,soporte_remoto,whatsapp,tv,PROGRAMACIÓN DE TV,,solucionado,2026-02-02 15:00:00,2026-02-02 17:40:00,17,0,
CH101108,soporte_remoto,whatsapp,internet,LENTITUD E INTERMITENCIA,,solucionado,2026-02-02 15:05:00,2026-02-04 09:40:00,2,0,
DQ101112,soporte_remoto,call_center,internet,LENTITUD E INTERMITENCIA,,cancelado,2026-02-02 15:10:00,2026-02-06 09:10:00,5,0,
TC101113,soporte_remoto,call_center,internet,LENTITUD E INTERMITENCIA,,solucionado,2026-02-02 15:10:00,2026-02-03 09:00:00,10,0,
TC101114,soporte_remoto,whatsapp,internet,CANALES LLUVIOSOS/PIXELADOS,,solucionado,2026-02-02 15:10:00,2026-02-03 12:30:00,7,0,
TC103329,cambio_plan,whatsapp,,,,solucionado,2026-02-02 15:15:00,2026-02-06 11:55:00,24,3,
DQ101115,soporte_remoto,call_center,internet,PROBLEMAS CON TEST DE VELOCIDAD,,cancelado,2026-02-02 15:20:00,2026-02-06 09:10:00,5,0,
VG100137,sin_internet,call_center,internet,,FALLA DE FIBRA,solucionado,2026-02-02 15:30:00,2026-02-02 16:05:00,6,0,
DQ103330,cambio_plan,call_center,,,,solucionado,2026-02-02 15:30:00,2026-02-06 12:10:00,4,3,
CH101116,soporte_remoto,caja,internet,LENTITUD E INTERMITENCIA,,solucionado,2026-02-02 15:35:00,2026-02-03 10:15:00,2,1,
CH101117,soporte_remoto,whatsapp,internet,LENTITUD E INTERMITENCIA,,solucionado,2026-02-02 15:35:00,2026-02-03 09:20:00,2,1,
TC103332,cambio_plan,whatsapp,,,,solucionado,2026-02-02 15:45:00,2026-02-16 19:00:00,20,3,
SR101119,soporte_remoto,call_center,tv,SIN SEÑAL DE TV,,solucionado,2026-02-02 15:55:00,2026-02-03 10:30:00,1,1,
TC101120,soporte_remoto,call_center,internet,LENTITUD E INTERMITENCIA,,solucionado,2026-02-02 16:00:00,2026-02-03 09:30:00,10,1,
C101121,soporte_remoto,whatsapp,internet,LENTITUD E INTERMITENCIA,,solucionado,2026-02-02 16:00:00,2026-02-03 15:55:00,12,1,
DQ101122,soporte_remoto,call_center,tv,CANALES LLUVIOSOS/PIXELADOS,,solucionado,2026-02-02 16:00:00,2026-02-03 10:45:00,4,1,
SR103333,cambio_plan,call_center,,,,solucionado,2026-02-02 16:00:00,2026-02-06 12:30:00,14,3,
C101123,soporte_remoto,call_center,internet_tv,LENTITUD E INTERMITENCIA,,solucionado,2026-02-02 16:05:00,2026-02-03 09:25:00,13,2,
C101124,soporte_remoto,call_center,tv,CANALES INTERMITENTES,,solucionado,2026-02-02 16:05:00,2026-02-03 09:40:00,12,2,
C103335,cambio_titular,call_center,,,,solucionado,2026-02-02 16:05:00,2026-02-06 16:50:00,15,2,
DQ103334,cambio_plan,whatsapp,,,,solucionado,2026-02-02 16:10:00,2026-02-06 12:35:00,4,3,
C103335,cambio_plan,call_center,,,,solucionado,2026-02-02 16:10:00,2026-02-06 12:40:00,15,3,
TC103972,cambio_titular,call_center,,,,solucionado,2026-02-02 16:15:00,2026-02-06 17:00:00,24,2,
DQ101125,soporte_remoto,whatsapp,internet,LENTITUD E INTERMITENCIA,,solucionado,2026-02-02 16:20:00,2026-02-03 10:05:00,17,2,
TC101118,soporte_remoto,whatsapp,internet_tv,ERROR EN INGRESO A PÁGINAS,,solucionado,2026-02-02 16:40:00,2026-02-03 08:50:00,7,1,
C101126,soporte_remoto,whatsapp,internet,LENTITUD E INTERMITENCIA,,solucionado,2026-02-02 16:40:00,2026-02-03 10:55:00,16,2,
VG101127,soporte_remoto,call_center,internet,LENTITUD E INTERMITENCIA,,solucionado,2026-02-02 16:45:00,2026-02-03 11:25:00,6,2,
C101128,soporte_remoto,whatsapp,internet_tv,LENTITUD E INTERMITENCIA,,solucionado,2026-02-02 16:45:00,2026-02-03 15:30:00,13,2,
TCF101129,soporte_remoto,whatsapp,internet,ERROR EN INGRESO A PÁGINAS,,solucionado,2026-02-02 16:50:00,2026-02-03 08:50:00,16,2,
TC101106,soporte_remoto,call_center,internet,LENTITUD E INTERMITENCIA,,solucionado,2026-02-02 16:55:00,2026-02-02 16:55:00,7,1,
SR101130,soporte_remoto,whatsapp,internet,LENTITUD E INTERMITENCIA,,solucionado,2026-02-02 16:55:00,2026-02-03 09:05:00,14,2,
TC101131,soporte_remoto,call_center,internet,LENTITUD E INTERMITENCIA,,solucionado,2026-02-02 16:55:00,2026-02-03 12:15:00,29,2,
DQ103337,cambio_plan,call_center,,,,solucionado,2026-02-02 16:55:00,2026-02-16 19:00:00,20,3,
C103338,cambio_plan,call_center,,,,solucionado,2026-02-02 16:55:00,2026-02-02 16:55:00,19,11,
TC103973,cambio_titular,caja,,,,solucionado,2026-02-02 17:00:00,2026-02-06 17:00:00,24,2,
SG101132,soporte_remoto,call_center,internet,LENTITUD E INTERMITENCIA,,solucionado,2026-02-02 17:20:00,2026-02-03 09:40:00,9,1,
SR103339,cambio_plan,whatsapp,,,,solucionado,2026-02-02 17:40:00,2026-02-16 19:05:00,1,3,
TC101134,soporte_remoto,whatsapp,internet,LENTITUD E INTERMITENCIA,,solucionado,2026-02-02 17:45:00,2026-02-03 12:35:00,24,1,
DQ101135,soporte_remoto,whatsapp,tv,CANALES LLUVIOSOS/PIXELADOS,,solucionado,2026-02-02 18:00:00,2026-02-03 09:45:00,5,1,
TC101136,soporte_remoto,whatsapp,internet,LENTITUD E INTERMITENCIA,,solucionado,2026-02-02 18:35:00,2026-02-03 08:55:00,23,1,
CH101138,soporte_remoto,call_center,internet_tv,LENTITUD E INTERMITENCIA,,solucionado,2026-02-03 08:15:00,2026-02-05 09:15:00,2,2,
CH101139,soporte_remoto,call_center,tv,CANALES INTERMITENTES,,solucionado,2026-02-03 08:15:00,2026-02-05 09:20:00,2,2,
C101140,soporte_remoto,whatsapp,internet,LENTITUD E INTERMITENCIA,,solucionado,2026-02-03 08:40:00,2026-02-05 09:30:00,29,2,
SG100138,sin_internet,call_center,internet,,,solucionado,2026-02-03 08:50:00,2026-02-03 10:00:00,3,4,
C101141,soporte_remoto,whatsapp,internet_tv,LENTITUD E INTERMITENCIA,,solucionado,2026-02-03 08:55:00,2026-02-05 09:50:00,13,2,
TCF103340,cambio_plan,whatsapp,,,,solucionado,2026-02-03 08:55:00,2026-02-06 12:50:00,4,3,
SR100139,sin_internet,whatsapp,internet,,,solucionado,2026-02-03 09:00:00,2026-02-03 10:25:00,1,4,
TC101142,soporte_remoto,call_center,internet,LENTITUD E INTERMITENCIA,,solucionado,2026-02-03 09:05:00,2026-02-05 08:50:00,24,2,
C100140,sin_internet,call_center,internet,,,solucionado,2026-02-03 09:30:00,2026-02-03 09:30:00,8,4,
DQ100947,soporte_remoto,call_center,tv,FALLAS CON LA TV,,cancelado,2026-02-03 09:30:00,2026-02-06 09:00:00,0,0,
DQ101143,soporte_remoto,whatsapp,internet,LENTITUD E INTERMITENCIA,,solucionado,2026-02-03 09:30:00,2026-02-10 10:45:00,0,0,
TC103341,cambio_plan,call_center,,,,solucionado,2026-02-03 09:40:00,2026-02-06 13:05:00,7,3,
TC103341,cambio_titular,call_center,,,,solucionado,2026-02-03 09:40:00,2026-02-06 17:05:00,7,2,
CH101144,soporte_remoto,call_center,internet_tv,LENTITUD E INTERMITENCIA,,cancelado,2026-02-03 10:25:00,2026-02-06 09:20:00,2,0,
TC103342,cambio_plan,whatsapp,,,,solucionado,2026-02-03 10:30:00,2026-02-06 13:20:00,10,3,
DQ101145,soporte_remoto,whatsapp,internet,LENTITUD E INTERMITENCIA,,solucionado,2026-02-03 10:35:00,2026-02-03 15:35:00,0,0,
DQ101146,soporte_remoto,call_center,internet,LENTITUD E INTERMITENCIA,,solucionado,2026-02-03 10:35:00,2026-02-03 15:45:00,5,0,
VG101147,soporte_remoto,call_center,internet,LENTITUD E INTERMITENCIA,,solucionado,2026-02-03 10:50:00,2026-02-03 17:00:00,6,1,
TCF100141,sin_internet,whatsapp,internet,,FALLA DE FIBRA,solucionado,2026-02-03 10:55:00,2026-02-03 17:50:00,4,0,
SG103343,cambio_plan,call_center,,,,solucionado,2026-02-03 10:55:00,2026-03-30 13:10:00,9,3,
SG101148,soporte_remoto,call_center,internet,LENTITUD E INTERMITENCIA,,solucionado,2026-02-03 11:25:00,2026-02-03 11:25:00,3,1,
TC101149,soporte_remoto,whatsapp,internet,LENTITUD E INTERMITENCIA,,solucionado,2026-02-03 11:35:00,2026-02-03 16:40:00,10,1,
DQ101150,soporte_remoto,whatsapp,internet,LENTITUD E INTERMITENCIA,,solucionado,2026-02-03 11:45:00,2026-02-03 15:20:00,0,1,
DQ101151,soporte_remoto,call_center,internet,PROBLEMAS CON CÁMARAS/DVR,,solucionado,2026-02-03 11:50:00,2026-02-03 11:50:00,4,1,
SG100148,soporte_remoto,caja,tv,CANALES INTERMITENTES,,solucionado,2026-02-03 14:10:00,2026-02-04 10:30:00,3,0,
TC100142,sin_internet,whatsapp,internet,,WIFI RESETEADO,solucionado,2026-02-03 14:15:00,2026-02-03 17:55:00,10,0,
VG101152,soporte_remoto,call_center,internet,LENTITUD E INTERMITENCIA,,solucionado,2026-02-03 14:15:00,2026-02-04 10:35:00,6,0,
TC101153,soporte_remoto,call_center,internet,LENTITUD E INTERMITENCIA,,solucionado,2026-02-03 14:30:00,2026-02-03 16:50:00,24,0,
C101262,cambio_plan,caja,,,,solucionado,2026-02-03 14:35:00,2026-02-07 08:40:00,8,3,
TC101154,soporte_remoto,call_center,tv,CANALES INTERMITENTES,,cancelado,2026-02-03 14:40:00,2026-02-06 09:00:00,24,0,
TC101155,soporte_remoto,call_center,internet_tv,LENTITUD E INTERMITENCIA,,solucionado,2026-02-03 14:45:00,2026-02-04 10:55:00,7,0,
SG101156,soporte_remoto,call_center,tv,FALLAS CON LA TV,,solucionado,2026-02-03 14:50:00,2026-02-04 10:35:00,3,1,
SR103344,cambio_plan,whatsapp,,,,solucionado,2026-02-03 15:05:00,2026-02-06 18:05:00,16,3,
C100143,sin_internet,whatsapp,internet,,,solucionado,2026-02-03 15:25:00,2026-02-04 08:00:00,15,4,
DQ101157,soporte_remoto,call_center,internet,ERROR EN INGRESO A PÁGINAS,,solucionado,2026-02-03 15:25:00,2026-02-04 11:15:00,0,1,
C101158,soporte_remoto,call_center,internet,LENTITUD E INTERMITENCIA,,solucionado,2026-02-03 15:25:00,2026-02-04 12:30:00,15,1,
DQ100144,sin_internet,call_center,internet,,,solucionado,2026-02-03 15:40:00,2026-02-04 08:00:00,5,4,
CH101159,soporte_remoto,caja,tv,CANALES INTERMITENTES,,solucionado,2026-02-03 15:40:00,2026-02-04 10:30:00,2,1,
C103345,cambio_plan,caja,,,,solucionado,2026-02-03 15:50:00,2026-02-06 18:05:00,15,3,
DQ103975,cambio_titular,call_center,,,,solucionado,2026-02-03 15:50:00,2026-02-09 09:15:00,0,5,
DQ103140,cambio_plan,whatsapp,,,,solucionado,2026-02-03 15:55:00,2026-03-30 13:15:00,20,3,
C101160,soporte_remoto,call_center,internet,LENTITUD E INTERMITENCIA,,solucionado,2026-02-03 16:00:00,2026-02-04 12:30:00,15,1,
TC101161,soporte_remoto,whatsapp,internet,LENTITUD E INTERMITENCIA,,solucionado,2026-02-03 16:10:00,2026-02-04 12:55:00,7,1,
TC101162,soporte_remoto,whatsapp,internet,LENTITUD E INTERMITENCIA,,solucionado,2026-02-03 16:15:00,2026-02-05 10:35:00,10,2,
C101163,soporte_remoto,whatsapp,internet_tv,LENTITUD E INTERMITENCIA,,solucionado,2026-02-03 16:15:00,2026-02-05 10:55:00,13,2,
VG101164,soporte_remoto,whatsapp,internet,LENTITUD E INTERMITENCIA,,solucionado,2026-02-03 16:20:00,2026-02-05 11:00:00,6,2,
SR101165,soporte_remoto,call_center,internet,LENTITUD E INTERMITENCIA,,solucionado,2026-02-03 16:20:00,2026-02-04 12:55:00,1,1,
VG101196,soporte_remoto,call_center,tv,PROGRAMACIÓN DE TV,,solucionado,2026-02-03 16:30:00,2026-02-05 10:20:00,6,1,
DQ103346,cambio_plan,call_center,,,,solucionado,2026-02-03 16:35:00,2026-02-06 18:10:00,0,3,
SG101166,soporte_remoto,call_center,internet,LENTITUD E INTERMITENCIA,,solucionado,2026-02-03 16:40:00,2026-02-04 08:30:00,3,1,
C101167,soporte_remoto,call_center,internet,ERROR EN INGRESO A PÁGINAS,,solucionado,2026-02-03 16:40:00,2026-02-04 12:00:00,8,1,
SG101168,soporte_remoto,call_center,internet,LENTITUD E INTERMITENCIA,,solucionado,2026-02-03 17:00:00,2026-02-05 09:35:00,3,0,
SR101169,soporte_remoto,call_center,internet,LENTITUD E INTERMITENCIA,,solucionado,2026-02-03 17:25:00,2026-02-06 09:20:00,1,0,
VG103974,cambio_titular,call_center,,,,solucionado,2026-02-03 17:25:00,2026-02-06 17:10:00,6,2,
SR101170,soporte_remoto,whatsapp,internet,LENTITUD E INTERMITENCIA,,solucionado,2026-02-03 17:45:00,2026-02-05 09:45:00,14,0,
DQ103347,cambio_plan,call_center,,,,solucionado,2026-02-03 18:40:00,2026-02-07 12:10:00,23,3,
DQ101202,soporte_remoto,whatsapp,internet,LENTITUD E INTERMITENCIA,,solucionado,2026-02-04 08:15:00,2026-02-05 17:00:00,0,0,
TC101171,soporte_remoto,call_center,internet,LENTITUD E INTERMITENCIA,,solucionado,2026-02-04 08:20:00,2026-02-04 10:55:00,10,1,
SG101172,soporte_remoto,call_center,internet,LENTITUD E INTERMITENCIA,,solucionado,2026-02-04 08:25:00,2026-02-04 09:45:00,9,1,
TCF101184,soporte_remoto,whatsapp,internet_tv,LENTITUD E INTERMITENCIA,,solucionado,2026-02-04 09:00:00,2026-02-04 09:35:00,22,1,
SR101199,soporte_remoto,whatsapp,internet,LENTITUD E INTERMITENCIA,,solucionado,2026-02-04 09:00:00,2026-02-05 10:40:00,,1,
TC100145,sin_internet,call_center,internet,,BLOQUEO DE EQUIPO,solucionado,2026-02-04 09:10:00,2026-02-04 11:05:00,7,0,
DQ101173,soporte_remoto,call_center,internet,LENTITUD E INTERMITENCIA,,solucionado,2026-02-04 09:20:00,2026-02-04 09:30:00,5,1,
CH101174,soporte_remoto,call_center,internet,LENTITUD E INTERMITENCIA,,solucionado,2026-02-04 09:40:00,2026-02-04 09:40:00,2,1,
SG101175,soporte_remoto,call_center,internet,LENTITUD E INTERMITENCIA,,solucionado,2026-02-04 09:40:00,2026-02-04 12:10:00,9,0,
SR101176,soporte_remoto,call_center,tv,CANALES LLUVIOSOS/PIXELADOS,,solucionado,2026-02-04 09:45:00,2026-02-06 09:30:00,1,0,
TC100146,sin_internet,whatsapp,internet,,WIFI DESACTIVADO,solucionado,2026-02-04 09:50:00,2026-02-04 11:40:00,10,0,
CH101177,soporte_remoto,call_center,internet_tv,LENTITUD E INTERMITENCIA,,solucionado,2026-02-04 10:10:00,2026-02-06 17:05:00,2,0,
CH101178,soporte_remoto,caja,tv,SIN SEÑAL DE TV,,solucionado,2026-02-04 10:20:00,2026-02-06 09:45:00,2,0,
CH101179,soporte_remoto,caja,internet_tv,LENTITUD E INTERMITENCIA,,solucionado,2026-02-04 10:30:00,2026-02-04 10:30:00,2,1,
SG101180,soporte_remoto,call_center,internet,LENTITUD E INTERMITENCIA,,solucionado,2026-02-04 10:30:00,2026-02-04 10:30:00,9,1,
C103348,cambio_plan,whatsapp,,,,solucionado,2026-02-04 10:30:00,2026-02-07 12:15:00,24,3,
CH100777,soporte_remoto,call_center,internet,LENTITUD E INTERMITENCIA,,solucionado,2026-02-04 10:35:00,2026-02-06 08:35:00,2,2,
DQ103349,cambio_plan,whatsapp,,,,solucionado,2026-02-04 10:40:00,2026-02-07 12:15:00,5,3,
SR100147,sin_internet,call_center,internet,,VLAN DUPLICADA,solucionado,2026-02-04 11:05:00,2026-02-04 11:05:00,14,4,
TCF101181,soporte_remoto,caja,internet_tv,LENTITUD E INTERMITENCIA,,solucionado,2026-02-04 11:30:00,2026-02-06 09:55:00,4,2,
TCF101182,soporte_remoto,whatsapp,internet,LENTITUD E INTERMITENCIA,,solucionado,2026-02-04 12:00:00,2026-02-04 12:00:00,4,1,
TC101183,soporte_remoto,whatsapp,tv,PROGRAMACIÓN DE TV,,solucionado,2026-02-04 12:05:00,2026-02-04 17:20:00,16,1,
DQ100794,soporte_remoto,call_center,internet,LENTITUD E INTERMITENCIA,,solucionado,2026-02-04 12:05:00,2026-02-04 12:05:00,22,1,
SR101185,soporte_remoto,whatsapp,internet_tv,LENTITUD E INTERMITENCIA,,solucionado,2026-02-04 13:05:00,2026-02-05 16:20:00,14,1,
SR101186,soporte_remoto,call_center,internet_tv,LENTITUD E INTERMITENCIA,,solucionado,2026-02-04 13:20:00,2026-02-09 10:30:00,29,0,
TCF101184,cambio_plan,caja,,,,solucionado,2026-02-04 13:35:00,2026-03-07 09:25:00,22,3,
SG100148,sin_internet,whatsapp,internet,,BLOQUEO DE EQUIPO,solucionado,2026-02-04 13:40:00,2026-02-04 15:25:00,9,0,
TC103350,cambio_plan,call_center,,,,solucionado,2026-02-04 13:50:00,2026-02-07 12:20:00,12,3,
TC101187,soporte_remoto,whatsapp,internet,LENTITUD E INTERMITENCIA,,solucionado,2026-02-04 13:55:00,2026-02-06 10:05:00,10,0,
C101188,soporte_remoto,call_center,internet,LENTITUD E INTERMITENCIA,,solucionado,2026-02-04 14:15:00,2026-02-05 10:25:00,8,0,
TCF101189,soporte_remoto,whatsapp,internet,LENTITUD E INTERMITENCIA,,solucionado,2026-02-04 14:30:00,2026-02-05 11:00:00,4,0,
DQ100149,sin_internet,call_center,internet,,BLOQUEO DE EQUIPO,solucionado,2026-02-04 14:35:00,2026-02-05 08:35:00,4,0,
SR101190,soporte_remoto,whatsapp,tv,CANALES INTERMITENTES,,solucionado,2026-02-04 14:40:00,2026-02-10 10:50:00,14,0,
C101191,soporte_remoto,call_center,internet,LENTITUD E INTERMITENCIA,,solucionado,2026-02-04 15:10:00,2026-02-06 09:20:00,8,2,
DQ101192,soporte_remoto,call_center,internet,PROBLEMAS CON TEST DE VELOCIDAD,,solucionado,2026-02-04 15:20:00,2026-02-06 10:20:00,0,2,
DQ101580,cambio_plan,call_center,,,,solucionado,2026-02-04 15:20:00,2026-02-07 12:25:00,0,3,
TCF103351,cambio_plan,whatsapp,,,,solucionado,2026-02-04 15:20:00,2026-02-07 12:30:00,4,3,
C101193,soporte_remoto,whatsapp,internet,LENTITUD E INTERMITENCIA,,solucionado,2026-02-04 15:30:00,2026-02-06 08:45:00,8,2,
CH101194,soporte_remoto,whatsapp,internet_tv,LENTITUD E INTERMITENCIA,,solucionado,2026-02-04 15:40:00,2026-02-05 10:30:00,2,1,
VG101195,soporte_remoto,whatsapp,internet,LENTITUD E INTERMITENCIA,,solucionado,2026-02-04 15:40:00,2026-02-05 09:40:00,6,1,
SG100725,cambio_plan,call_center,,,,solucionado,2026-02-04 16:30:00,2026-02-07 13:10:00,3,3,
SR101197,soporte_remoto,whatsapp,internet,LENTITUD E INTERMITENCIA,,solucionado,2026-02-04 16:45:00,2026-02-05 11:00:00,14,1,
DQ101198,soporte_remoto,call_center,tv,PROGRAMACIÓN DE TV,,solucionado,2026-02-04 17:10:00,2026-02-05 12:05:00,5,1,
C101200,soporte_remoto,whatsapp,internet,LENTITUD E INTERMITENCIA,,cancelado,2026-02-04 17:15:00,2026-02-06 11:15:00,25,2,
DQ101201,soporte_remoto,caja,internet,LENTITUD E INTERMITENCIA,,solucionado,2026-02-04 17:30:00,2026-02-06 10:35:00,5,2,
DQ103352,cambio_plan,caja,,,,solucionado,2026-02-04 17:30:00,2026-04-06 09:40:00,23,3,
SR101585,cambio_plan,whatsapp,,,,solucionado,2026-02-04 17:35:00,2026-04-06 09:45:00,1,3,
DQ101049,soporte_remoto,call_center,internet,LENTITUD E INTERMITENCIA,,solucionado,2026-02-04 17:45:00,2026-02-06 08:55:00,23,2,
DQ100156,sin_internet,call_center,internet,,FALLA DE FIBRA,solucionado,2026-02-05 08:25:00,2026-02-06 08:50:00,0,0,
SG103356,cambio_plan,call_center,,,,solucionado,2026-02-05 08:30:00,2026-02-07 13:35:00,3,3,
SG103356,cambio_titular,call_center,,,,solucionado,2026-02-05 08:30:00,2026-02-09 09:25:00,3,5,
VG100166,cambio_plan,call_center,,,,solucionado,2026-02-05 08:55:00,2026-04-06 09:45:00,6,3,
TC101203,soporte_remoto,caja,tv,SIN SEÑAL DE TV,,solucionado,2026-02-05 09:50:00,2026-02-05 12:30:00,24,0,
SG101204,soporte_remoto,whatsapp,internet,LENTITUD E INTERMITENCIA,,solucionado,2026-02-05 09:50:00,2026-02-06 12:05:00,3,2,
SG101205,soporte_remoto,whatsapp,internet,LENTITUD E INTERMITENCIA,,solucionado,2026-02-05 09:50:00,2026-02-06 12:25:00,3,2,
DQ101223,soporte_remoto,call_center,internet,LENTITUD E INTERMITENCIA,,solucionado,2026-02-05 09:50:00,2026-02-06 09:50:00,4,1,
TC100150,sin_internet,whatsapp,internet,,WIFI DESACTIVADO,solucionado,2026-02-05 10:10:00,2026-02-05 15:55:00,24,0,
C101206,soporte_remoto,whatsapp,internet,LENTITUD E INTERMITENCIA,,solucionado,2026-02-05 10:30:00,2026-02-05 17:30:00,29,0,
C103353,cambio_plan,call_center,,,,solucionado,2026-02-05 10:30:00,2026-02-16 10:35:00,8,3,
SG101207,soporte_remoto,call_center,internet,LENTITUD E INTERMITENCIA,,solucionado,2026-02-05 10:40:00,2026-02-05 16:00:00,3,1,
C103976,cambio_titular,call_center,,,,solucionado,2026-02-05 10:40:00,2026-02-06 17:20:00,8,2,
SG103355,cambio_plan,whatsapp,,,,solucionado,2026-02-05 11:00:00,2026-02-07 13:20:00,9,3,
SG103363,cambio_plan,whatsapp,,,,solucionado,2026-02-05 11:00:00,2026-02-09 16:05:00,9,3,
C103354,cambio_plan,caja,,,,solucionado,2026-02-05 11:15:00,2026-04-06 09:50:00,15,3,
TCF100151,sin_internet,caja,internet,,ERROR DNS,solucionado,2026-02-05 11:40:00,2026-02-05 11:55:00,4,0,
SR101208,soporte_remoto,call_center,internet,PROBLEMAS CON CÁMARAS/DVR,,solucionado,2026-02-05 11:55:00,2026-02-05 11:55:00,14,1,
SG101209,soporte_remoto,whatsapp,internet,ERROR EN INGRESO A PÁGINAS,,solucionado,2026-02-05 12:10:00,2026-02-05 17:55:00,3,1,
DQ101210,soporte_remoto,call_center,tv,FALLAS CON LA TV,,solucionado,2026-02-05 12:20:00,2026-02-05 15:30:00,5,1,
DQ103357,cambio_plan,call_center,,,,solucionado,2026-02-05 12:30:00,2026-02-07 14:45:00,0,3,
TC101211,soporte_remoto,caja,internet_tv,LENTITUD E INTERMITENCIA,,solucionado,2026-02-05 13:20:00,2026-02-05 15:40:00,24,1,
TCF101212,soporte_remoto,whatsapp,tv,CANALES LLUVIOSOS/PIXELADOS,,solucionado,2026-02-05 13:30:00,2026-02-06 08:20:00,4,1,
CH101213,soporte_remoto,caja,tv,CANALES FALTANTES,,solucionado,2026-02-05 14:00:00,2026-02-05 16:45:00,2,0,
TCF100152,sin_internet,whatsapp,internet,,FALLA DE FIBRA,solucionado,2026-02-05 14:25:00,2026-02-05 15:30:00,4,0,
TC101214,soporte_remoto,call_center,internet,PROBLEMAS CON CÁMARAS/DVR,,solucionado,2026-02-05 14:25:00,2026-02-06 10:30:00,23,0,
CH101215,soporte_remoto,call_center,internet,LENTITUD E INTERMITENCIA,,solucionado,2026-02-05 14:40:00,2026-02-06 12:15:00,2,0,
SR101216,soporte_remoto,call_center,internet,LENTITUD E INTERMITENCIA,,solucionado,2026-02-05 14:45:00,2026-02-06 10:50:00,14,1,
SG100153,sin_internet,whatsapp,internet,,WIFI RESETEADO,solucionado,2026-02-05 14:50:00,2026-02-05 15:35:00,3,0,
SR101217,soporte_remoto,whatsapp,internet_tv,LENTITUD E INTERMITENCIA,,solucionado,2026-02-05 15:10:00,2026-02-06 08:25:00,1,1,
TC100154,sin_internet,caja,internet,,BLOQUEO DE EQUIPO,solucionado,2026-02-05 15:40:00,2026-02-05 15:50:00,4,0,
TC103358,cambio_plan,whatsapp,,,,solucionado,2026-02-05 16:00:00,2026-03-02 12:30:00,10,3,
SR103359,cambio_plan,whatsapp,,,,solucionado,2026-02-05 16:10:00,2026-02-09 12:30:00,1,3,
DQ101218,soporte_remoto,call_center,internet,LENTITUD E INTERMITENCIA,,solucionado,2026-02-05 16:25:00,2026-02-06 11:00:00,0,1,
C103360,cambio_plan,call_center,,,,solucionado,2026-02-05 16:45:00,2026-02-09 15:50:00,8,3,
DQ101219,soporte_remoto,call_center,internet,PROBLEMAS CON TEST DE VELOCIDAD,,cancelado,2026-02-05 16:50:00,2026-02-10 10:55:00,19,0,
C103361,cambio_plan,whatsapp,,,,solucionado,2026-02-05 17:00:00,2026-02-09 15:50:00,15,3,
TC100004,soporte_remoto,call_center,internet_tv,LENTITUD E INTERMITENCIA,,solucionado,2026-02-05 17:05:00,2026-02-06 12:30:00,24,2,
VG101220,soporte_remoto,call_center,internet,LENTITUD E INTERMITENCIA,,solucionado,2026-02-05 17:10:00,2026-02-06 12:30:00,29,2,
DQ100155,sin_internet,whatsapp,internet,,FALLA DE FIBRA,solucionado,2026-02-05 17:25:00,2026-02-06 08:35:00,0,0,
DQ101221,soporte_remoto,caja,internet,LENTITUD E INTERMITENCIA,,solucionado,2026-02-05 17:35:00,2026-02-06 10:45:00,5,2,
TC103362,cambio_plan,call_center,,,,solucionado,2026-02-05 17:40:00,2026-02-09 15:55:00,7,3,
TC101222,soporte_remoto,call_center,tv,CANALES LLUVIOSOS/PIXELADOS,,solucionado,2026-02-05 18:30:00,2026-02-09 08:45:00,25,2,
TCF101236,soporte_remoto,call_center,internet,STREAMING CON FALLAS,,solucionado,2026-02-06 10:05:00,2026-02-09 13:10:00,19,1,1
SR100157,sin_internet,call_center,internet,,FALLA TV,solucionado,2026-02-06 10:30:00,2026-02-06 12:15:00,1,0,
VG101224,soporte_remoto,call_center,internet,LENTITUD E INTERMITENCIA,,solucionado,2026-02-06 10:30:00,2026-02-06 17:30:00,6,1,
VG101225,soporte_remoto,call_center,internet,LENTITUD E INTERMITENCIA,,solucionado,2026-02-06 10:30:00,2026-02-10 11:00:00,6,0,
DQ101228,soporte_remoto,call_center,internet,LENTITUD E INTERMITENCIA,,solucionado,2026-02-06 10:55:00,2026-02-06 10:55:00,29,1,
TC101226,soporte_remoto,call_center,internet,LENTITUD E INTERMITENCIA,,solucionado,2026-02-06 11:00:00,2026-02-06 11:00:00,10,0,
C101227,soporte_remoto,whatsapp,internet,LENTITUD E INTERMITENCIA,,solucionado,2026-02-06 11:20:00,2026-02-06 12:00:00,8,0,
SR101229,soporte_remoto,whatsapp,internet,LENTITUD E INTERMITENCIA,,solucionado,2026-02-06 12:50:00,2026-02-06 12:50:00,16,1,
TC101230,soporte_remoto,call_center,internet,LENTITUD E INTERMITENCIA,,solucionado,2026-02-06 12:55:00,2026-02-06 15:45:00,31,0,
TC101231,soporte_remoto,call_center,internet,LENTITUD E INTERMITENCIA,,cancelado,2026-02-06 13:45:00,2026-02-11 11:05:00,24,0,
C103364,cambio_plan,caja,,,,solucionado,2026-02-06 13:50:00,2026-02-09 16:10:00,8,3,
SG101232,soporte_remoto,whatsapp,internet,ERROR EN INGRESO A PÁGINAS,,solucionado,2026-02-06 14:10:00,2026-02-09 11:05:00,3,2,
TC100244,soporte_remoto,call_center,internet,LENTITUD E INTERMITENCIA,,solucionado,2026-02-06 14:55:00,2026-02-09 09:05:00,24,2,
C100158,sin_internet,call_center,internet,,BLOQUEO DE EQUIPO,solucionado,2026-02-06 15:15:00,2026-02-06 16:00:00,8,0,
C103365,cambio_plan,caja,,,,solucionado,2026-02-06 15:20:00,2026-02-09 16:15:00,15,3,
TC101233,soporte_remoto,call_center,tv,CANALES LLUVIOSOS/PIXELADOS,,solucionado,2026-02-06 15:35:00,2026-02-06 16:15:00,0,1,
TC103366,cambio_plan,call_center,,,,solucionado,2026-02-06 16:00:00,2026-04-06 09:55:00,7,3,
C103977,cambio_titular,call_center,,,,solucionado,2026-02-06 16:10:00,2026-02-09 09:25:00,8,5,
DQ103367,cambio_plan,whatsapp,,,,solucionado,2026-02-06 16:25:00,2026-02-11 08:20:00,23,3,
SG103368,cambio_plan,call_center,,,,solucionado,2026-02-06 16:25:00,2026-02-09 12:20:00,9,3,
SG101234,soporte_remoto,call_center,internet,LENTITUD E INTERMITENCIA,,solucionado,2026-02-06 16:40:00,2026-02-13 16:45:00,3,2,
CH100353,soporte_remoto,call_center,internet,LENTITUD E INTERMITENCIA,,solucionado,2026-02-06 16:40:00,2026-02-06 16:40:00,2,1,
DQ101235,soporte_remoto,call_center,tv,CANALES LLUVIOSOS/PIXELADOS,,solucionado,2026-02-06 16:45:00,2026-02-09 13:15:00,29,2,
SR100159,sin_internet,call_center,internet,,BLOQUEO DE EQUIPO,solucionado,2026-02-06 16:50:00,2026-02-06 17:35:00,14,0,
DQ100160,sin_internet,whatsapp,internet,,WIFI DESACTIVADO,solucionado,2026-02-06 17:00:00,2026-02-06 17:45:00,4,0,
SG103369,cambio_plan,call_center,,,,solucionado,2026-02-06 17:55:00,2026-02-11 08:30:00,3,3,
SG103978,cambio_titular,whatsapp,,,,solucionado,2026-02-06 18:00:00,2026-02-09 09:30:00,9,5,
TC100161,sin_internet,whatsapp,internet,,FALLA DE FIBRA,solucionado,2026-02-07 09:30:00,2026-02-09 10:20:00,7,0,
C103370,cambio_plan,whatsapp,,,,solucionado,2026-02-07 11:00:00,2026-02-07 11:40:00,20,9,
TC100171,cambio_plan,call_center,,,,solucionado,2026-02-09 08:55:00,2026-02-11 08:30:00,10,3,
SG101237,soporte_remoto,whatsapp,internet,LENTITUD E INTERMITENCIA,,solucionado,2026-02-09 09:20:00,2026-02-09 09:50:00,3,1,
TC100004,soporte_remoto,whatsapp,tv,FALLAS CON LA TV,,solucionado,2026-02-09 10:30:00,2026-02-09 11:30:00,16,1,
C103371,cambio_plan,whatsapp,,,,solucionado,2026-02-09 11:15:00,2026-02-12 14:20:00,8,3,
TC101238,soporte_remoto,call_center,internet,LENTITUD E INTERMITENCIA,,solucionado,2026-02-09 11:50:00,2026-02-09 11:50:00,12,2,
DQ101239,soporte_remoto,call_center,internet,LENTITUD E INTERMITENCIA,,solucionado,2026-02-09 12:45:00,2026-02-09 12:50:00,11,2,
DQ100162,sin_internet,whatsapp,internet,,FALLA DE FIBRA,solucionado,2026-02-09 13:50:00,2026-02-09 16:00:00,0,4,
TCF101240,soporte_remoto,whatsapp,internet,LENTITUD E INTERMITENCIA,,solucionado,2026-02-09 13:55:00,2026-02-12 10:10:00,22,0,
SG100193,soporte_remoto,call_center,internet,LENTITUD E INTERMITENCIA,,solucionado,2026-02-09 14:15:00,2026-02-09 14:15:00,3,1,
DQ103979,cambio_titular,call_center,,,,cancelado,2026-02-09 14:30:00,2026-03-03 10:45:00,5,5,
TC101241,soporte_remoto,call_center,internet,LENTITUD E INTERMITENCIA,,cancelado,2026-02-09 14:35:00,2026-02-14 09:55:00,7,0,
C101242,soporte_remoto,call_center,internet_tv,LENTITUD E INTERMITENCIA,,solucionado,2026-02-09 14:35:00,2026-02-17 15:35:00,8,0,
TC100606,soporte_remoto,call_center,internet,LENTITUD E INTERMITENCIA,,solucionado,2026-02-09 14:35:00,2026-02-09 14:35:00,16,1,
SR103372,cambio_plan,call_center,,,,solucionado,2026-02-09 14:55:00,2026-02-09 14:55:00,19,11,
CH101244,soporte_remoto,call_center,internet,LENTITUD E INTERMITENCIA,,solucionado,2026-02-09 15:35:00,2026-02-11 10:10:00,2,2,
TC101243,soporte_remoto,call_center,internet,LENTITUD E INTERMITENCIA,,solucionado,2026-02-09 15:50:00,2026-02-09 15:50:00,16,1,
DQ101245,soporte_remoto,call_center,internet,LENTITUD E INTERMITENCIA,,solucionado,2026-02-09 16:05:00,2026-02-10 10:20:00,5,2,
SR101246,soporte_remoto,whatsapp,internet,LENTITUD E INTERMITENCIA,,solucionado,2026-02-09 16:30:00,2026-02-11 12:20:00,14,0,
TC101247,soporte_remoto,whatsapp,internet,ERROR EN INGRESO A PÁGINAS,,solucionado,2026-02-09 16:30:00,2026-02-11 12:35:00,21,0,
TC101248,soporte_remoto,whatsapp,internet,ERROR EN INGRESO A PÁGINAS,,solucionado,2026-02-09 16:45:00,2026-02-10 09:00:00,7,1,
DQ101249,soporte_remoto,call_center,internet,LENTITUD E INTERMITENCIA,,solucionado,2026-02-09 17:15:00,2026-02-10 08:20:00,0,1,
SG103374,cambio_plan,call_center,,,,solucionado,2026-02-09 17:25:00,2026-04-06 10:05:00,9,3,
SG103373,cambio_plan,call_center,,,,solucionado,2026-02-09 17:55:00,2026-02-12 14:25:00,3,3,
DQ101250,soporte_remoto,whatsapp,internet_tv,LENTITUD E INTERMITENCIA,,solucionado,2026-02-09 18:50:00,2026-02-10 12:00:00,0,1,
C100169,sin_internet,call_center,internet,,WIFI DESACTIVADO,solucionado,2026-02-10 08:05:00,2026-02-17 08:35:00,8,0,
C101251,soporte_remoto,whatsapp,internet,LENTITUD E INTERMITENCIA,,solucionado,2026-02-10 08:15:00,2026-02-10 12:10:00,11,2,
SG101252,soporte_remoto,call_center,internet,ERROR EN INGRESO A PÁGINAS,,solucionado,2026-02-10 09:10:00,2026-02-11 10:50:00,3,2,
TC103980,cambio_titular,whatsapp,,,,solucionado,2026-02-10 09:45:00,2026-02-11 08:35:00,10,5,
TC101253,soporte_remoto,whatsapp,internet,LENTITUD E INTERMITENCIA,,solucionado,2026-02-10 09:50:00,2026-02-11 12:05:00,39,1,
SR101254,soporte_remoto,call_center,internet,LENTITUD E INTERMITENCIA,,solucionado,2026-02-10 11:20:00,2026-02-11 10:55:00,1,2,
DQ101255,soporte_remoto,call_center,tv,SIN SEÑAL DE TV,,solucionado,2026-02-10 11:30:00,2026-02-11 10:45:00,5,1,
DQ103375,cambio_plan,whatsapp,,,,solucionado,2026-02-10 11:55:00,2026-02-12 14:55:00,4,3,
TC101256,soporte_remoto,whatsapp,internet,LENTITUD E INTERMITENCIA,,solucionado,2026-02-10 12:55:00,2026-02-11 11:10:00,29,2,
SR101257,soporte_remoto,whatsapp,internet,LENTITUD E INTERMITENCIA,,solucionado,2026-02-10 13:10:00,2026-02-11 12:15:00,14,1,
VG101258,soporte_remoto,whatsapp,internet,LENTITUD E INTERMITENCIA,,solucionado,2026-02-10 14:10:00,2026-02-11 11:50:00,6,2,
VG100163,sin_internet,call_center,internet,,WIFI RESETEADO,solucionado,2026-02-10 14:15:00,2026-02-10 17:10:00,6,0,
CH100952,soporte_remoto,call_center,internet,LENTITUD E INTERMITENCIA,,solucionado,2026-02-10 14:15:00,2026-02-11 12:10:00,2,2,
DQ100164,sin_internet,call_center,internet,,FALLA MASIVA,solucionado,2026-02-10 14:20:00,2026-02-10 17:20:00,4,0,
DQ101259,soporte_remoto,call_center,internet,LENTITUD E INTERMITENCIA,,solucionado,2026-02-10 14:20:00,2026-02-11 12:15:00,5,2,
TC100161,sin_internet,call_center,internet,,ERROR DNS,solucionado,2026-02-10 14:25:00,2026-02-10 17:30:00,31,0,
TC101260,soporte_remoto,call_center,internet,ERROR EN INGRESO A PÁGINAS,,solucionado,2026-02-10 14:45:00,2026-02-11 12:25:00,7,1,
DQ101261,soporte_remoto,call_center,internet,LENTITUD E INTERMITENCIA,,solucionado,2026-02-10 14:45:00,2026-02-11 12:15:00,5,2,
C101262,soporte_remoto,call_center,internet,LENTITUD E INTERMITENCIA,,solucionado,2026-02-10 14:45:00,2026-02-12 09:20:00,29,1,
SG101252,cambio_plan,whatsapp,,,,solucionado,2026-02-10 14:55:00,2026-02-12 17:35:00,3,3,
SG103376,cambio_plan,call_center,,,,solucionado,2026-02-10 14:55:00,2026-04-06 10:05:00,3,3,
VG100165,sin_internet,call_center,internet,,BLOQUEO DE EQUIPO,solucionado,2026-02-10 15:20:00,2026-02-10 17:45:00,6,0,
CH101263,soporte_remoto,caja,internet,LENTITUD E INTERMITENCIA,,solucionado,2026-02-10 15:55:00,2026-02-12 09:35:00,2,1,
DQ103377,cambio_plan,call_center,,,,solucionado,2026-02-10 16:25:00,2026-03-04 11:15:00,19,3,
C101264,soporte_remoto,caja,tv,FALLAS CON LA TV,,solucionado,2026-02-10 16:35:00,2026-02-11 11:55:00,12,2,
VG100166,sin_internet,whatsapp,internet,,,solucionado,2026-02-10 16:45:00,2026-02-10 17:50:00,6,2,
TCF100167,sin_internet,call_center,internet,,,solucionado,2026-02-10 16:45:00,2026-02-10 17:55:00,4,2,
DQ103382,cambio_plan,call_center,,,,solucionado,2026-02-10 16:45:00,2026-02-11 16:50:00,17,3,
TCF100168,sin_internet,call_center,internet,,NIVELES CRÍTICOS,solucionado,2026-02-10 17:00:00,2026-02-10 17:50:00,4,1,
SR100784,soporte_remoto,call_center,internet,LENTITUD E INTERMITENCIA,,solucionado,2026-02-10 17:10:00,2026-02-12 09:40:00,1,1,
VG103378,cambio_plan,whatsapp,,,,solucionado,2026-02-10 17:20:00,2026-04-06 10:10:00,20,3,
DQ101265,soporte_remoto,call_center,internet_tv,LENTITUD E INTERMITENCIA,,solucionado,2026-02-10 17:45:00,2026-02-14 13:15:00,0,2,
VG100173,sin_internet,whatsapp,internet,,MTU 1500,solucionado,2026-02-11 08:15:00,2026-02-12 09:30:00,6,4,
TC101266,soporte_remoto,call_center,internet,LENTITUD E INTERMITENCIA,,solucionado,2026-02-11 08:35:00,2026-02-14 10:10:00,29,0,
SR101267,soporte_remoto,call_center,internet,LENTITUD E INTERMITENCIA,,solucionado,2026-02-11 08:35:00,2026-02-11 16:00:00,11,4,
C101268,soporte_remoto,caja,internet,LENTITUD E INTERMITENCIA,,solucionado,2026-02-11 09:05:00,2026-02-11 14:35:00,8,13,
DQ101269,soporte_remoto,caja,internet,LENTITUD E INTERMITENCIA,,solucionado,2026-02-11 09:15:00,2026-02-11 13:20:00,0,4,
TC101275,soporte_remoto,call_center,internet,PROBLEMAS CON CÁMARAS/DVR,,solucionado,2026-02-11 09:15:00,2026-02-12 12:15:00,39,2,
SR103981,cambio_titular,whatsapp,,,,solucionado,2026-02-11 09:45:00,2026-02-19 11:10:00,1,5,
TC101270,soporte_remoto,whatsapp,tv,CANALES LLUVIOSOS/PIXELADOS,,solucionado,2026-02-11 09:55:00,2026-02-11 16:05:00,12,13,
TC100170,sin_internet,whatsapp,internet,,FALLA DE FIBRA,solucionado,2026-02-11 11:00:00,2026-02-11 15:20:00,4,0,
TC101271,soporte_remoto,call_center,internet,PROBLEMAS CON CÁMARAS/DVR,,cancelado,2026-02-11 11:05:00,2026-02-12 12:40:00,16,2,
TC100171,sin_internet,call_center,internet,,ERROR DNS,solucionado,2026-02-11 11:40:00,2026-02-11 15:45:00,10,0,
C101272,soporte_remoto,caja,internet,ERROR EN INGRESO A PÁGINAS,,solucionado,2026-02-11 11:40:00,2026-02-11 16:00:00,19,4,1
VG100063,sin_internet,call_center,internet,,ERROR DNS,solucionado,2026-02-11 11:55:00,2026-02-11 15:55:00,6,0,
TC101273,soporte_remoto,whatsapp,tv,CANALES LLUVIOSOS/PIXELADOS,,solucionado,2026-02-11 12:20:00,2026-02-11 16:30:00,4,13,
TC103379,cambio_plan,call_center,,,,solucionado,2026-02-11 13:30:00,2026-02-12 17:40:00,20,3,
SR101274,soporte_remoto,call_center,internet,LENTITUD E INTERMITENCIA,,solucionado,2026-02-11 13:40:00,2026-02-11 16:20:00,21,1,
TC100197,soporte_remoto,call_center,internet,PROBLEMAS CON TEST DE VELOCIDAD,,cancelado,2026-02-11 13:55:00,2026-02-11 16:45:00,25,0,
SG101276,soporte_remoto,call_center,internet,LENTITUD E INTERMITENCIA,,solucionado,2026-02-11 14:15:00,2026-02-12 10:45:00,3,6,
C103380,cambio_plan,call_center,,,,solucionado,2026-02-11 14:25:00,2026-02-12 17:45:00,27,3,
VG103381,cambio_plan,caja,,,,solucionado,2026-02-11 14:25:00,2026-02-12 10:20:00,20,9,
DQ101277,soporte_remoto,caja,internet,ERROR EN INGRESO A PÁGINAS,,solucionado,2026-02-11 15:00:00,2026-02-11 17:40:00,5,13,
SG101278,soporte_remoto,whatsapp,internet,LENTITUD E INTERMITENCIA,,solucionado,2026-02-11 15:25:00,2026-02-11 17:20:00,3,13,
SG100172,sin_internet,call_center,internet,,WIFI DESACTIVADO,solucionado,2026-02-11 15:55:00,2026-02-20 16:00:00,3,0,
VG100273,soporte_remoto,call_center,internet_tv,LENTITUD E INTERMITENCIA,,solucionado,2026-02-11 16:05:00,2026-02-12 11:00:00,6,13,
C101140,soporte_remoto,call_center,internet_tv,LENTITUD E INTERMITENCIA,,solucionado,2026-02-11 16:10:00,2026-02-11 17:55:00,29,13,
SG103385,cambio_titular,call_center,,,,solucionado,2026-02-11 16:30:00,2026-04-28 13:30:00,3,5,
C101279,soporte_remoto,call_center,internet,PROBLEMAS CON CÁMARAS/DVR,,solucionado,2026-02-11 17:50:00,2026-02-12 11:25:00,8,6,
C103383,cambio_plan,whatsapp,,,,solucionado,2026-02-11 18:20:00,2026-02-12 10:20:00,20,9,
SG103384,cambio_plan,call_center,,,,solucionado,2026-02-11 18:25:00,2026-02-13 11:40:00,3,3,
SG103385,cambio_plan,caja,,,,solucionado,2026-02-11 18:25:00,2026-04-06 10:10:00,3,3,
SR103982,cambio_titular,caja,,,,solucionado,2026-02-12 10:35:00,2026-02-12 17:10:00,1,5,
DQ100174,sin_internet,call_center,internet,,WIFI DESACTIVADO,solucionado,2026-02-12 10:45:00,2026-02-12 12:20:00,5,0,
TC100180,sin_internet,call_center,internet,,,solucionado,2026-02-12 11:10:00,2026-02-17 09:15:00,10,0,
TC100181,sin_internet,call_center,internet,,FALLA DE FIBRA,solucionado,2026-02-12 11:40:00,2026-02-13 15:35:00,7,0,
C100175,sin_internet,whatsapp,internet,,FALLA DE FIBRA,solucionado,2026-02-12 11:45:00,2026-02-12 12:30:00,8,0,
VG103388,cambio_plan,call_center,,,,solucionado,2026-02-12 11:50:00,2026-02-13 13:25:00,6,3,
SG100182,sin_internet,call_center,internet,,,solucionado,2026-02-12 12:00:00,2026-02-13 15:50:00,9,0,
C101280,soporte_remoto,caja,tv,CANALES INTERMITENTES,,solucionado,2026-02-12 12:00:00,2026-02-13 10:10:00,8,1,
VG103983,cambio_titular,call_center,,,,solucionado,2026-02-12 12:00:00,2026-02-12 17:20:00,6,5,
SG100815,cambio_plan,call_center,,,,solucionado,2026-02-12 12:05:00,2026-02-13 11:40:00,9,3,
C101281,soporte_remoto,call_center,internet,LENTITUD E INTERMITENCIA,,solucionado,2026-02-12 13:15:00,2026-02-12 13:15:00,20,2,
VG100176,sin_internet,whatsapp,internet,,WIFI DESACTIVADO,solucionado,2026-02-12 14:20:00,2026-02-12 16:10:00,6,0,
SG101012,soporte_remoto,call_center,internet,LENTITUD E INTERMITENCIA,,solucionado,2026-02-12 14:25:00,2026-02-12 17:05:00,21,0,
SR101282,soporte_remoto,call_center,internet,LENTITUD E INTERMITENCIA,,solucionado,2026-02-12 15:30:00,2026-02-16 10:55:00,1,0,
SG103984,cambio_titular,whatsapp,,,,solucionado,2026-02-12 15:30:00,2026-02-12 17:25:00,3,5,
C103386,cambio_plan,call_center,,,,solucionado,2026-02-12 16:00:00,2026-02-13 12:55:00,15,3,
VG100177,sin_internet,whatsapp,internet,,WIFI DESACTIVADO,solucionado,2026-02-12 16:20:00,2026-02-12 17:20:00,6,0,
TC103387,cambio_plan,whatsapp,,,,solucionado,2026-02-12 16:40:00,2026-02-12 16:40:00,27,15,
SG101283,soporte_remoto,call_center,internet,LENTITUD E INTERMITENCIA,,solucionado,2026-02-12 16:50:00,2026-02-12 16:55:00,9,2,
CH101284,soporte_remoto,call_center,tv,PROGRAMACIÓN DE TV,,solucionado,2026-02-12 17:05:00,2026-02-13 10:25:00,2,1,
TC100178,sin_internet,call_center,internet,,WIFI DESACTIVADO,solucionado,2026-02-12 17:35:00,2026-02-12 17:35:00,10,0,
TC100178,cambio_plan,whatsapp,,,,solucionado,2026-02-12 17:35:00,2026-02-13 13:15:00,10,3,
SR100179,sin_internet,whatsapp,internet,,VLAN DUPLICADA,solucionado,2026-02-12 17:45:00,2026-02-14 09:40:00,1,0,
DQ100064,soporte_remoto,call_center,tv,PROGRAMACIÓN DE TV,,solucionado,2026-02-13 09:15:00,2026-02-14 10:35:00,5,0,
C101285,soporte_remoto,whatsapp,internet_tv,LENTITUD E INTERMITENCIA,,solucionado,2026-02-13 10:00:00,2026-02-14 11:15:00,8,0,
TC101203,soporte_remoto,call_center,tv,SIN SEÑAL DE TV,,solucionado,2026-02-13 10:05:00,2026-02-13 10:05:00,16,2,
TC100506,soporte_remoto,call_center,internet,LENTITUD E INTERMITENCIA,,solucionado,2026-02-13 10:35:00,2026-02-13 10:35:00,19,2,
TC101286,soporte_remoto,call_center,internet,LENTITUD E INTERMITENCIA,,solucionado,2026-02-13 11:15:00,2026-02-13 11:15:00,19,2,
SG100751,soporte_remoto,whatsapp,internet,LENTITUD E INTERMITENCIA,,solucionado,2026-02-13 12:25:00,2026-02-13 12:25:00,9,2,
SG101287,soporte_remoto,call_center,internet,LENTITUD E INTERMITENCIA,,solucionado,2026-02-13 13:15:00,2026-02-13 13:15:00,3,1,
TC100183,sin_internet,call_center,internet,,ERROR DNS,solucionado,2026-02-13 13:45:00,2026-02-13 16:00:00,4,0,
TC101289,soporte_remoto,call_center,internet,LENTITUD E INTERMITENCIA,,cancelado,2026-02-13 13:55:00,,7,0,
DQ101057,soporte_remoto,whatsapp,tv,PROGRAMACIÓN DE TV,,solucionado,2026-02-13 14:15:00,2026-02-13 14:15:00,5,1,
SR101288,soporte_remoto,whatsapp,tv,CANALES LLUVIOSOS/PIXELADOS,,solucionado,2026-02-13 14:40:00,2026-02-13 14:40:00,21,1,
DQ101290,soporte_remoto,call_center,tv,SIN SEÑAL DE TV,,solucionado,2026-02-13 14:55:00,2026-02-14 10:40:00,5,2,
SR101291,soporte_remoto,whatsapp,internet,LENTITUD E INTERMITENCIA,,solucionado,2026-02-13 15:25:00,2026-02-14 10:20:00,14,1,
DQ103389,cambio_plan,call_center,,,,solucionado,2026-02-13 15:35:00,2026-04-06 10:10:00,0,3,
SR103390,cambio_plan,call_center,,,,solucionado,2026-02-13 16:05:00,2026-02-16 10:40:00,20,3,
TC101292,soporte_remoto,call_center,internet,LENTITUD E INTERMITENCIA,,solucionado,2026-02-13 16:10:00,2026-02-13 16:20:00,11,2,
TC101293,soporte_remoto,whatsapp,tv,PROGRAMACIÓN DE TV,,solucionado,2026-02-13 16:15:00,2026-02-14 09:05:00,7,1,
C103391,cambio_plan,call_center,,,,solucionado,2026-02-13 16:25:00,2026-02-16 11:10:00,15,3,
C103392,cambio_plan,call_center,,,,solucionado,2026-02-13 16:25:00,2026-02-16 11:25:00,15,3,
SG101294,soporte_remoto,whatsapp,internet,LENTITUD E INTERMITENCIA,,solucionado,2026-02-13 16:40:00,2026-02-14 08:40:00,9,1,
TC100886,cambio_plan,call_center,,,,solucionado,2026-02-13 16:50:00,2026-04-09 17:40:00,12,3,
CH101295,soporte_remoto,whatsapp,internet,LENTITUD E INTERMITENCIA,,solucionado,2026-02-13 17:00:00,2026-02-14 15:00:00,2,1,
CH101024,soporte_remoto,caja,tv,SIN SEÑAL DE TV,,solucionado,2026-02-13 17:00:00,2026-02-14 09:30:00,2,1,
C103393,cambio_plan,call_center,,,,solucionado,2026-02-13 17:30:00,2026-02-16 11:50:00,15,3,
VG103394,cambio_plan,call_center,,,,solucionado,2026-02-13 17:30:00,2026-03-04 17:30:00,6,3,
TC103985,cambio_titular,caja,,,,solucionado,2026-02-13 17:30:00,2026-02-18 12:00:00,12,5,
SR103395,cambio_plan,whatsapp,,,,solucionado,2026-02-13 17:55:00,2026-03-04 17:30:00,21,3,
C103396,cambio_plan,caja,,,,solucionado,2026-02-15 12:15:00,2026-04-06 10:15:00,25,3,
TC101296,soporte_remoto,call_center,internet,PROBLEMAS CON CÁMARAS/DVR,,solucionado,2026-02-16 08:35:00,2026-02-16 10:50:00,16,2,
DQ100184,sin_internet,call_center,internet,,WIFI DESACTIVADO,solucionado,2026-02-16 08:45:00,2026-02-17 09:20:00,11,0,
C100186,sin_internet,caja,internet,,MTU 1500,solucionado,2026-02-16 09:00:00,2026-02-19 09:00:00,8,0,
SG101297,soporte_remoto,call_center,internet,LENTITUD E INTERMITENCIA,,solucionado,2026-02-16 09:05:00,2026-02-16 17:05:00,3,2,
SG101298,soporte_remoto,whatsapp,internet,LENTITUD E INTERMITENCIA,,solucionado,2026-02-16 09:50:00,2026-02-16 17:30:00,29,2,
SG101299,soporte_remoto,call_center,internet_tv,LENTITUD E INTERMITENCIA,,solucionado,2026-02-16 10:05:00,2026-02-17 17:35:00,29,2,
CH101300,soporte_remoto,whatsapp,internet,LENTITUD E INTERMITENCIA,,solucionado,2026-02-16 10:10:00,2026-02-16 17:15:00,2,1,
CH101301,soporte_remoto,whatsapp,internet_tv,LENTITUD E INTERMITENCIA,,solucionado,2026-02-16 11:00:00,2026-02-17 16:05:00,2,0,
VG100336,soporte_remoto,call_center,internet,LENTITUD E INTERMITENCIA,,solucionado,2026-02-16 11:30:00,2026-02-16 17:30:00,6,2,
SG100185,sin_internet,call_center,internet,,BLOQUEO DE EQUIPO,solucionado,2026-02-16 11:40:00,2026-02-20 09:55:00,3,0,
SG100185,soporte_remoto,whatsapp,internet,LENTITUD E INTERMITENCIA,,solucionado,2026-02-16 11:40:00,2026-02-16 11:40:00,3,1,
SR101302,soporte_remoto,call_center,internet,LENTITUD E INTERMITENCIA,,solucionado,2026-02-16 11:40:00,2026-02-16 16:15:00,1,2,
SG101303,soporte_remoto,call_center,internet,LENTITUD E INTERMITENCIA,,solucionado,2026-02-16 11:40:00,2026-02-16 11:40:00,3,2,
TC103986,cambio_titular,whatsapp,,,,solucionado,2026-02-16 11:50:00,2026-02-18 13:00:00,4,5,
DQ103987,cambio_titular,call_center,,,,solucionado,2026-02-16 11:50:00,2026-02-18 13:05:00,0,5,
SG101304,soporte_remoto,call_center,internet_tv,LENTITUD E INTERMITENCIA,,solucionado,2026-02-16 12:00:00,2026-02-16 16:00:00,9,2,
DQ103397,cambio_plan,whatsapp,,,,solucionado,2026-02-16 12:00:00,2026-04-06 10:15:00,4,3,
DQ103398,cambio_plan,call_center,,,,solucionado,2026-02-16 12:20:00,2026-02-19 11:20:00,0,3,
C103399,cambio_plan,call_center,,,,solucionado,2026-02-16 13:15:00,2026-03-06 12:50:00,8,3,
TC103400,cambio_plan,call_center,,,,solucionado,2026-02-16 14:00:00,2026-02-20 14:05:00,16,3,
DQ101305,soporte_remoto,call_center,tv,CANALES LLUVIOSOS/PIXELADOS,,cancelado,2026-02-16 14:05:00,2026-02-19 15:25:00,0,0,
C103401,cambio_plan,call_center,,,,solucionado,2026-02-16 14:15:00,2026-02-20 16:50:00,8,3,
VG101224,soporte_remoto,call_center,internet,LENTITUD E INTERMITENCIA,,solucionado,2026-02-16 15:10:00,2026-02-16 15:10:00,6,1,
C101306,soporte_remoto,caja,internet,LENTITUD E INTERMITENCIA,,solucionado,2026-02-16 15:15:00,2026-02-16 15:40:00,8,1,
VG101307,soporte_remoto,call_center,internet,LENTITUD E INTERMITENCIA,,solucionado,2026-02-16 15:40:00,2026-02-16 16:30:00,6,1,
TC103402,cambio_plan,whatsapp,,,,solucionado,2026-02-16 15:40:00,2026-02-20 17:10:00,12,3,
TC100171,soporte_remoto,caja,internet,PROBLEMAS CON TEST DE VELOCIDAD,,solucionado,2026-02-16 15:55:00,2026-02-17 10:10:00,12,2,
SG101308,soporte_remoto,caja,internet,LENTITUD E INTERMITENCIA,,solucionado,2026-02-16 16:00:00,2026-02-17 11:10:00,3,1,
C101309,soporte_remoto,whatsapp,internet,LENTITUD E INTERMITENCIA,,solucionado,2026-02-16 16:10:00,2026-02-17 11:05:00,8,2,
CH101310,soporte_remoto,call_center,internet,LENTITUD E INTERMITENCIA,,solucionado,2026-02-16 16:35:00,2026-02-17 16:30:00,2,2,
TC101311,soporte_remoto,call_center,internet,PROBLEMAS CON TEST DE VELOCIDAD,,solucionado,2026-02-16 16:45:00,2026-02-17 09:55:00,21,2,
DQ101312,soporte_remoto,caja,internet_tv,LENTITUD E INTERMITENCIA,,solucionado,2026-02-16 16:55:00,2026-02-17 09:35:00,0,1,
TC100187,sin_internet,caja,internet,,FALLA DE FIBRA,solucionado,2026-02-16 17:10:00,2026-02-16 17:55:00,7,0,
TC100187,cambio_plan,whatsapp,,,,solucionado,2026-02-16 17:10:00,2026-02-20 17:10:00,7,3,
C103403,cambio_plan,call_center,,,,solucionado,2026-02-16 17:40:00,2026-03-06 12:55:00,8,3,
SG100188,sin_internet,whatsapp,internet,,BLOQUEO DE EQUIPO,solucionado,2026-02-17 08:00:00,2026-02-17 11:00:00,9,0,
SG100189,sin_internet,call_center,internet,,WIFI DESACTIVADO,solucionado,2026-02-17 08:15:00,2026-02-17 11:25:00,3,0,
VG100687,soporte_remoto,whatsapp,internet,LENTITUD E INTERMITENCIA,,solucionado,2026-02-17 08:50:00,2026-02-17 17:20:00,6,1,
TC100197,sin_internet,caja,internet,,EQUIPO NO ENGANCHA,solucionado,2026-02-17 08:55:00,2026-02-18 17:00:00,21,4,
C101313,soporte_remoto,call_center,internet_tv,LENTITUD E INTERMITENCIA,,solucionado,2026-02-17 09:15:00,2026-02-17 11:20:00,11,1,
VG103404,cambio_plan,call_center,,,,solucionado,2026-02-17 09:20:00,2026-02-20 17:40:00,6,3,
TC101314,soporte_remoto,whatsapp,internet_tv,LENTITUD E INTERMITENCIA,,solucionado,2026-02-17 09:25:00,2026-02-17 16:30:00,29,2,
TCF100190,sin_internet,whatsapp,internet,,WIFI RESETEADO,solucionado,2026-02-17 09:40:00,2026-02-23 08:55:00,4,0,
SG101315,soporte_remoto,call_center,internet,LENTITUD E INTERMITENCIA,,solucionado,2026-02-17 10:00:00,2026-02-17 11:45:00,3,2,
TC101203,soporte_remoto,call_center,internet_tv,LENTITUD E INTERMITENCIA,,solucionado,2026-02-17 10:00:00,2026-02-17 17:45:00,29,2,
DQ100191,sin_internet,call_center,internet,,WIFI DESACTIVADO,solucionado,2026-02-17 10:20:00,2026-02-17 11:55:00,5,0,
DQ100192,sin_internet,call_center,internet,,FALLA DE FIBRA,solucionado,2026-02-17 10:45:00,2026-02-17 11:50:00,0,0,
DQ101316,soporte_remoto,whatsapp,internet,LENTITUD E INTERMITENCIA,,cancelado,2026-02-17 10:50:00,2026-02-20 09:15:00,4,0,
C101317,soporte_remoto,call_center,internet,STREAMING CON FALLAS,,solucionado,2026-02-17 11:00:00,2026-03-06 09:40:00,27,2,
TC101318,soporte_remoto,whatsapp,internet,LENTITUD E INTERMITENCIA,,solucionado,2026-02-17 11:00:00,2026-02-17 16:55:00,20,0,
C103405,cambio_plan,call_center,,,,solucionado,2026-02-17 11:00:00,2026-02-20 17:45:00,8,3,
C101319,soporte_remoto,whatsapp,internet,LENTITUD E INTERMITENCIA,,solucionado,2026-02-17 11:15:00,2026-02-17 14:30:00,8,1,
TC101320,soporte_remoto,whatsapp,internet,LENTITUD E INTERMITENCIA,,solucionado,2026-02-17 11:35:00,2026-02-17 12:30:00,12,1,
DQ101321,soporte_remoto,whatsapp,internet,LENTITUD E INTERMITENCIA,,solucionado,2026-02-17 11:40:00,2026-02-17 11:40:00,5,1,
TCF101322,soporte_remoto,call_center,internet,LENTITUD E INTERMITENCIA,,solucionado,2026-02-17 11:45:00,2026-02-17 16:55:00,29,1,
SG100193,sin_internet,whatsapp,internet,,,solucionado,2026-02-17 11:50:00,,9,,
SG101323,soporte_remoto,call_center,internet,LENTITUD E INTERMITENCIA,,solucionado,2026-02-17 12:00:00,2026-02-20 09:30:00,9,0,
SG101323,cambio_plan,call_center,,,,solucionado,2026-02-17 12:00:00,2026-02-21 11:40:00,9,3,
C101324,soporte_remoto,call_center,internet,LENTITUD E INTERMITENCIA,,solucionado,2026-02-17 12:50:00,2026-02-17 14:20:00,29,1,
SR100139,soporte_remoto,call_center,internet,LENTITUD E INTERMITENCIA,,solucionado,2026-02-17 14:00:00,2026-02-17 17:50:00,1,1,
SR103406,cambio_plan,whatsapp,,,,solucionado,2026-02-17 14:30:00,2026-02-21 11:50:00,1,3,
SR103406,cambio_titular,call_center,,,,solucionado,2026-02-17 14:30:00,2026-02-17 14:30:00,1,5,
DQ100194,sin_internet,whatsapp,internet,,FALLA DE FIBRA,solucionado,2026-02-17 15:00:00,2026-02-20 09:40:00,0,0,
SR101325,soporte_remoto,caja,internet,LENTITUD E INTERMITENCIA,,solucionado,2026-02-17 15:20:00,2026-02-17 15:20:00,14,1,
DQ101326,soporte_remoto,whatsapp,internet_tv,LENTITUD E INTERMITENCIA,,solucionado,2026-02-17 15:45:00,2026-02-17 16:40:00,16,1,
TC101327,soporte_remoto,caja,tv,FALLAS CON LA TV,,cancelado,2026-02-17 15:55:00,2026-02-20 10:05:00,16,0,
C101328,soporte_remoto,whatsapp,internet,LENTITUD E INTERMITENCIA,,cancelado,2026-02-17 16:00:00,2026-02-24 10:15:00,15,0,
DQ101151,soporte_remoto,caja,internet,PROBLEMAS CON CÁMARAS/DVR,,solucionado,2026-02-17 16:05:00,2026-02-20 12:15:00,29,2,
DQ101329,soporte_remoto,whatsapp,internet,PROBLEMAS CON CÁMARAS/DVR,,cancelado,2026-02-17 16:10:00,2026-02-24 10:30:00,21,0,
TC101330,soporte_remoto,whatsapp,internet,LENTITUD E INTERMITENCIA,,solucionado,2026-02-17 17:25:00,2026-02-17 17:25:00,16,1,
C100195,sin_internet,call_center,internet,,MTU 1500,solucionado,2026-02-17 17:40:00,2026-02-19 09:25:00,8,0,
DQ100196,sin_internet,whatsapp,internet,,WIFI DESACTIVADO,solucionado,2026-02-17 17:40:00,2026-02-25 11:15:00,0,0,
C103988,cambio_titular,call_center,,,,solucionado,2026-02-18 08:05:00,2026-02-25 08:35:00,8,5,
TCF100132,soporte_remoto,whatsapp,tv,SIN SEÑAL DE TV,,solucionado,2026-02-18 08:20:00,2026-02-20 17:15:00,4,2,
SG100198,sin_internet,call_center,internet,,MTU 1500,solucionado,2026-02-18 09:15:00,2026-02-18 11:00:00,3,4,
TC101260,soporte_remoto,whatsapp,internet,PROBLEMAS CON TEST DE VELOCIDAD,,solucionado,2026-02-18 09:45:00,2026-02-18 09:45:00,10,1,
TC100199,sin_internet,call_center,internet,,FALLA DE FIBRA,solucionado,2026-02-18 10:30:00,2026-02-18 15:10:00,7,0,
SG103407,cambio_plan,whatsapp,,,,solucionado,2026-02-18 10:50:00,2026-02-21 11:55:00,3,3,
TCF100200,sin_internet,whatsapp,internet,,BLOQUEO DE EQUIPO,solucionado,2026-02-18 11:30:00,2026-02-18 15:20:00,4,0,
DQ100910,soporte_remoto,call_center,internet,LENTITUD E INTERMITENCIA,,solucionado,2026-02-18 11:30:00,2026-02-19 16:40:00,0,0,
DQ101331,soporte_remoto,call_center,internet,LENTITUD E INTERMITENCIA,,solucionado,2026-02-18 11:50:00,2026-02-18 12:40:00,0,1,
TC100201,sin_internet,call_center,internet,,BLOQUEO DE EQUIPO,solucionado,2026-02-18 12:50:00,2026-02-18 16:10:00,7,0,
TC101332,soporte_remoto,call_center,internet,LENTITUD E INTERMITENCIA,,solucionado,2026-02-18 13:20:00,2026-02-18 13:20:00,7,1,
C101333,soporte_remoto,call_center,internet,ERROR EN INGRESO A PÁGINAS,,solucionado,2026-02-18 13:30:00,2026-02-18 15:10:00,8,1,1
TC101334,soporte_remoto,call_center,internet_tv,ERROR EN INGRESO A PÁGINAS,,solucionado,2026-02-18 13:35:00,2026-02-18 13:35:00,7,1,
TC100202,sin_internet,call_center,internet,,WIFI DESACTIVADO,solucionado,2026-02-18 13:45:00,2026-02-18 16:30:00,10,0,
SR101335,soporte_remoto,whatsapp,internet,ERROR EN INGRESO A PÁGINAS,,solucionado,2026-02-18 13:55:00,2026-02-19 08:30:00,1,1,
VG103408,cambio_plan,call_center,,,,solucionado,2026-02-18 14:15:00,2026-03-06 13:25:00,6,3,
C101336,soporte_remoto,whatsapp,internet,LENTITUD E INTERMITENCIA,,solucionado,2026-02-18 14:45:00,2026-02-19 08:50:00,8,1,
TC101337,soporte_remoto,whatsapp,internet,LENTITUD E INTERMITENCIA,,solucionado,2026-02-18 14:45:00,2026-02-19 09:05:00,10,1,
DQ103409,cambio_plan,call_center,,,,solucionado,2026-02-18 14:45:00,2026-02-21 12:00:00,22,3,
C100203,sin_internet,whatsapp,internet,,VLAN DUPLICADA,solucionado,2026-02-18 15:05:00,2026-02-18 17:00:00,15,0,
TC100204,sin_internet,call_center,internet,,BLOQUEO DE EQUIPO,solucionado,2026-02-18 15:05:00,2026-02-18 17:20:00,10,0,
DQ101338,soporte_remoto,caja,tv,PROGRAMACIÓN DE TV,,solucionado,2026-02-18 15:05:00,2026-02-19 09:30:00,23,1,
SR101339,soporte_remoto,call_center,internet,PROBLEMAS CON TEST DE VELOCIDAD,,solucionado,2026-02-18 15:05:00,2026-02-20 15:30:00,21,0,
TC101340,soporte_remoto,call_center,tv,SIN SEÑAL DE TV,,solucionado,2026-02-18 15:05:00,2026-02-20 11:50:00,4,0,
VG103410,cambio_plan,call_center,,,,solucionado,2026-02-18 16:20:00,2026-02-21 12:15:00,23,3,
DQ101341,soporte_remoto,call_center,internet_tv,LENTITUD E INTERMITENCIA,,cancelado,2026-02-18 16:35:00,2026-02-24 10:25:00,5,0,
VG103411,cambio_plan,call_center,,,,solucionado,2026-02-18 16:45:00,2026-03-07 09:30:00,6,3,
TC101342,soporte_remoto,call_center,internet,LENTITUD E INTERMITENCIA,,solucionado,2026-02-18 16:50:00,2026-02-20 12:30:00,7,2,
C103412,cambio_plan,call_center,,,,solucionado,2026-02-18 16:50:00,2026-03-07 13:25:00,15,3,
VG100205,sin_internet,call_center,internet,,MTU 1500,solucionado,2026-02-18 16:55:00,2026-02-18 17:30:00,6,0,
DQ101329,cambio_titular,whatsapp,,,,solucionado,2026-02-18 17:00:00,2026-02-19 10:40:00,23,5,
TC101343,soporte_remoto,whatsapp,internet,LENTITUD E INTERMITENCIA,,solucionado,2026-02-18 17:20:00,2026-02-20 12:45:00,16,2,
SR100206,sin_internet,call_center,internet,,ERROR DNS,solucionado,2026-02-18 17:35:00,2026-02-20 08:55:00,1,0,
TC101344,soporte_remoto,whatsapp,internet,LENTITUD E INTERMITENCIA,,solucionado,2026-02-19 08:25:00,2026-02-19 09:50:00,29,1,
C100207,sin_internet,whatsapp,internet,,WIFI DESACTIVADO,solucionado,2026-02-19 09:05:00,2026-02-19 10:25:00,8,0,
C101345,soporte_remoto,caja,internet,LENTITUD E INTERMITENCIA,,solucionado,2026-02-19 09:25:00,2026-02-19 10:20:00,8,1,
TCF103989,cambio_titular,whatsapp,,,,solucionado,2026-02-19 10:10:00,2026-02-19 11:10:00,4,5,
SR101346,soporte_remoto,call_center,tv,SIN SEÑAL DE TV,,solucionado,2026-02-19 10:20:00,2026-02-19 16:30:00,1,1,
SR100209,soporte_remoto,call_center,tv,CANALES LLUVIOSOS/PIXELADOS,,solucionado,2026-02-19 10:50:00,2026-02-19 10:50:00,1,1,
SG103413,cambio_plan,whatsapp,,,,solucionado,2026-02-19 11:00:00,2026-02-21 12:50:00,3,3,
TC101347,soporte_remoto,call_center,internet,LENTITUD E INTERMITENCIA,,solucionado,2026-02-19 11:10:00,2026-02-19 11:40:00,11,2,
TC103417,cambio_plan,call_center,,,,solucionado,2026-02-19 11:15:00,2026-03-07 13:30:00,16,3,
TC101348,soporte_remoto,whatsapp,internet,LENTITUD E INTERMITENCIA,,solucionado,2026-02-19 11:55:00,2026-02-19 12:00:00,11,2,
TC100514,soporte_remoto,call_center,internet,LENTITUD E INTERMITENCIA,,solucionado,2026-02-19 11:55:00,2026-02-19 12:15:00,11,2,
TC101350,soporte_remoto,call_center,internet,LENTITUD E INTERMITENCIA,,solucionado,2026-02-19 12:15:00,2026-02-19 13:20:00,11,2,
TC101349,soporte_remoto,whatsapp,internet,LENTITUD E INTERMITENCIA,,solucionado,2026-02-19 12:40:00,2026-02-19 12:55:00,11,2,
SG101354,soporte_remoto,call_center,internet_tv,LENTITUD E INTERMITENCIA,,cancelado,2026-02-19 14:15:00,2026-02-20 16:10:00,3,0,
SR103414,cambio_plan,call_center,,,,solucionado,2026-02-19 14:15:00,2026-02-21 08:40:00,1,8,
SR103415,cambio_plan,call_center,,,,solucionado,2026-02-19 14:35:00,2026-02-19 14:35:00,25,14,
VG103416,cambio_plan,whatsapp,,,,solucionado,2026-02-19 15:05:00,2026-03-07 13:30:00,6,3,
TC100208,sin_internet,call_center,internet,,ERROR DNS,solucionado,2026-02-19 15:35:00,2026-02-20 08:40:00,4,0,
TC101351,soporte_remoto,call_center,internet,LENTITUD E INTERMITENCIA,,solucionado,2026-02-19 15:45:00,2026-02-20 10:20:00,24,1,
CH101352,soporte_remoto,call_center,tv,SIN SEÑAL DE TV,,cancelado,2026-02-19 15:50:00,2026-02-20 11:05:00,2,1,
C101353,soporte_remoto,call_center,tv,FALLAS CON LA TV,,solucionado,2026-02-19 16:10:00,2026-02-20 12:35:00,8,1,
SR100209,sin_internet,call_center,internet,,WIFI RESETEADO,solucionado,2026-02-19 16:25:00,2026-02-19 17:00:00,1,4,
C101355,soporte_remoto,call_center,internet,ERROR EN INGRESO A PÁGINAS,,solucionado,2026-02-19 16:45:00,2026-02-20 13:25:00,8,2,
TC100210,sin_internet,call_center,internet,,ERROR DNS,solucionado,2026-02-19 17:25:00,2026-02-20 08:30:00,7,0,
TCF101356,soporte_remoto,caja,internet,LENTITUD E INTERMITENCIA,,solucionado,2026-02-19 17:30:00,2026-02-20 09:35:00,4,2,
SR101357,soporte_remoto,call_center,internet_tv,FALLAS CON LA TV,,solucionado,2026-02-19 17:50:00,2026-02-20 17:40:00,14,2,
TC101358,soporte_remoto,call_center,internet,LENTITUD E INTERMITENCIA,,solucionado,2026-02-19 17:50:00,2026-02-20 11:55:00,11,2,
SG100962,soporte_remoto,call_center,internet,LENTITUD E INTERMITENCIA,,solucionado,2026-02-20 09:00:00,2026-02-20 10:10:00,9,1,
SR101197,soporte_remoto,call_center,internet,LENTITUD E INTERMITENCIA,,solucionado,2026-02-20 09:00:00,2026-02-20 17:25:00,,0,
VG103422,cambio_plan,call_center,,,,solucionado,2026-02-20 09:00:00,2026-04-06 10:20:00,6,3,
TCF100211,sin_internet,call_center,internet,,WIFI DESACTIVADO,solucionado,2026-02-20 10:00:00,2026-02-23 09:10:00,4,0,
SR101359,soporte_remoto,whatsapp,tv,FALLAS CON LA TV,,solucionado,2026-02-20 10:30:00,2026-02-20 17:05:00,1,0,
DQ101360,soporte_remoto,call_center,internet,LENTITUD E INTERMITENCIA,,solucionado,2026-02-20 10:55:00,2026-02-20 10:55:00,5,2,
SR101011,soporte_remoto,whatsapp,internet,LENTITUD E INTERMITENCIA,,solucionado,2026-02-20 11:10:00,2026-02-20 15:25:00,14,1,
TC103417,cambio_titular,whatsapp,,,,solucionado,2026-02-20 11:10:00,2026-02-25 08:40:00,16,5,
CH100693,soporte_remoto,whatsapp,internet,LENTITUD E INTERMITENCIA,,solucionado,2026-02-20 11:15:00,2026-02-25 08:35:00,2,0,
C101361,soporte_remoto,call_center,tv,CANALES INTERMITENTES,,solucionado,2026-02-20 11:15:00,2026-02-23 09:25:00,8,1,
C103423,cambio_plan,whatsapp,,,,solucionado,2026-02-20 11:15:00,2026-03-12 11:15:00,20,3,
SG103418,cambio_plan,call_center,,,,solucionado,2026-02-20 11:35:00,2026-04-06 10:15:00,20,3,
TC101362,soporte_remoto,whatsapp,internet,LENTITUD E INTERMITENCIA,,solucionado,2026-02-20 11:40:00,2026-02-24 11:25:00,16,0,
C103419,cambio_plan,whatsapp,,,,solucionado,2026-02-20 11:50:00,2026-03-10 17:50:00,8,3,
SG101363,soporte_remoto,whatsapp,internet,LENTITUD E INTERMITENCIA,,solucionado,2026-02-20 12:15:00,2026-02-20 12:15:00,9,2,
C101364,soporte_remoto,caja,internet_tv,LENTITUD E INTERMITENCIA,,solucionado,2026-02-20 14:05:00,2026-02-20 17:10:00,8,1,
C101365,soporte_remoto,whatsapp,internet,LENTITUD E INTERMITENCIA,,solucionado,2026-02-20 14:25:00,2026-02-24 11:30:00,15,0,
VG103990,cambio_titular,caja,,,,solucionado,2026-02-20 14:30:00,2026-02-25 08:45:00,6,5,
DQ101366,soporte_remoto,whatsapp,internet,LENTITUD E INTERMITENCIA,,solucionado,2026-02-20 15:20:00,2026-02-20 18:00:00,0,2,
SG101367,soporte_remoto,whatsapp,internet,ERROR EN INGRESO A PÁGINAS,,solucionado,2026-02-20 15:40:00,2026-02-20 17:30:00,3,1,
SG101368,soporte_remoto,whatsapp,internet,LENTITUD E INTERMITENCIA,,solucionado,2026-02-20 15:40:00,2026-02-25 08:50:00,9,0,
SR101369,soporte_remoto,whatsapp,internet,ERROR EN INGRESO A PÁGINAS,,solucionado,2026-02-20 16:20:00,2026-02-23 12:30:00,24,2,1
C100212,sin_internet,call_center,internet,,WIFI DESACTIVADO,solucionado,2026-02-20 16:30:00,2026-02-25 11:20:00,8,0,
DQ103420,cambio_plan,caja,,,,solucionado,2026-02-20 16:30:00,2026-03-10 17:50:00,5,3,
DQ100646,cambio_plan,whatsapp,,,,solucionado,2026-02-20 16:30:00,2026-03-10 17:55:00,5,3,
SG103421,cambio_plan,whatsapp,,,,solucionado,2026-02-20 16:50:00,2026-02-21 13:00:00,9,3,
DQ101370,soporte_remoto,call_center,internet_tv,LENTITUD E INTERMITENCIA,,solucionado,2026-02-20 17:25:00,2026-02-23 12:35:00,4,2,
CH101031,soporte_remoto,call_center,internet,PROBLEMAS CON TEST DE VELOCIDAD,,solucionado,2026-02-20 18:05:00,2026-02-23 12:00:00,2,2,
SR101371,soporte_remoto,call_center,internet,PROBLEMAS CON TEST DE VELOCIDAD,,solucionado,2026-02-21 12:10:00,2026-02-25 09:15:00,21,0,
CH103424,cambio_plan,call_center,,,,solucionado,2026-02-21 13:10:00,2026-03-12 11:15:00,19,3,
CH100213,sin_internet,whatsapp,internet,,WIFI DESACTIVADO,solucionado,2026-02-23 08:10:00,2026-02-23 08:35:00,2,0,
DQ100214,sin_internet,call_center,internet,,,cancelado,2026-02-23 08:25:00,2026-02-25 11:25:00,5,0,
TC101372,soporte_remoto,call_center,tv,CANALES LLUVIOSOS/PIXELADOS,,solucionado,2026-02-23 08:30:00,2026-02-23 12:35:00,10,2,
VG101373,soporte_remoto,call_center,tv,LENTITUD E INTERMITENCIA,,solucionado,2026-02-23 08:30:00,2026-02-23 13:30:00,6,2,
TC100218,sin_internet,whatsapp,internet,,WIFI DESACTIVADO,solucionado,2026-02-23 08:40:00,2026-02-28 11:45:00,7,0,
SR101374,soporte_remoto,caja,tv,CANALES LLUVIOSOS/PIXELADOS,,solucionado,2026-02-23 08:45:00,2026-02-23 10:10:00,1,2,
DQ100215,sin_internet,whatsapp,internet,,WIFI DESACTIVADO,solucionado,2026-02-23 08:50:00,2026-02-25 11:30:00,5,0,
DQ101375,soporte_remoto,call_center,tv,CANALES LLUVIOSOS/PIXELADOS,,solucionado,2026-02-23 08:50:00,2026-02-23 15:50:00,5,2,
SR101376,soporte_remoto,call_center,tv,CANALES LLUVIOSOS/PIXELADOS,,solucionado,2026-02-23 08:50:00,2026-02-23 15:55:00,1,2,
SR101377,soporte_remoto,whatsapp,internet_tv,CANALES INTERMITENTES,,solucionado,2026-02-23 08:55:00,2026-02-23 16:15:00,14,2,
CH100216,sin_internet,call_center,internet,,WIFI DESACTIVADO,solucionado,2026-02-23 09:00:00,2026-02-25 11:40:00,2,0,
SR101378,soporte_remoto,whatsapp,tv,CANALES LLUVIOSOS/PIXELADOS,,solucionado,2026-02-23 09:20:00,2026-02-23 09:50:00,1,2,
CH100217,sin_internet,call_center,internet,,,cancelado,2026-02-23 09:30:00,2026-02-25 11:45:00,2,0,
VG100219,sin_internet,call_center,internet,,BLOQUEO DE EQUIPO,solucionado,2026-02-23 09:55:00,2026-02-23 10:55:00,6,0,
CH100220,sin_internet,whatsapp,internet,,WIFI DESACTIVADO,solucionado,2026-02-23 10:00:00,2026-02-23 11:10:00,2,0,
TC100221,sin_internet,call_center,internet,,VLAN DUPLICADA,solucionado,2026-02-23 10:00:00,2026-02-23 11:20:00,12,0,
TCF100222,sin_internet,call_center,internet,,VLAN DUPLICADA,solucionado,2026-02-23 10:05:00,2026-02-23 11:50:00,4,0,
TC101379,soporte_remoto,call_center,internet,LENTITUD E INTERMITENCIA,,solucionado,2026-02-23 10:10:00,2026-02-23 11:20:00,10,1,
VG101380,soporte_remoto,call_center,internet,LENTITUD E INTERMITENCIA,,solucionado,2026-02-23 10:10:00,2026-02-23 10:10:00,6,1,
SR100223,sin_internet,whatsapp,internet,,,solucionado,2026-02-23 10:15:00,2026-02-24 17:50:00,14,0,
CH100224,sin_internet,whatsapp,internet,,WIFI DESACTIVADO,solucionado,2026-02-23 10:15:00,2026-02-28 12:05:00,2,0,
CH100105,sin_internet,whatsapp,internet,,WIFI DESACTIVADO,solucionado,2026-02-23 10:15:00,2026-02-24 10:00:00,2,0,
CH101381,soporte_remoto,whatsapp,internet,ERROR EN INGRESO A PÁGINAS,,solucionado,2026-02-23 10:15:00,2026-02-23 10:20:00,2,1,
DQ101382,soporte_remoto,caja,internet,LENTITUD E INTERMITENCIA,,solucionado,2026-02-23 10:15:00,2026-02-23 15:15:00,0,1,
DQ101383,soporte_remoto,whatsapp,internet,LENTITUD E INTERMITENCIA,,solucionado,2026-02-23 10:45:00,2026-02-23 16:05:00,0,1,
TC100225,sin_internet,call_center,internet,,BLOQUEO DE EQUIPO,solucionado,2026-02-23 10:55:00,2026-02-23 12:25:00,12,0,
SR100226,sin_internet,call_center,internet,,FALLA DE FIBRA,solucionado,2026-02-23 11:05:00,2026-02-23 12:30:00,1,0,
C103425,cambio_plan,call_center,,,,solucionado,2026-02-23 11:05:00,2026-03-12 11:20:00,8,3,
TCF100227,sin_internet,whatsapp,internet,,BLOQUEO DE EQUIPO,solucionado,2026-02-23 11:40:00,2026-02-23 12:40:00,4,0,
SR101384,soporte_remoto,call_center,internet,LENTITUD E INTERMITENCIA,,solucionado,2026-02-23 11:55:00,2026-02-24 09:30:00,1,4,
TC100228,sin_internet,call_center,internet,,FALLA DE FIBRA,solucionado,2026-02-23 12:05:00,2026-02-23 12:50:00,4,0,
TC101385,soporte_remoto,call_center,internet,LENTITUD E INTERMITENCIA,,solucionado,2026-02-23 12:20:00,2026-02-24 09:50:00,4,4,
TC101386,soporte_remoto,call_center,internet,LENTITUD E INTERMITENCIA,,solucionado,2026-02-23 13:20:00,2026-02-24 10:00:00,7,4,
TC103426,cambio_plan,caja,,,,solucionado,2026-02-23 13:30:00,2026-03-12 11:20:00,22,3,
CH100229,sin_internet,call_center,internet,,WIFI RESETEADO,solucionado,2026-02-23 13:50:00,2026-02-24 09:30:00,2,0,
DQ100230,sin_internet,call_center,internet,,FALLA DE FIBRA,solucionado,2026-02-23 14:10:00,2026-02-23 15:55:00,5,0,
SR101387,soporte_remoto,caja,internet_tv,CANALES LLUVIOSOS/PIXELADOS,,solucionado,2026-02-23 14:20:00,2026-02-24 10:10:00,1,4,
TC101388,soporte_remoto,whatsapp,internet,LENTITUD E INTERMITENCIA,,solucionado,2026-02-23 14:25:00,2026-02-24 10:25:00,16,4,
SG101389,soporte_remoto,whatsapp,internet,ERROR EN INGRESO A PÁGINAS,,solucionado,2026-02-23 14:30:00,2026-02-24 10:15:00,3,4,
C100231,sin_internet,call_center,internet,,WIFI DESACTIVADO,solucionado,2026-02-23 14:35:00,2026-02-23 17:30:00,8,0,
TCF101390,soporte_remoto,whatsapp,internet,ERROR EN INGRESO A PÁGINAS,,solucionado,2026-02-23 14:50:00,2026-02-24 10:35:00,4,4,
TC103427,cambio_plan,whatsapp,,,,solucionado,2026-02-23 15:00:00,2026-03-12 11:25:00,16,3,
DQ103428,cambio_plan,call_center,,,,solucionado,2026-02-23 15:05:00,2026-03-12 11:25:00,5,3,
DQ101391,soporte_remoto,call_center,internet,ERROR EN INGRESO A PÁGINAS,,solucionado,2026-02-23 15:20:00,2026-02-24 11:00:00,5,4,
C101392,soporte_remoto,whatsapp,internet,LENTITUD E INTERMITENCIA,,solucionado,2026-02-23 15:25:00,2026-02-24 11:05:00,8,4,
DQ101393,soporte_remoto,call_center,internet_tv,LENTITUD E INTERMITENCIA,,solucionado,2026-02-23 15:50:00,2026-02-23 16:45:00,11,2,
TC101394,soporte_remoto,whatsapp,tv,SIN SEÑAL DE TV,,cancelado,2026-02-23 16:20:00,2026-02-24 08:25:00,7,1,
SR101395,soporte_remoto,whatsapp,tv,SIN SEÑAL DE TV,,solucionado,2026-02-23 16:20:00,2026-02-24 11:00:00,1,1,
C101396,soporte_remoto,caja,tv,SIN SEÑAL DE TV,,cancelado,2026-02-23 16:20:00,2026-02-24 08:30:00,16,1,
C103429,cambio_plan,caja,,,,solucionado,2026-02-23 16:25:00,2026-03-12 12:50:00,34,3,
DQ103430,cambio_plan,caja,,,,solucionado,2026-02-23 16:25:00,2026-03-12 12:55:00,0,3,
C101397,soporte_remoto,call_center,internet,LENTITUD E INTERMITENCIA,,solucionado,2026-02-23 16:35:00,2026-02-24 16:00:00,4,1,
C101398,soporte_remoto,call_center,internet,LENTITUD E INTERMITENCIA,,solucionado,2026-02-23 16:35:00,2026-02-24 11:35:00,11,1,
DQ103991,cambio_titular,whatsapp,,,,solucionado,2026-02-23 16:45:00,2026-02-25 08:50:00,10,5,
CH100232,sin_internet,whatsapp,internet,,,solucionado,2026-02-23 16:50:00,2026-02-23 16:50:00,2,,
TCF101399,soporte_remoto,whatsapp,internet,PROBLEMAS CON TEST DE VELOCIDAD,,solucionado,2026-02-23 17:40:00,2026-02-24 12:10:00,4,1,
SR101400,soporte_remoto,call_center,tv,CANALES FALTANTES,,solucionado,2026-02-23 17:45:00,2026-02-24 14:10:00,1,1,
C103431,cambio_plan,whatsapp,,,,solucionado,2026-02-23 19:15:00,2026-04-06 10:20:00,8,3,
C103432,cambio_plan,call_center,,,,solucionado,2026-02-23 19:20:00,2026-04-06 10:20:00,8,3,
TC103433,cambio_plan,whatsapp,,,,solucionado,2026-02-23 19:20:00,2026-04-06 10:20:00,23,3,
CH100233,sin_internet,call_center,internet,,WIFI DESACTIVADO,solucionado,2026-02-24 08:25:00,2026-02-24 08:45:00,2,0,
VG100234,sin_internet,call_center,internet,,WIFI DESACTIVADO,solucionado,2026-02-24 08:30:00,2026-02-24 09:15:00,6,0,
SR100689,soporte_remoto,whatsapp,tv,CANALES FALTANTES,,solucionado,2026-02-24 08:30:00,2026-02-24 16:35:00,1,1,
CH100235,sin_internet,whatsapp,internet,,BLOQUEO DE EQUIPO,solucionado,2026-02-24 09:30:00,2026-02-25 12:10:00,2,0,
SG100136,sin_internet,whatsapp,internet,,WIFI DESACTIVADO,solucionado,2026-02-24 10:10:00,2026-02-24 11:55:00,3,0,
SR100250,cambio_plan,whatsapp,,,,solucionado,2026-02-24 10:15:00,2026-02-25 18:00:00,1,3,
C103444,cambio_titular,call_center,,,,solucionado,2026-02-24 10:30:00,2026-02-26 08:50:00,15,5,
SR101401,soporte_remoto,call_center,tv,CANALES INTERMITENTES,,solucionado,2026-02-24 10:35:00,2026-02-24 17:05:00,1,2,
TCF101402,soporte_remoto,caja,tv,CANALES LLUVIOSOS/PIXELADOS,,solucionado,2026-02-24 10:40:00,2026-02-24 10:40:00,4,2,
TC100236,sin_internet,call_center,internet,,WIFI DESACTIVADO,solucionado,2026-02-24 10:45:00,2026-02-24 14:30:00,5,0,
SR101403,soporte_remoto,call_center,internet_tv,FALLAS CON LA TV,,solucionado,2026-02-24 10:45:00,2026-02-24 10:45:00,14,2,
CH101404,soporte_remoto,call_center,internet_tv,LENTITUD E INTERMITENCIA,,solucionado,2026-02-24 10:50:00,2026-02-24 17:40:00,2,2,
CH100475,soporte_remoto,caja,internet,ERROR EN INGRESO A PÁGINAS,,solucionado,2026-02-24 11:00:00,2026-02-24 11:50:00,2,1,
TC101405,soporte_remoto,whatsapp,internet_tv,LENTITUD E INTERMITENCIA,,solucionado,2026-02-24 11:15:00,2026-02-24 11:15:00,16,1,
SR101406,soporte_remoto,whatsapp,tv,FALLAS CON LA TV,,solucionado,2026-02-24 11:20:00,2026-02-25 10:10:00,14,1,
DQ101407,soporte_remoto,call_center,internet,LENTITUD E INTERMITENCIA,,solucionado,2026-02-24 11:20:00,2026-02-24 12:45:00,11,2,
TC103434,cambio_plan,caja,,,,solucionado,2026-02-24 11:35:00,2026-03-12 13:00:00,16,3,
CH101408,soporte_remoto,whatsapp,internet_tv,SIN SEÑAL DE TV,,solucionado,2026-02-24 11:40:00,2026-02-24 11:40:00,1,1,
SG101409,soporte_remoto,call_center,internet,LENTITUD E INTERMITENCIA,,solucionado,2026-02-24 11:40:00,2026-02-25 10:40:00,9,2,
TC101410,soporte_remoto,call_center,internet_tv,CANALES INTERMITENTES,,solucionado,2026-02-24 12:15:00,2026-02-25 10:55:00,7,2,
SG103435,cambio_plan,whatsapp,,,,solucionado,2026-02-24 12:15:00,2026-04-06 10:30:00,9,3,
DQ101411,soporte_remoto,whatsapp,internet,ERROR EN INGRESO A PÁGINAS,,solucionado,2026-02-24 12:55:00,2026-02-25 10:30:00,23,2,
TCF103436,cambio_plan,call_center,,,,solucionado,2026-02-24 13:00:00,2026-03-13 09:15:00,20,3,
TC100237,sin_internet,call_center,internet,,,solucionado,2026-02-24 13:05:00,2026-02-24 15:10:00,10,0,
SR101414,soporte_remoto,caja,internet,ERROR EN INGRESO A PÁGINAS,,solucionado,2026-02-24 13:15:00,2026-02-25 11:40:00,1,2,
DQ103437,cambio_plan,call_center,,,,solucionado,2026-02-24 13:50:00,2026-03-13 09:20:00,0,3,
TC101412,soporte_remoto,call_center,tv,PROGRAMACIÓN DE TV,,solucionado,2026-02-24 14:15:00,2026-02-25 09:20:00,23,0,
TC103992,cambio_titular,caja,,,,solucionado,2026-02-24 14:15:00,2026-03-05 16:25:00,7,5,
CH100238,sin_internet,call_center,internet,,WIFI DESACTIVADO,solucionado,2026-02-24 14:40:00,2026-02-24 15:45:00,2,0,
SR100352,soporte_remoto,call_center,internet_tv,LENTITUD E INTERMITENCIA,,solucionado,2026-02-24 14:50:00,2026-02-25 09:15:00,1,2,
SG101413,soporte_remoto,caja,internet,LENTITUD E INTERMITENCIA,,solucionado,2026-02-24 15:00:00,2026-02-25 11:30:00,3,2,
TC101415,soporte_remoto,whatsapp,internet,LENTITUD E INTERMITENCIA,,solucionado,2026-02-24 15:20:00,2026-02-25 09:40:00,33,2,
DQ103438,cambio_plan,caja,,,,solucionado,2026-02-24 15:25:00,2026-03-13 09:20:00,0,3,
CH100239,sin_internet,whatsapp,internet,,,solucionado,2026-02-24 15:30:00,2026-02-24 16:05:00,2,0,
CH100240,sin_internet,caja,internet,,WIFI RESETEADO,solucionado,2026-02-24 15:40:00,2026-02-24 16:10:00,2,0,
DQ101416,soporte_remoto,call_center,internet_tv,LENTITUD E INTERMITENCIA,,solucionado,2026-02-24 15:50:00,2026-02-25 11:45:00,0,2,
CH101417,soporte_remoto,call_center,internet,LENTITUD E INTERMITENCIA,,solucionado,2026-02-24 15:50:00,2026-02-25 09:55:00,2,0,
VG103439,cambio_plan,call_center,,,,solucionado,2026-02-24 15:55:00,2026-03-13 09:25:00,6,3,
DQ100241,sin_internet,whatsapp,internet,,WIFI DESACTIVADO,solucionado,2026-02-24 16:00:00,2026-02-28 09:40:00,5,0,
SR103440,cambio_plan,whatsapp,,,,solucionado,2026-02-24 16:00:00,2026-03-13 09:35:00,1,3,
TCF100242,sin_internet,call_center,internet,,WIFI DESACTIVADO,solucionado,2026-02-24 16:10:00,2026-02-24 16:30:00,4,0,
CH100243,sin_internet,call_center,internet,,BLOQUEO DE EQUIPO,solucionado,2026-02-24 16:20:00,2026-02-24 17:00:00,2,0,
TC100244,sin_internet,whatsapp,internet,,WIFI DESACTIVADO,solucionado,2026-02-24 16:30:00,2026-02-28 12:25:00,12,0,
CH103441,cambio_plan,whatsapp,,,,solucionado,2026-02-24 16:40:00,2026-03-13 09:40:00,21,3,
CH101418,soporte_remoto,call_center,internet,LENTITUD E INTERMITENCIA,,solucionado,2026-02-24 16:50:00,2026-02-25 10:10:00,2,0,
DQ103442,cambio_plan,whatsapp,,,,solucionado,2026-02-24 16:50:00,2026-03-13 09:40:00,0,3,
SR101419,soporte_remoto,whatsapp,internet_tv,CANALES LLUVIOSOS/PIXELADOS,,cancelado,2026-02-24 17:20:00,2026-03-02 10:45:00,1,0,
TC103993,cambio_titular,whatsapp,,,,solucionado,2026-02-24 17:20:00,2026-02-27 08:55:00,12,5,
TC103443,cambio_plan,whatsapp,,,,solucionado,2026-02-24 17:40:00,2026-03-13 09:45:00,16,3,
DQ103994,cambio_titular,whatsapp,,,,solucionado,2026-02-24 17:45:00,2026-02-25 08:55:00,4,5,
TC101420,soporte_remoto,whatsapp,internet,LENTITUD E INTERMITENCIA,,solucionado,2026-02-24 17:55:00,2026-02-25 09:30:00,29,1,
SG101421,soporte_remoto,whatsapp,internet,LENTITUD E INTERMITENCIA,,solucionado,2026-02-25 08:10:00,2026-02-25 11:00:00,3,0,
TC101422,soporte_remoto,call_center,tv,FALLAS CON LA TV,,cancelado,2026-02-25 08:45:00,2026-02-25 12:30:00,16,1,
CH101423,soporte_remoto,call_center,internet_tv,LENTITUD E INTERMITENCIA,,solucionado,2026-02-25 09:00:00,2026-02-25 11:30:00,2,1,
CH101424,soporte_remoto,call_center,tv,PROGRAMACIÓN DE TV,,cancelado,2026-02-25 09:05:00,2026-02-28 10:00:00,2,0,
SG101425,soporte_remoto,whatsapp,internet,LENTITUD E INTERMITENCIA,,solucionado,2026-02-25 09:40:00,2026-02-26 12:30:00,3,0,
SG100245,sin_internet,call_center,internet,,WIFI DESACTIVADO,solucionado,2026-02-25 10:00:00,2026-02-28 09:05:00,3,0,
TC101426,soporte_remoto,caja,tv,CANALES INTERMITENTES,,solucionado,2026-02-25 10:10:00,2026-02-25 12:30:00,7,1,
DQ101428,soporte_remoto,caja,tv,SIN SEÑAL DE TV,,solucionado,2026-02-25 10:25:00,2026-02-25 17:40:00,4,2,
SG101427,soporte_remoto,caja,internet,LENTITUD E INTERMITENCIA,,solucionado,2026-02-25 10:30:00,2026-02-25 12:20:00,3,1,
C103444,cambio_plan,caja,,,,solucionado,2026-02-25 10:30:00,2026-03-13 09:50:00,15,3,
C100246,sin_internet,call_center,internet,,MTU 1500,solucionado,2026-02-25 10:40:00,2026-02-25 12:40:00,8,0,
DQ100964,soporte_remoto,whatsapp,tv,CANALES FALTANTES,,solucionado,2026-02-25 10:40:00,2026-02-25 12:15:00,5,2,
CH100247,sin_internet,call_center,internet,,WIFI DESACTIVADO,solucionado,2026-02-25 10:45:00,2026-02-25 12:45:00,2,0,
TC101429,soporte_remoto,whatsapp,internet_tv,LENTITUD E INTERMITENCIA,,solucionado,2026-02-25 11:15:00,2026-02-25 12:20:00,0,2,
DQ101430,soporte_remoto,call_center,internet,LENTITUD E INTERMITENCIA,,solucionado,2026-02-25 11:15:00,2026-02-25 12:30:00,0,2,
SG100113,soporte_remoto,whatsapp,internet,,,solucionado,2026-02-25 11:45:00,2026-02-25 12:20:00,3,2,
DQ102536,cambio_titular,call_center,,,,solucionado,2026-02-25 11:45:00,2026-02-26 09:15:00,19,5,
TCF101431,soporte_remoto,whatsapp,internet,LENTITUD E INTERMITENCIA,,solucionado,2026-02-25 12:35:00,2026-02-25 12:35:00,4,1,
TC101433,soporte_remoto,caja,internet,LENTITUD E INTERMITENCIA,,solucionado,2026-02-25 12:35:00,2026-02-26 10:00:00,16,1,
TC101432,soporte_remoto,whatsapp,internet,LENTITUD E INTERMITENCIA,,solucionado,2026-02-25 12:40:00,2026-02-25 12:40:00,16,1,
TC101434,soporte_remoto,call_center,internet,LENTITUD E INTERMITENCIA,,solucionado,2026-02-25 13:25:00,2026-02-25 18:00:00,7,2,
TC103995,cambio_titular,call_center,,,,solucionado,2026-02-25 13:30:00,2026-02-26 09:20:00,22,5,
DQ101435,soporte_remoto,call_center,internet,LENTITUD E INTERMITENCIA,,solucionado,2026-02-25 14:15:00,2026-02-26 12:35:00,5,2,
TC101436,soporte_remoto,whatsapp,internet,LENTITUD E INTERMITENCIA,,cancelado,2026-02-25 14:20:00,2026-03-02 15:25:00,20,0,
CH103445,cambio_plan,whatsapp,,,,solucionado,2026-02-25 14:45:00,2026-03-13 09:55:00,20,3,
SR101437,soporte_remoto,caja,internet,ERROR EN INGRESO A PÁGINAS,,cancelado,2026-02-25 15:00:00,2026-02-25 16:10:00,21,0,
TC103446,cambio_plan,caja,,,,solucionado,2026-02-25 15:05:00,2026-03-13 09:55:00,10,3,
CH101438,soporte_remoto,call_center,tv,FALLAS CON LA TV,,cancelado,2026-02-25 15:25:00,2026-02-25 15:25:00,2,1,
TC101439,soporte_remoto,whatsapp,internet,PROBLEMAS CON CÁMARAS/DVR,,solucionado,2026-02-25 15:50:00,2026-02-26 15:20:00,12,0,
CH101440,soporte_remoto,whatsapp,internet,LENTITUD E INTERMITENCIA,,solucionado,2026-02-25 15:50:00,2026-02-25 15:50:00,2,1,
SR101441,soporte_remoto,whatsapp,tv,CANALES INTERMITENTES,,cancelado,2026-02-25 16:20:00,2026-02-26 08:40:00,1,1,
SG101442,soporte_remoto,whatsapp,internet,LENTITUD E INTERMITENCIA,,solucionado,2026-02-25 16:20:00,2026-02-25 16:20:00,9,1,
CH101443,soporte_remoto,whatsapp,internet_tv,LENTITUD E INTERMITENCIA,,solucionado,2026-02-25 16:35:00,2026-02-26 08:25:00,2,2,
CH101444,soporte_remoto,call_center,internet,LENTITUD E INTERMITENCIA,,solucionado,2026-02-25 16:35:00,2026-02-26 09:35:00,2,2,
SG101445,soporte_remoto,whatsapp,internet,LENTITUD E INTERMITENCIA,,cancelado,2026-02-25 16:45:00,2026-02-26 16:00:00,3,2,
CH101446,soporte_remoto,call_center,internet_tv,LENTITUD E INTERMITENCIA,,solucionado,2026-02-25 16:45:00,2026-02-26 08:30:00,2,2,
DQ101447,soporte_remoto,caja,internet,LENTITUD E INTERMITENCIA,,solucionado,2026-02-25 16:45:00,2026-02-26 12:40:00,10,2,
C103447,cambio_plan,whatsapp,,,,solucionado,2026-02-25 16:55:00,2026-03-13 10:00:00,8,3,
VG103448,cambio_plan,whatsapp,,,,solucionado,2026-02-25 17:10:00,2026-03-13 10:05:00,6,3,
TC101448,soporte_remoto,whatsapp,internet,LENTITUD E INTERMITENCIA,,solucionado,2026-02-25 17:25:00,2026-02-26 10:40:00,16,2,1
DQ101008,soporte_remoto,call_center,tv,CANALES INTERMITENTES,,solucionado,2026-02-25 17:35:00,2026-02-26 15:35:00,5,0,
CH101449,soporte_remoto,call_center,internet,LENTITUD E INTERMITENCIA,,solucionado,2026-02-25 17:45:00,2026-02-25 17:45:00,2,4,
SG103449,cambio_plan,call_center,,,,solucionado,2026-02-25 17:50:00,2026-04-06 10:30:00,3,3,
SG103449,cambio_titular,call_center,,,,solucionado,2026-02-25 17:50:00,2026-02-26 09:25:00,3,5,
TCF101450,soporte_remoto,call_center,internet,LENTITUD E INTERMITENCIA,,solucionado,2026-02-26 08:10:00,2026-02-26 15:45:00,4,0,
TCF101451,soporte_remoto,caja,internet_tv,LENTITUD E INTERMITENCIA,,cancelado,2026-02-26 08:10:00,2026-02-26 08:10:00,4,0,
TCF101452,soporte_remoto,call_center,internet,PROBLEMAS CON TEST DE VELOCIDAD,,solucionado,2026-02-26 08:20:00,2026-02-26 10:00:00,21,4,
TCF101453,soporte_remoto,whatsapp,internet,LENTITUD E INTERMITENCIA,,solucionado,2026-02-26 08:25:00,2026-02-26 15:15:00,4,1,
SR101482,soporte_remoto,whatsapp,internet_tv,ERROR EN INGRESO A PÁGINAS,,solucionado,2026-02-26 08:30:00,2026-02-27 10:30:00,1,1,
DQ101454,soporte_remoto,whatsapp,internet,LENTITUD E INTERMITENCIA,,solucionado,2026-02-26 08:50:00,2026-02-26 12:00:00,5,1,
TC100249,sin_internet,whatsapp,internet,,FALLA MASIVA,solucionado,2026-02-26 09:00:00,2026-02-26 11:50:00,7,0,
DQ101464,soporte_remoto,call_center,internet,LENTITUD E INTERMITENCIA,,solucionado,2026-02-26 09:00:00,2026-02-26 11:55:00,11,2,
VG101455,soporte_remoto,call_center,tv,LENTITUD E INTERMITENCIA,,cancelado,2026-02-26 09:10:00,2026-02-26 09:10:00,6,1,
TC100248,sin_internet,call_center,internet,,WIFI DESACTIVADO,solucionado,2026-02-26 09:15:00,2026-02-26 09:40:00,10,0,
TC100248,soporte_remoto,caja,,,,solucionado,2026-02-26 09:15:00,2026-02-26 15:25:00,10,1,
SR101456,soporte_remoto,whatsapp,internet_tv,LENTITUD E INTERMITENCIA,,solucionado,2026-02-26 09:15:00,2026-02-26 10:10:00,1,1,
SR101457,soporte_remoto,whatsapp,tv,SIN SEÑAL DE TV,,solucionado,2026-02-26 09:30:00,2026-02-26 14:30:00,1,1,
SG101458,soporte_remoto,caja,internet,LENTITUD E INTERMITENCIA,,solucionado,2026-02-26 10:00:00,2026-02-26 12:15:00,3,2,
SG101459,soporte_remoto,call_center,internet,LENTITUD E INTERMITENCIA,,solucionado,2026-02-26 10:00:00,2026-02-26 16:30:00,9,1,
SG101460,soporte_remoto,whatsapp,tv,CANALES INTERMITENTES,,solucionado,2026-02-26 10:15:00,2026-02-26 16:05:00,3,0,
SG101461,soporte_remoto,call_center,internet,LENTITUD E INTERMITENCIA,,solucionado,2026-02-26 10:15:00,2026-02-26 13:10:00,9,2,
CH101462,soporte_remoto,call_center,internet_tv,LENTITUD E INTERMITENCIA,,solucionado,2026-02-26 10:25:00,2026-03-02 09:30:00,2,2,
TCF101463,soporte_remoto,call_center,internet,STREAMING CON FALLAS,,solucionado,2026-02-26 10:30:00,2026-02-26 16:25:00,29,0,
C103450,cambio_plan,whatsapp,,,,solucionado,2026-02-26 10:35:00,2026-03-13 10:10:00,8,3,
DQ103452,cambio_plan,call_center,,,,solucionado,2026-02-26 10:35:00,,17,,
C103450,cambio_titular,call_center,,,,solucionado,2026-02-26 10:35:00,2026-02-27 09:00:00,8,5,
TC101465,soporte_remoto,whatsapp,internet_tv,LENTITUD E INTERMITENCIA,,solucionado,2026-02-26 11:00:00,2026-02-26 16:20:00,7,2,
TC103451,cambio_plan,whatsapp,,,,solucionado,2026-02-26 11:00:00,2026-03-13 10:10:00,10,3,
SR100250,sin_internet,call_center,internet,,WIFI DESACTIVADO,solucionado,2026-02-26 11:20:00,2026-02-26 12:15:00,1,0,
SR100250,cambio_titular,caja,,,,solucionado,2026-02-26 11:20:00,2026-02-27 09:15:00,1,5,
C103996,cambio_titular,call_center,,,,solucionado,2026-02-26 11:30:00,2026-02-27 09:30:00,8,5,
TC100258,sin_internet,call_center,internet,,MTU 1500,solucionado,2026-02-26 12:10:00,2026-02-27 15:15:00,16,0,
DQ101466,soporte_remoto,whatsapp,tv,CANALES LLUVIOSOS/PIXELADOS,,solucionado,2026-02-26 12:25:00,2026-02-26 12:25:00,5,2,
C101467,soporte_remoto,call_center,tv,CANALES LLUVIOSOS/PIXELADOS,,solucionado,2026-02-26 13:00:00,2026-02-26 16:10:00,29,2,
CH101468,soporte_remoto,call_center,internet_tv,LENTITUD E INTERMITENCIA,,solucionado,2026-02-26 13:35:00,2026-02-26 13:35:00,2,1,
TC101469,soporte_remoto,call_center,internet_tv,LENTITUD E INTERMITENCIA,,solucionado,2026-02-26 13:45:00,2026-02-26 13:45:00,7,1,
C103453,cambio_plan,call_center,,,,solucionado,2026-02-26 13:50:00,2026-03-13 10:20:00,15,3,
C100251,sin_internet,whatsapp,internet,,FALLA MASIVA,solucionado,2026-02-26 13:55:00,2026-02-26 15:05:00,7,0,
TC102397,cambio_plan,whatsapp,,,,solucionado,2026-02-26 14:00:00,2026-03-13 10:55:00,20,3,
TC100259,sin_internet,whatsapp,internet,,NIVELES CRÍTICOS,solucionado,2026-02-26 14:25:00,2026-02-27 15:40:00,7,0,
TC101470,soporte_remoto,whatsapp,internet,PROBLEMAS CON TEST DE VELOCIDAD,,solucionado,2026-02-26 14:25:00,2026-02-26 14:25:00,16,1,
TC100252,sin_internet,whatsapp,internet,,FALLA DE FIBRA,solucionado,2026-02-26 14:40:00,2026-02-26 15:15:00,10,0,
TC101471,soporte_remoto,whatsapp,internet_tv,LENTITUD E INTERMITENCIA,,solucionado,2026-02-26 14:45:00,2026-02-26 14:45:00,16,1,
C101472,soporte_remoto,call_center,internet,STREAMING CON FALLAS,,solucionado,2026-02-26 15:00:00,2026-02-26 16:35:00,20,2,
SG100862,cambio_plan,call_center,,,,solucionado,2026-02-26 15:00:00,2026-03-13 11:50:00,9,3,
CH100939,soporte_remoto,call_center,internet_tv,LENTITUD E INTERMITENCIA,,solucionado,2026-02-26 15:25:00,2026-03-02 09:00:00,2,0,
TC100253,sin_internet,whatsapp,internet,,WIFI DESACTIVADO,solucionado,2026-02-26 15:30:00,2026-02-28 09:10:00,33,0,
SG103997,cambio_titular,whatsapp,,,,solucionado,2026-02-26 15:30:00,2026-02-27 09:40:00,3,5,
C101473,soporte_remoto,whatsapp,internet_tv,CANALES LLUVIOSOS/PIXELADOS,,solucionado,2026-02-26 16:05:00,2026-02-27 10:10:00,8,0,
DQ100254,sin_internet,whatsapp,internet,,WIFI DESACTIVADO,solucionado,2026-02-26 16:15:00,2026-02-28 09:15:00,5,0,
SG101475,soporte_remoto,call_center,internet,LENTITUD E INTERMITENCIA,,solucionado,2026-02-26 16:20:00,2026-02-27 11:55:00,9,0,
VG101474,soporte_remoto,call_center,internet,LENTITUD E INTERMITENCIA,,cancelado,2026-02-26 16:25:00,2026-03-02 15:40:00,6,0,
C103454,cambio_plan,call_center,,,,solucionado,2026-02-26 16:25:00,2026-03-13 11:50:00,8,3,
SR100255,sin_internet,call_center,internet,,WIFI DESACTIVADO,solucionado,2026-02-26 16:30:00,2026-02-28 09:45:00,14,0,
CH101476,soporte_remoto,call_center,internet_tv,LENTITUD E INTERMITENCIA,,solucionado,2026-02-26 16:40:00,2026-02-27 12:25:00,2,0,
CH101477,soporte_remoto,call_center,internet,LENTITUD E INTERMITENCIA,,solucionado,2026-02-26 16:40:00,2026-02-27 12:35:00,2,0,
DQ101478,soporte_remoto,call_center,internet,HABILITACIÓN DE PUERTOS,,solucionado,2026-02-26 16:40:00,2026-02-28 09:50:00,0,0,
C103998,cambio_titular,caja,,,,cancelado,2026-02-26 16:40:00,2026-02-27 09:40:00,15,5,
DQ101464,cambio_plan,call_center,,,,solucionado,2026-02-26 16:45:00,2026-02-26 16:45:00,21,8,
TC100256,sin_internet,call_center,internet,,FALLA DE FIBRA,solucionado,2026-02-26 16:55:00,2026-02-27 09:20:00,16,0,
TC101479,soporte_remoto,call_center,internet,PROBLEMAS CON CÁMARAS/DVR,,solucionado,2026-02-26 17:00:00,2026-02-27 16:45:00,27,2,
DQ101480,soporte_remoto,whatsapp,tv,CANALES LLUVIOSOS/PIXELADOS,,solucionado,2026-02-26 17:00:00,2026-02-27 16:55:00,0,2,
CH101481,soporte_remoto,call_center,internet,LENTITUD E INTERMITENCIA,,solucionado,2026-02-26 17:15:00,2026-02-27 17:05:00,2,2,
TC100257,sin_internet,call_center,internet,,WIFI RESETEADO,solucionado,2026-02-26 17:35:00,2026-02-27 09:30:00,10,0,
TC103455,cambio_plan,whatsapp,,,,solucionado,2026-02-26 17:45:00,2026-03-16 09:30:00,4,3,
TC103456,cambio_plan,whatsapp,,,,solucionado,2026-02-26 17:50:00,2026-03-16 09:30:00,7,3,
C103457,cambio_plan,call_center,,,,solucionado,2026-02-26 18:15:00,2026-03-16 09:35:00,24,3,
TC103458,cambio_plan,whatsapp,,,,solucionado,2026-02-26 18:25:00,2026-03-16 09:35:00,19,3,
SG101483,soporte_remoto,call_center,internet,LENTITUD E INTERMITENCIA,,solucionado,2026-02-27 08:30:00,2026-02-27 09:15:00,9,1,
SG101484,soporte_remoto,call_center,internet,LENTITUD E INTERMITENCIA,,solucionado,2026-02-27 08:40:00,2026-02-27 09:20:00,9,1,
C101485,soporte_remoto,call_center,internet,LENTITUD E INTERMITENCIA,,solucionado,2026-02-27 08:40:00,2026-02-27 08:40:00,11,2,
C103459,cambio_titular,whatsapp,,,,cancelado,2026-02-27 08:50:00,2026-02-27 09:40:00,13,5,
SR101486,soporte_remoto,call_center,internet,LENTITUD E INTERMITENCIA,,solucionado,2026-02-27 09:20:00,2026-02-27 09:20:00,11,2,
SR101487,soporte_remoto,call_center,internet,LENTITUD E INTERMITENCIA,,solucionado,2026-02-27 10:05:00,2026-02-27 11:20:00,1,1,
CH100282,soporte_remoto,whatsapp,internet,LENTITUD E INTERMITENCIA,,solucionado,2026-02-27 10:10:00,2026-02-27 11:45:00,2,1,
TC101488,soporte_remoto,call_center,internet,CANALES INTERMITENTES,,solucionado,2026-02-27 10:10:00,2026-02-27 17:20:00,7,2,
TC101489,soporte_remoto,whatsapp,internet_tv,LENTITUD E INTERMITENCIA,,solucionado,2026-02-27 10:40:00,2026-02-27 10:40:00,4,2,
C103999,cambio_titular,whatsapp,,,,solucionado,2026-02-27 10:40:00,2026-02-28 11:05:00,15,5,
C103459,cambio_plan,call_center,,,,solucionado,2026-02-27 11:00:00,2026-03-16 09:40:00,13,3,
TC103460,cambio_plan,call_center,,,,solucionado,2026-02-27 11:10:00,2026-03-16 09:40:00,10,3,
DQ103461,cambio_plan,whatsapp,,,,solucionado,2026-02-27 11:15:00,2026-03-16 10:25:00,0,3,
TC103462,cambio_plan,whatsapp,,,,solucionado,2026-02-27 11:30:00,2026-03-16 10:30:00,16,3,
DQ100924,soporte_remoto,whatsapp,internet_tv,LENTITUD E INTERMITENCIA,,solucionado,2026-02-27 11:35:00,2026-02-27 11:35:00,4,2,
TC101230,soporte_remoto,whatsapp,internet,LENTITUD E INTERMITENCIA,,solucionado,2026-02-27 11:35:00,2026-02-27 11:35:00,16,2,
CH101490,soporte_remoto,call_center,internet_tv,LENTITUD E INTERMITENCIA,,solucionado,2026-02-27 11:50:00,2026-02-27 11:50:00,2,2,
SR101491,soporte_remoto,call_center,internet,LENTITUD E INTERMITENCIA,,solucionado,2026-02-27 11:55:00,2026-02-28 11:25:00,1,2,
CH100985,soporte_remoto,whatsapp,internet,LENTITUD E INTERMITENCIA,,solucionado,2026-02-27 12:00:00,2026-02-28 14:30:00,2,2,
TC101492,soporte_remoto,call_center,internet,PROBLEMAS CON CÁMARAS/DVR,,cancelado,2026-02-27 12:00:00,2026-03-02 15:50:00,10,0,
TC101493,soporte_remoto,call_center,internet,LENTITUD E INTERMITENCIA,,solucionado,2026-02-27 12:25:00,2026-02-28 11:55:00,16,1,
SG101494,soporte_remoto,whatsapp,internet,ERROR EN INGRESO A PÁGINAS,,solucionado,2026-02-27 12:35:00,2026-02-27 12:35:00,9,1,
DQ101062,soporte_remoto,whatsapp,internet,LENTITUD E INTERMITENCIA,,solucionado,2026-02-27 13:05:00,2026-02-27 13:05:00,0,1,
TC103463,cambio_plan,call_center,,,,solucionado,2026-02-27 13:30:00,2026-03-16 10:35:00,10,3,
DQ101514,soporte_remoto,call_center,internet,LENTITUD E INTERMITENCIA,,solucionado,2026-02-27 13:35:00,2026-03-02 12:00:00,11,1,
DQ101495,soporte_remoto,call_center,internet,LENTITUD E INTERMITENCIA,,solucionado,2026-02-27 13:50:00,2026-02-28 12:25:00,0,1,
SR101176,soporte_remoto,call_center,tv,CANALES INTERMITENTES,,cancelado,2026-02-27 14:05:00,,1,0,
DQ103464,cambio_plan,whatsapp,,,,solucionado,2026-02-27 14:35:00,2026-03-16 10:35:00,0,3,
SG100260,sin_internet,call_center,internet,,MTU 1500,solucionado,2026-02-27 14:40:00,2026-02-27 15:50:00,3,0,
DQ101496,soporte_remoto,whatsapp,internet,LENTITUD E INTERMITENCIA,,solucionado,2026-02-27 14:45:00,2026-03-02 16:00:00,0,0,
CH100083,soporte_remoto,call_center,internet_tv,LENTITUD E INTERMITENCIA,,solucionado,2026-02-27 15:00:00,2026-03-02 16:20:00,2,0,
SR101497,cambio_plan,whatsapp,,,,solucionado,2026-02-27 15:00:00,2026-03-16 10:40:00,1,3,
C101264,soporte_remoto,whatsapp,internet_tv,LENTITUD E INTERMITENCIA,,solucionado,2026-02-27 15:05:00,2026-02-28 16:15:00,13,2,
SR101497,soporte_remoto,whatsapp,internet,LENTITUD E INTERMITENCIA,,solucionado,2026-02-27 15:05:00,2026-02-28 11:40:00,1,2,
DQ101500,soporte_remoto,call_center,internet,LENTITUD E INTERMITENCIA,,solucionado,2026-02-27 15:20:00,2026-02-28 12:10:00,22,1,
CH101498,soporte_remoto,whatsapp,internet,LENTITUD E INTERMITENCIA,,solucionado,2026-02-27 15:30:00,2026-02-28 15:05:00,2,1,
DQ101507,soporte_remoto,whatsapp,tv,CANALES LLUVIOSOS/PIXELADOS,,solucionado,2026-02-27 15:35:00,2026-03-02 17:00:00,0,0,
CH101089,soporte_remoto,whatsapp,internet,LENTITUD E INTERMITENCIA,,cancelado,2026-02-27 15:40:00,2026-02-28 12:05:00,2,1,
SG101499,soporte_remoto,whatsapp,internet,LENTITUD E INTERMITENCIA,,solucionado,2026-02-27 15:40:00,2026-03-02 09:40:00,9,2,
SG101501,soporte_remoto,caja,internet,LENTITUD E INTERMITENCIA,,solucionado,2026-02-27 15:40:00,2026-02-28 12:25:00,9,1,
SR101503,soporte_remoto,caja,tv,CANALES LLUVIOSOS/PIXELADOS,,cancelado,2026-02-27 16:20:00,2026-02-28 12:10:00,1,1,
SG101502,soporte_remoto,whatsapp,internet,LENTITUD E INTERMITENCIA,,solucionado,2026-02-27 16:25:00,2026-02-28 12:00:00,3,1,
CH101029,soporte_remoto,call_center,internet,LENTITUD E INTERMITENCIA,,solucionado,2026-02-27 16:25:00,2026-02-28 13:05:00,2,1,
C104000,cambio_titular,call_center,,,,solucionado,2026-02-27 16:30:00,2026-02-28 12:45:00,13,5,
C103465,cambio_titular,call_center,,,,solucionado,2026-02-27 16:30:00,2026-03-03 10:40:00,13,5,
C103465,cambio_plan,caja,,,,solucionado,2026-02-27 16:35:00,2026-03-16 10:40:00,13,3,
TC101504,soporte_remoto,whatsapp,internet,LENTITUD E INTERMITENCIA,,solucionado,2026-02-27 16:55:00,2026-02-28 11:05:00,16,1,
TC103466,cambio_plan,whatsapp,,,,solucionado,2026-02-27 17:00:00,2026-04-06 10:30:00,7,3,
CH101505,soporte_remoto,call_center,internet_tv,LENTITUD E INTERMITENCIA,,solucionado,2026-02-27 17:15:00,2026-02-28 12:20:00,2,1,
C101506,soporte_remoto,call_center,tv,PROGRAMACIÓN DE TV,,solucionado,2026-02-27 17:15:00,2026-03-06 09:50:00,8,0,
SG101508,soporte_remoto,whatsapp,internet,LENTITUD E INTERMITENCIA,,cancelado,2026-02-27 17:35:00,2026-03-06 09:55:00,3,0,
SR101509,soporte_remoto,whatsapp,internet,LENTITUD E INTERMITENCIA,,solucionado,2026-02-27 17:50:00,2026-02-28 12:15:00,1,0,
SG103467,cambio_plan,call_center,,,,solucionado,2026-02-27 18:00:00,2026-03-16 10:45:00,3,3,
DQ101510,soporte_remoto,whatsapp,internet_tv,LENTITUD E INTERMITENCIA,,cancelado,2026-02-27 18:20:00,2026-03-06 10:00:00,0,0,
C101511,soporte_remoto,caja,internet,LENTITUD E INTERMITENCIA,,solucionado,2026-02-28 08:50:00,2026-02-28 08:50:00,11,2,
C101512,soporte_remoto,call_center,internet,LENTITUD E INTERMITENCIA,,solucionado,2026-02-28 09:45:00,2026-02-28 09:45:00,11,2,
TC101211,soporte_remoto,call_center,internet,LENTITUD E INTERMITENCIA,,solucionado,2026-02-28 11:30:00,2026-02-28 11:30:00,16,2,
CH101513,soporte_remoto,whatsapp,internet_tv,LENTITUD E INTERMITENCIA,,cancelado,2026-02-28 12:45:00,2026-02-28 12:50:00,11,2,
C103266,cambio_plan,whatsapp,,,,solucionado,2026-02-28 15:45:00,2026-03-16 10:45:00,25,3,
DQ101515,soporte_remoto,call_center,internet_tv,LENTITUD E INTERMITENCIA,,cancelado,2026-03-02 08:10:00,2026-03-02 16:15:00,4,2,
TC100261,sin_internet,call_center,internet,,FALLA DE FIBRA,solucionado,2026-03-02 08:20:00,2026-03-02 08:50:00,32,0,
CH101059,soporte_remoto,whatsapp,internet,LENTITUD E INTERMITENCIA,,solucionado,2026-03-02 08:25:00,2026-03-03 09:25:00,2,0,
SG101516,soporte_remoto,whatsapp,internet,LENTITUD E INTERMITENCIA,,solucionado,2026-03-02 08:30:00,2026-03-02 11:00:00,9,1,
TC101517,soporte_remoto,whatsapp,internet,LENTITUD E INTERMITENCIA,,solucionado,2026-03-02 08:30:00,2026-03-02 16:35:00,30,2,
TC101518,soporte_remoto,whatsapp,internet,LENTITUD E INTERMITENCIA,,solucionado,2026-03-02 08:45:00,2026-03-02 10:45:00,29,1,
SR100262,sin_internet,call_center,internet,,FALLA DE FIBRA,solucionado,2026-03-02 08:50:00,2026-03-02 08:50:00,14,0,
VG101519,soporte_remoto,whatsapp,tv,LENTITUD E INTERMITENCIA,,solucionado,2026-03-02 08:50:00,2026-03-02 16:30:00,6,2,
TCF100263,sin_internet,caja,internet,,FALLA MASIVA,solucionado,2026-03-02 09:00:00,2026-03-02 09:10:00,4,0,
C101522,soporte_remoto,call_center,tv,FALLAS CON LA TV,,solucionado,2026-03-02 09:00:00,2026-03-02 17:25:00,12,2,
CH101530,soporte_remoto,call_center,internet_tv,LENTITUD E INTERMITENCIA,,solucionado,2026-03-02 09:00:00,2026-03-04 09:05:00,2,1,
DQ101039,soporte_remoto,call_center,tv,PROGRAMACIÓN DE TV,,solucionado,2026-03-02 09:00:00,2026-03-04 10:00:00,17,1,
DQ101520,soporte_remoto,call_center,internet_tv,LENTITUD E INTERMITENCIA,,solucionado,2026-03-02 09:05:00,2026-03-02 16:55:00,11,2,
TC101521,soporte_remoto,call_center,internet_tv,LENTITUD E INTERMITENCIA,,solucionado,2026-03-02 09:05:00,2026-03-02 17:10:00,11,2,
SG101523,soporte_remoto,whatsapp,internet,ERROR EN INGRESO A PÁGINAS,,cancelado,2026-03-02 09:10:00,2026-03-06 10:20:00,9,0,
CH101525,soporte_remoto,caja,internet,LENTITUD E INTERMITENCIA,,solucionado,2026-03-02 09:20:00,2026-03-02 17:30:00,2,2,
DQ100264,sin_internet,call_center,internet,,FALLA MASIVA,solucionado,2026-03-02 09:30:00,2026-03-02 10:40:00,4,0,
DQ101259,cambio_titular,call_center,,,,solucionado,2026-03-02 09:30:00,2026-03-06 10:20:00,5,5,
C101526,soporte_remoto,whatsapp,internet,LENTITUD E INTERMITENCIA,,solucionado,2026-03-02 09:35:00,2026-03-02 12:20:00,12,2,
TCF101528,soporte_remoto,call_center,internet,LENTITUD E INTERMITENCIA,,solucionado,2026-03-02 09:40:00,2026-03-06 10:20:00,4,0,
TC101527,soporte_remoto,caja,internet_tv,LENTITUD E INTERMITENCIA,,solucionado,2026-03-02 09:45:00,2026-03-02 17:55:00,29,2,
SR100120,soporte_remoto,whatsapp,internet,ERROR EN INGRESO A PÁGINAS,,solucionado,2026-03-02 09:45:00,2026-03-03 10:20:00,1,0,
CH101529,soporte_remoto,call_center,tv,PROGRAMACIÓN DE TV,,solucionado,2026-03-02 09:50:00,2026-03-04 09:45:00,2,1,
TC101531,soporte_remoto,caja,internet_tv,LENTITUD E INTERMITENCIA,,cancelado,2026-03-02 09:55:00,2026-03-06 10:45:00,32,0,
SR101532,soporte_remoto,whatsapp,tv,FALLAS CON LA TV,,solucionado,2026-03-02 10:00:00,2026-03-04 11:40:00,1,1,
SG101105,soporte_remoto,call_center,internet,LENTITUD E INTERMITENCIA,,solucionado,2026-03-02 10:00:00,2026-03-03 08:30:00,9,4,
TC101533,soporte_remoto,whatsapp,internet_tv,LENTITUD E INTERMITENCIA,,solucionado,2026-03-02 10:10:00,2026-03-03 09:05:00,16,4,
TCF101534,soporte_remoto,whatsapp,tv,CANALES LLUVIOSOS/PIXELADOS,,solucionado,2026-03-02 10:10:00,2026-03-04 09:20:00,4,1,
CH101535,soporte_remoto,whatsapp,internet_tv,LENTITUD E INTERMITENCIA,,solucionado,2026-03-02 10:10:00,2026-03-03 09:10:00,2,4,
CH101536,soporte_remoto,whatsapp,internet,LENTITUD E INTERMITENCIA,,solucionado,2026-03-02 10:20:00,2026-03-02 16:25:00,2,1,
SR101537,soporte_remoto,whatsapp,tv,FALLAS CON LA TV,,cancelado,2026-03-02 10:20:00,2026-03-04 09:25:00,1,1,
TC101351,soporte_remoto,call_center,internet_tv,FALLAS CON LA TV,,cancelado,2026-03-02 10:30:00,2026-03-04 09:30:00,10,1,
SG100982,soporte_remoto,caja,internet,LENTITUD E INTERMITENCIA,,solucionado,2026-03-02 10:35:00,2026-03-02 16:45:00,3,1,
DQ100265,sin_internet,call_center,internet,,FALLA DE FIBRA,solucionado,2026-03-02 10:40:00,2026-03-02 15:10:00,17,0,
TC101538,soporte_remoto,whatsapp,tv,FALLAS CON LA TV,,solucionado,2026-03-02 10:45:00,2026-03-04 09:25:00,10,1,
DQ101539,soporte_remoto,call_center,internet_tv,LENTITUD E INTERMITENCIA,,solucionado,2026-03-02 10:50:00,2026-03-02 17:00:00,4,1,
C103468,cambio_plan,call_center,,,,solucionado,2026-03-02 11:00:00,2026-03-06 17:45:00,12,3,
DQ100266,sin_internet,call_center,internet,,NIVELES CRÍTICOS,solucionado,2026-03-02 11:05:00,2026-03-06 08:25:00,17,0,
TC101155,soporte_remoto,call_center,internet_tv,LENTITUD E INTERMITENCIA,,solucionado,2026-03-02 11:05:00,2026-03-03 09:00:00,7,4,
TC101540,soporte_remoto,call_center,tv,FALLAS CON LA TV,,solucionado,2026-03-02 11:05:00,2026-03-04 11:20:00,10,1,
TCF101541,soporte_remoto,whatsapp,internet_tv,LENTITUD E INTERMITENCIA,,solucionado,2026-03-02 11:10:00,2026-03-03 09:15:00,4,4,
TC101542,soporte_remoto,whatsapp,tv,FALLAS CON LA TV,,cancelado,2026-03-02 11:10:00,2026-03-06 08:40:00,10,1,
DQ101543,soporte_remoto,call_center,internet,LENTITUD E INTERMITENCIA,,solucionado,2026-03-02 11:20:00,2026-03-03 09:20:00,0,4,
DQ101544,soporte_remoto,whatsapp,tv,FALLAS CON LA TV,,solucionado,2026-03-02 11:20:00,2026-03-06 08:45:00,0,4,
C101545,soporte_remoto,whatsapp,tv,CANALES LLUVIOSOS/PIXELADOS,,cancelado,2026-03-02 11:20:00,2026-03-06 08:45:00,0,1,
DQ100278,soporte_remoto,call_center,internet,LENTITUD E INTERMITENCIA,,solucionado,2026-03-02 11:20:00,2026-03-03 10:00:00,0,4,
DQ101546,soporte_remoto,call_center,internet_tv,ERROR EN INGRESO A PÁGINAS,,solucionado,2026-03-02 11:30:00,2026-03-03 09:00:00,17,4,
DQ101547,soporte_remoto,call_center,internet,LENTITUD E INTERMITENCIA,,solucionado,2026-03-02 11:30:00,2026-03-03 10:25:00,0,4,
DQ101549,soporte_remoto,whatsapp,internet,ERROR EN INGRESO A PÁGINAS,,solucionado,2026-03-02 11:40:00,2026-03-03 10:40:00,17,4,
CH101548,soporte_remoto,call_center,internet_tv,LENTITUD E INTERMITENCIA,,solucionado,2026-03-02 11:55:00,2026-03-03 10:30:00,2,4,
TC101550,soporte_remoto,caja,internet,LENTITUD E INTERMITENCIA,,cancelado,2026-03-02 12:00:00,2026-03-03 10:45:00,16,1,
TC103469,cambio_plan,caja,,,,solucionado,2026-03-02 12:00:00,2026-03-16 14:25:00,10,3,
CH101551,soporte_remoto,whatsapp,internet_tv,LENTITUD E INTERMITENCIA,,solucionado,2026-03-02 12:15:00,2026-03-03 10:50:00,2,0,
CH101552,soporte_remoto,caja,internet_tv,LENTITUD E INTERMITENCIA,,solucionado,2026-03-02 12:50:00,2026-03-02 16:00:00,11,2,
DQ100285,soporte_remoto,call_center,internet_tv,SIN SEÑAL DE TV,,solucionado,2026-03-02 13:00:00,2026-03-06 09:25:00,0,4,
CH100899,cambio_titular,whatsapp,,,,solucionado,2026-03-02 13:00:00,2026-03-03 10:25:00,2,5,
TC101553,soporte_remoto,call_center,internet_tv,LENTITUD E INTERMITENCIA,,solucionado,2026-03-02 13:10:00,2026-03-03 10:55:00,16,4,
C101554,soporte_remoto,call_center,internet,LENTITUD E INTERMITENCIA,,solucionado,2026-03-02 13:30:00,2026-03-04 12:45:00,16,2,
C101555,soporte_remoto,whatsapp,internet,LENTITUD E INTERMITENCIA,,solucionado,2026-03-02 13:35:00,2026-03-03 11:10:00,15,4,
C101556,soporte_remoto,call_center,internet,LENTITUD E INTERMITENCIA,,solucionado,2026-03-02 13:40:00,2026-03-03 11:35:00,15,4,
CH101557,soporte_remoto,call_center,internet_tv,LENTITUD E INTERMITENCIA,,cancelado,2026-03-02 13:40:00,2026-03-03 11:50:00,2,1,
SR104001,cambio_titular,call_center,,,,solucionado,2026-03-02 13:55:00,2026-03-09 08:30:00,14,5,
CH101558,soporte_remoto,whatsapp,internet_tv,LENTITUD E INTERMITENCIA,,cancelado,2026-03-02 14:00:00,2026-03-03 11:55:00,2,1,
C101571,soporte_remoto,call_center,internet,LENTITUD E INTERMITENCIA,,solucionado,2026-03-02 14:00:00,2026-03-03 11:05:00,12,0,
C100081,cambio_plan,whatsapp,,,,solucionado,2026-03-02 14:00:00,2026-03-16 14:30:00,12,3,
TC101320,soporte_remoto,whatsapp,internet,LENTITUD E INTERMITENCIA,,solucionado,2026-03-02 14:10:00,2026-03-03 12:00:00,16,4,
DQ101559,soporte_remoto,call_center,internet,LENTITUD E INTERMITENCIA,,solucionado,2026-03-02 14:15:00,2026-03-04 12:50:00,0,2,
SG101166,soporte_remoto,caja,internet,LENTITUD E INTERMITENCIA,,solucionado,2026-03-02 14:20:00,2026-03-04 12:25:00,3,2,
SR100563,soporte_remoto,caja,tv,SIN SEÑAL DE TV,,solucionado,2026-03-02 14:30:00,2026-03-04 13:00:00,1,2,
SR101560,soporte_remoto,call_center,internet_tv,LENTITUD E INTERMITENCIA,,cancelado,2026-03-02 14:35:00,2026-03-03 11:55:00,14,1,
SR103470,cambio_plan,call_center,,,,solucionado,2026-03-02 14:35:00,2026-03-16 15:00:00,1,3,
CH101561,soporte_remoto,call_center,internet_tv,LENTITUD E INTERMITENCIA,,solucionado,2026-03-02 14:40:00,2026-03-03 12:15:00,2,4,
SR101562,soporte_remoto,whatsapp,internet,LENTITUD E INTERMITENCIA,,solucionado,2026-03-02 15:05:00,2026-03-03 12:15:00,1,4,
DQ101563,soporte_remoto,call_center,tv,FALLAS CON LA TV,,solucionado,2026-03-02 15:05:00,2026-03-04 11:40:00,0,2,
DQ101564,soporte_remoto,call_center,internet,LENTITUD E INTERMITENCIA,,solucionado,2026-03-02 15:10:00,2026-03-03 12:25:00,5,4,
CH101565,soporte_remoto,call_center,internet_tv,LENTITUD E INTERMITENCIA,,solucionado,2026-03-02 15:10:00,2026-03-03 12:50:00,2,4,
DQ101566,soporte_remoto,whatsapp,internet,LENTITUD E INTERMITENCIA,,solucionado,2026-03-02 15:15:00,2026-03-03 13:00:00,0,4,
DQ101567,soporte_remoto,whatsapp,internet,LENTITUD E INTERMITENCIA,,solucionado,2026-03-02 15:15:00,2026-03-03 13:10:00,0,4,
DQ101568,soporte_remoto,whatsapp,internet,LENTITUD E INTERMITENCIA,,solucionado,2026-03-02 15:20:00,2026-03-03 16:00:00,0,4,
TC101569,soporte_remoto,call_center,internet,PROBLEMAS CON TEST DE VELOCIDAD,,solucionado,2026-03-02 15:25:00,,16,4,
CH100071,soporte_remoto,call_center,internet_tv,LENTITUD E INTERMITENCIA,,solucionado,2026-03-02 15:25:00,2026-03-03 16:20:00,2,4,
CH100836,soporte_remoto,call_center,internet_tv,LENTITUD E INTERMITENCIA,,solucionado,2026-03-02 15:30:00,2026-03-03 09:00:00,2,4,
TC103471,cambio_plan,call_center,,,,solucionado,2026-03-02 15:35:00,2026-03-16 17:40:00,7,3,
SG103472,cambio_plan,call_center,,,,solucionado,2026-03-02 15:35:00,2026-03-16 17:40:00,3,3,
SG103472,cambio_titular,call_center,,,,solucionado,2026-03-02 15:35:00,2026-03-04 15:50:00,3,5,
TCF100267,sin_internet,whatsapp,internet,,MTU 1500,solucionado,2026-03-02 15:40:00,2026-03-02 16:30:00,4,0,
SG101570,soporte_remoto,whatsapp,tv,CANALES LLUVIOSOS/PIXELADOS,,solucionado,2026-03-02 15:50:00,2026-03-04 11:05:00,3,2,
SR101572,soporte_remoto,call_center,internet,ERROR EN INGRESO A PÁGINAS,,cancelado,2026-03-02 15:55:00,2026-03-06 10:55:00,1,0,
CH101179,soporte_remoto,call_center,internet,LENTITUD E INTERMITENCIA,,solucionado,2026-03-02 16:00:00,2026-03-03 11:45:00,2,0,
TC101574,soporte_remoto,whatsapp,internet_tv,LENTITUD E INTERMITENCIA,,solucionado,2026-03-02 16:05:00,2026-03-03 12:00:00,16,0,
CH101575,soporte_remoto,whatsapp,internet_tv,LENTITUD E INTERMITENCIA,,solucionado,2026-03-02 16:15:00,2026-03-04 09:00:00,2,2,
SR101576,soporte_remoto,whatsapp,tv,CANALES INTERMITENTES,,solucionado,2026-03-02 16:20:00,2026-03-04 12:00:00,1,2,
DQ101577,soporte_remoto,call_center,tv,SIN SEÑAL DE TV,,solucionado,2026-03-02 16:25:00,2026-03-04 15:55:00,0,2,
DQ101578,soporte_remoto,whatsapp,tv,CANALES FALTANTES,,solucionado,2026-03-02 16:25:00,2026-03-05 16:25:00,0,2,
TCF101528,soporte_remoto,whatsapp,internet,HABILITACIÓN DE PUERTOS,,solucionado,2026-03-02 16:35:00,2026-03-03 15:45:00,27,0,
SG101579,soporte_remoto,call_center,internet,LENTITUD E INTERMITENCIA,,solucionado,2026-03-02 16:35:00,2026-03-04 11:50:00,3,2,
DQ101580,soporte_remoto,whatsapp,tv,FALLAS CON LA TV,,solucionado,2026-03-02 16:45:00,2026-03-04 13:15:00,0,2,
C101581,soporte_remoto,call_center,internet,LENTITUD E INTERMITENCIA,,solucionado,2026-03-02 17:10:00,2026-03-09 08:35:00,15,0,
SR100268,sin_internet,caja,internet,,WIFI DESACTIVADO,solucionado,2026-03-02 17:25:00,2026-03-03 08:30:00,14,0,
DQ100269,sin_internet,whatsapp,internet,,WIFI DESACTIVADO,solucionado,2026-03-02 17:25:00,2026-03-03 08:40:00,0,0,
CH101582,soporte_remoto,whatsapp,internet_tv,LENTITUD E INTERMITENCIA,,solucionado,2026-03-02 17:35:00,2026-03-04 10:00:00,2,1,
CH101583,soporte_remoto,whatsapp,internet_tv,LENTITUD E INTERMITENCIA,,cancelado,2026-03-02 17:40:00,2026-03-09 09:05:00,2,0,
TC101584,soporte_remoto,whatsapp,internet,PROBLEMAS CON CÁMARAS/DVR,,solucionado,2026-03-02 17:50:00,2026-03-03 15:30:00,4,0,
SR101585,soporte_remoto,call_center,internet_tv,LENTITUD E INTERMITENCIA,,solucionado,2026-03-02 18:00:00,2026-03-04 15:30:00,1,1,
SG103473,cambio_plan,whatsapp,,,,solucionado,2026-03-02 18:00:00,2026-03-17 09:50:00,9,3,
SG101698,cambio_plan,call_center,,,,solucionado,2026-03-02 18:00:00,2026-03-17 09:50:00,9,3,
VG100270,sin_internet,call_center,internet,,,solucionado,2026-03-03 08:15:00,2026-03-03 08:55:00,6,0,
SG101072,soporte_remoto,call_center,internet,LENTITUD E INTERMITENCIA,,solucionado,2026-03-03 08:50:00,2026-03-06 11:15:00,3,0,
SG100753,soporte_remoto,call_center,tv,CANALES LLUVIOSOS/PIXELADOS,,cancelado,2026-03-03 08:50:00,2026-03-04 10:30:00,3,1,
SG101205,soporte_remoto,call_center,internet,LENTITUD E INTERMITENCIA,,cancelado,2026-03-03 08:50:00,2026-03-09 09:55:00,3,0,
SG101524,soporte_remoto,whatsapp,internet,ERROR EN INGRESO A PÁGINAS,,cancelado,2026-03-03 09:10:00,2026-03-06 10:25:00,9,0,
SR101457,soporte_remoto,call_center,internet_tv,LENTITUD E INTERMITENCIA,,solucionado,2026-03-03 09:10:00,2026-03-04 10:20:00,4,1,
DQ100418,soporte_remoto,whatsapp,internet_tv,LENTITUD E INTERMITENCIA,,solucionado,2026-03-03 09:10:00,2026-03-04 10:40:00,0,1,
C103474,cambio_plan,caja,,,,solucionado,2026-03-03 09:15:00,2026-03-17 09:55:00,15,3,
TCF101587,soporte_remoto,call_center,internet_tv,LENTITUD E INTERMITENCIA,,solucionado,2026-03-03 09:30:00,2026-03-06 11:30:00,12,0,
SR101588,soporte_remoto,call_center,internet,LENTITUD E INTERMITENCIA,,solucionado,2026-03-03 09:30:00,2026-03-04 09:05:00,4,0,
DQ101586,soporte_remoto,caja,tv,FALLAS CON LA TV,,solucionado,2026-03-03 09:45:00,2026-03-04 16:50:00,0,1,
SG100702,soporte_remoto,caja,internet,LENTITUD E INTERMITENCIA,,cancelado,2026-03-03 09:45:00,2026-03-09 09:35:00,3,0,
CH101046,soporte_remoto,call_center,internet_tv,LENTITUD E INTERMITENCIA,,cancelado,2026-03-03 10:05:00,2026-03-09 11:55:00,2,0,
CH101589,soporte_remoto,whatsapp,internet_tv,LENTITUD E INTERMITENCIA,,solucionado,2026-03-03 10:15:00,2026-03-09 10:05:00,2,0,
CH100735,soporte_remoto,call_center,internet_tv,LENTITUD E INTERMITENCIA,,solucionado,2026-03-03 10:20:00,2026-03-06 12:25:00,2,2,
DQ101590,soporte_remoto,call_center,internet,LENTITUD E INTERMITENCIA,,solucionado,2026-03-03 10:25:00,2026-03-04 10:10:00,5,0,
TC101591,soporte_remoto,whatsapp,tv,PROGRAMACIÓN DE TV,,solucionado,2026-03-03 10:30:00,2026-03-06 12:20:00,16,2,
TC101592,soporte_remoto,call_center,internet,LENTITUD E INTERMITENCIA,,cancelado,2026-03-03 10:50:00,2026-03-10 09:30:00,7,0,
C104002,cambio_titular,call_center,,,,solucionado,2026-03-03 10:50:00,2026-03-04 17:40:00,13,5,
SG100438,soporte_remoto,call_center,internet,LENTITUD E INTERMITENCIA,,solucionado,2026-03-03 10:55:00,2026-03-04 10:30:00,9,0,
TC101593,soporte_remoto,whatsapp,internet,LENTITUD E INTERMITENCIA,,solucionado,2026-03-03 10:55:00,2026-03-04 10:50:00,7,1,
TC101594,soporte_remoto,whatsapp,internet_tv,LENTITUD E INTERMITENCIA,,solucionado,2026-03-03 11:05:00,2026-03-09 08:35:00,7,6,
TC101595,soporte_remoto,whatsapp,internet,LENTITUD E INTERMITENCIA,,solucionado,2026-03-03 11:10:00,2026-03-04 11:10:00,7,0,
C103475,cambio_plan,caja,,,,solucionado,2026-03-03 11:10:00,2026-03-17 10:20:00,15,3,
TC101596,soporte_remoto,call_center,internet,LENTITUD E INTERMITENCIA,,solucionado,2026-03-03 11:20:00,2026-03-04 11:50:00,16,0,
TC101597,soporte_remoto,call_center,internet,ERROR EN INGRESO A PÁGINAS,,solucionado,2026-03-03 11:25:00,2026-03-09 12:30:00,7,0,
TC101598,soporte_remoto,whatsapp,tv,SIN SEÑAL DE TV,,solucionado,2026-03-03 11:25:00,2026-03-09 08:40:00,7,6,
TC101599,soporte_remoto,whatsapp,internet,LENTITUD E INTERMITENCIA,,solucionado,2026-03-03 11:35:00,2026-03-06 16:00:00,10,0,
TC101600,soporte_remoto,whatsapp,internet_tv,PROBLEMAS CON TEST DE VELOCIDAD,,solucionado,2026-03-03 11:40:00,2026-03-04 10:30:00,10,1,
TC101601,soporte_remoto,whatsapp,internet_tv,LENTITUD E INTERMITENCIA,,cancelado,2026-03-03 11:50:00,2026-03-05 08:50:00,7,1,
SG103476,cambio_plan,whatsapp,,,,solucionado,2026-03-03 12:00:00,2026-03-17 10:25:00,9,3,
SG103476,cambio_titular,caja,,,,solucionado,2026-03-03 12:00:00,2026-03-05 09:30:00,9,5,
TC101602,soporte_remoto,call_center,tv,PROGRAMACIÓN DE TV,,solucionado,2026-03-03 12:15:00,2026-03-09 08:50:00,19,6,
DQ101603,soporte_remoto,call_center,internet_tv,LENTITUD E INTERMITENCIA,,solucionado,2026-03-03 12:30:00,2026-03-05 11:00:00,0,1,
DQ101604,soporte_remoto,caja,tv,SIN SEÑAL DE TV,,solucionado,2026-03-03 12:30:00,2026-03-06 09:00:00,22,6,
SR104003,cambio_titular,whatsapp,,,,solucionado,2026-03-03 13:05:00,2026-03-06 08:15:00,14,5,
SR101605,soporte_remoto,caja,tv,CANALES LLUVIOSOS/PIXELADOS,,solucionado,2026-03-03 13:25:00,2026-03-06 09:00:00,4,6,
SG101606,soporte_remoto,whatsapp,internet,LENTITUD E INTERMITENCIA,,solucionado,2026-03-03 13:25:00,2026-03-05 09:35:00,4,1,
VG100271,sin_internet,call_center,internet,,FALLA DE FIBRA,solucionado,2026-03-03 13:30:00,2026-03-06 08:30:00,6,0,
SR101607,soporte_remoto,call_center,internet,LENTITUD E INTERMITENCIA,,cancelado,2026-03-03 14:25:00,2026-03-05 11:10:00,4,1,
DQ101608,soporte_remoto,whatsapp,internet_tv,LENTITUD E INTERMITENCIA,,solucionado,2026-03-03 14:45:00,2026-03-09 09:00:00,0,6,
C103477,cambio_plan,call_center,,,,solucionado,2026-03-03 15:00:00,2026-03-17 11:10:00,13,3,
DQ101115,soporte_remoto,whatsapp,internet,PROBLEMAS CON TEST DE VELOCIDAD,,solucionado,2026-03-03 15:20:00,2026-03-06 13:25:00,0,2,
SR103478,cambio_plan,whatsapp,,,,solucionado,2026-03-03 15:40:00,2026-04-06 10:35:00,14,3,
VG100272,sin_internet,call_center,internet,,WIFI DESACTIVADO,solucionado,2026-03-03 15:50:00,2026-03-03 16:05:00,6,0,
TC101573,soporte_remoto,call_center,internet_tv,LENTITUD E INTERMITENCIA,,solucionado,2026-03-03 15:55:00,2026-03-04 11:05:00,16,2,
VG100273,sin_internet,call_center,internet,,WIFI RESETEADO,solucionado,2026-03-03 16:05:00,2026-03-10 08:15:00,6,0,
DQ101609,soporte_remoto,whatsapp,internet,LENTITUD E INTERMITENCIA,,solucionado,2026-03-03 16:05:00,2026-03-06 10:10:00,0,4,
SG101610,soporte_remoto,call_center,internet,LENTITUD E INTERMITENCIA,,solucionado,2026-03-03 16:05:00,2026-03-06 10:45:00,9,4,
SG101611,soporte_remoto,call_center,internet,LENTITUD E INTERMITENCIA,,solucionado,2026-03-03 16:10:00,2026-03-06 10:45:00,9,4,
SG101612,soporte_remoto,call_center,internet,LENTITUD E INTERMITENCIA,,solucionado,2026-03-03 16:20:00,2026-03-06 11:05:00,9,4,
SG101613,soporte_remoto,call_center,internet,LENTITUD E INTERMITENCIA,,solucionado,2026-03-03 16:20:00,2026-03-06 11:30:00,9,4,
DQ101057,soporte_remoto,call_center,tv,CANALES FALTANTES,,solucionado,2026-03-03 16:20:00,2026-03-09 09:10:00,5,6,
TC101614,soporte_remoto,call_center,internet,LENTITUD E INTERMITENCIA,,solucionado,2026-03-03 16:25:00,2026-03-06 15:50:00,16,4,
SG101168,soporte_remoto,caja,internet,LENTITUD E INTERMITENCIA,,solucionado,2026-03-03 16:30:00,2026-03-06 12:00:00,9,4,
TC103479,cambio_plan,call_center,,,,solucionado,2026-03-03 16:40:00,2026-03-17 11:15:00,10,3,
SR103480,cambio_plan,call_center,,,,solucionado,2026-03-03 16:40:00,2026-03-17 12:00:00,4,3,
DQ103481,cambio_plan,call_center,,,,solucionado,2026-03-03 16:40:00,2026-03-17 12:05:00,23,3,
SG103482,cambio_plan,whatsapp,,,,solucionado,2026-03-03 16:45:00,2026-03-17 12:10:00,9,3,
DQ103483,cambio_plan,caja,,,,solucionado,2026-03-03 16:55:00,2026-03-17 12:10:00,23,3,
C103484,cambio_plan,caja,,,,solucionado,2026-03-03 17:00:00,2026-04-06 10:40:00,13,3,
SR101615,soporte_remoto,whatsapp,internet,LENTITUD E INTERMITENCIA,,solucionado,2026-03-03 17:15:00,2026-03-06 12:05:00,14,4,
DQ101616,soporte_remoto,call_center,tv,FALLAS CON LA TV,,solucionado,2026-03-03 17:20:00,2026-03-06 12:20:00,12,6,
SG103485,cambio_plan,whatsapp,,,,solucionado,2026-03-03 17:20:00,2026-03-17 12:15:00,9,3,
SG101606,cambio_plan,call_center,,,,solucionado,2026-03-03 17:20:00,2026-03-17 12:25:00,3,3,
TC100129,soporte_remoto,call_center,tv,SIN SEÑAL DE TV,,solucionado,2026-03-03 17:35:00,2026-03-06 12:35:00,16,6,
SR101607,soporte_remoto,call_center,internet,ERROR EN INGRESO A PÁGINAS,,solucionado,2026-03-03 17:50:00,2026-03-06 18:00:00,4,1,
DQ101617,soporte_remoto,call_center,internet,LENTITUD E INTERMITENCIA,,solucionado,2026-03-03 18:00:00,2026-03-06 09:15:00,5,1,
SR101414,soporte_remoto,call_center,tv,PROGRAMACIÓN DE TV,,solucionado,2026-03-03 18:30:00,2026-03-06 10:45:00,25,6,
DQ100274,sin_internet,call_center,internet,,FALLA DE FIBRA,solucionado,2026-03-04 08:05:00,2026-03-04 08:40:00,0,0,
SR101645,soporte_remoto,call_center,internet,LENTITUD E INTERMITENCIA,,solucionado,2026-03-04 08:20:00,2026-03-06 16:05:00,4,6,
DQ101618,soporte_remoto,call_center,tv,PROGRAMACIÓN DE TV,,solucionado,2026-03-04 08:25:00,2026-03-06 13:25:00,11,2,
DQ101619,soporte_remoto,call_center,internet,LENTITUD E INTERMITENCIA,,solucionado,2026-03-04 08:35:00,2026-03-06 09:40:00,0,1,
TCF101620,soporte_remoto,call_center,tv,FALLAS CON LA TV,,solucionado,2026-03-04 08:45:00,2026-03-06 10:55:00,12,6,
DQ101621,soporte_remoto,caja,tv,LENTITUD E INTERMITENCIA,,solucionado,2026-03-04 08:45:00,2026-03-06 11:15:00,12,6,
TC101622,soporte_remoto,call_center,tv,LENTITUD E INTERMITENCIA,,solucionado,2026-03-04 08:45:00,2026-03-06 13:45:00,11,2,
C102361,soporte_remoto,call_center,internet,LENTITUD E INTERMITENCIA,,solucionado,2026-03-04 08:45:00,2026-05-07 09:40:00,8,1,
SG101623,soporte_remoto,whatsapp,internet,LENTITUD E INTERMITENCIA,,solucionado,2026-03-04 09:15:00,2026-03-06 16:55:00,9,2,
DQ103486,cambio_titular,whatsapp,,,,solucionado,2026-03-04 09:30:00,2026-03-09 15:40:00,5,5,
TCF101624,soporte_remoto,caja,tv,CANALES FALTANTES,,solucionado,2026-03-04 09:35:00,2026-03-06 11:30:00,12,6,
DQ103486,cambio_plan,call_center,,,,solucionado,2026-03-04 09:40:00,2026-04-06 10:40:00,5,3,
SR101625,soporte_remoto,call_center,internet,ERROR EN INGRESO A PÁGINAS,,solucionado,2026-03-04 09:50:00,2026-03-09 12:35:00,4,0,
SR101626,soporte_remoto,call_center,internet_tv,LENTITUD E INTERMITENCIA,,solucionado,2026-03-04 10:10:00,2026-03-06 17:15:00,4,2,
C101627,soporte_remoto,call_center,internet,LENTITUD E INTERMITENCIA,,solucionado,2026-03-04 10:10:00,2026-03-04 10:10:00,11,2,
DQ101628,soporte_remoto,call_center,internet,LENTITUD E INTERMITENCIA,,cancelado,2026-03-04 10:15:00,2026-03-06 16:30:00,5,0,
DQ104004,cambio_titular,whatsapp,,,,solucionado,2026-03-04 10:25:00,2026-03-04 15:40:00,0,5,
SG100703,soporte_remoto,caja,internet_tv,LENTITUD E INTERMITENCIA,,solucionado,2026-03-04 10:40:00,2026-03-06 10:35:00,3,2,
CH100868,soporte_remoto,call_center,internet_tv,LENTITUD E INTERMITENCIA,,solucionado,2026-03-04 10:50:00,2026-03-09 12:25:00,2,2,
SG100738,cambio_plan,whatsapp,,,,solucionado,2026-03-04 10:50:00,2026-04-06 10:45:00,3,3,
SR102070,cambio_plan,whatsapp,,,,solucionado,2026-03-04 10:50:00,2026-04-06 11:20:00,4,3,
SR100275,sin_internet,whatsapp,internet,,WIFI DESACTIVADO,solucionado,2026-03-04 11:15:00,2026-03-04 15:15:00,4,0,
DQ100279,sin_internet,whatsapp,internet,,ERROR DNS,solucionado,2026-03-04 11:35:00,2026-03-10 08:25:00,10,0,
DQ100280,sin_internet,call_center,internet,,VLAN DUPLICADA,solucionado,2026-03-04 11:35:00,2026-03-06 09:00:00,23,0,
TC101629,soporte_remoto,call_center,internet_tv,LENTITUD E INTERMITENCIA,,cancelado,2026-03-04 11:40:00,2026-03-09 10:25:00,12,6,
TC100276,soporte_remoto,whatsapp,internet,LENTITUD E INTERMITENCIA,,solucionado,2026-03-04 12:10:00,2026-03-04 12:10:00,11,2,
TC100276,sin_internet,call_center,internet,,FALLA MASIVA,cancelado,2026-03-04 12:40:00,2026-03-04 16:10:00,5,0,
DQ100277,sin_internet,call_center,internet,,,solucionado,2026-03-04 12:50:00,,21,,
TC101630,soporte_remoto,call_center,internet,PROBLEMAS CON CÁMARAS/DVR,,cancelado,2026-03-04 13:15:00,2026-03-09 12:35:00,10,0,
TC102147,cambio_plan,call_center,,,,solucionado,2026-03-04 14:00:00,2026-03-17 13:25:00,7,3,
SR101631,soporte_remoto,caja,tv,CANALES LLUVIOSOS/PIXELADOS,,solucionado,2026-03-04 14:15:00,2026-03-06 12:20:00,4,6,
C103487,cambio_plan,whatsapp,,,,solucionado,2026-03-04 14:15:00,,7,3,
TC101632,soporte_remoto,whatsapp,internet,LENTITUD E INTERMITENCIA,,solucionado,2026-03-04 14:25:00,2026-03-06 15:10:00,10,6,
TCF101184,cambio_plan,call_center,,,,solucionado,2026-03-04 14:50:00,2026-03-17 13:30:00,12,3,
VG103488,cambio_plan,call_center,,,,solucionado,2026-03-04 14:55:00,2026-03-17 13:30:00,6,3,
CH101633,soporte_remoto,call_center,internet,LENTITUD E INTERMITENCIA,,solucionado,2026-03-04 15:10:00,2026-03-09 09:30:00,2,6,
C101634,soporte_remoto,whatsapp,internet_tv,LENTITUD E INTERMITENCIA,,cancelado,2026-03-04 15:20:00,2026-03-09 12:35:00,13,2,
DQ100278,sin_internet,call_center,internet,,,cancelado,2026-03-04 15:25:00,2026-03-06 08:40:00,5,0,
DQ101635,soporte_remoto,call_center,internet,LENTITUD E INTERMITENCIA,,cancelado,2026-03-04 15:30:00,2026-03-10 09:35:00,5,0,
DQ103489,cambio_plan,call_center,,,,solucionado,2026-03-04 15:50:00,2026-03-04 17:30:00,25,,
CH101637,soporte_remoto,whatsapp,internet_tv,LENTITUD E INTERMITENCIA,,solucionado,2026-03-04 16:00:00,2026-03-05 13:00:00,2,0,
DQ101428,soporte_remoto,call_center,tv,FALLAS CON LA TV,,solucionado,2026-03-04 16:05:00,2026-03-09 09:40:00,12,6,
CH101638,soporte_remoto,whatsapp,internet,LENTITUD E INTERMITENCIA,,cancelado,2026-03-04 16:05:00,2026-03-09 10:25:00,2,6,
CH101639,soporte_remoto,call_center,internet,LENTITUD E INTERMITENCIA,,solucionado,2026-03-04 16:05:00,2026-03-06 15:15:00,2,6,
TC104005,cambio_titular,call_center,,,,solucionado,2026-03-04 16:25:00,2026-03-06 12:35:00,10,5,
CH101640,soporte_remoto,call_center,internet_tv,LENTITUD E INTERMITENCIA,,solucionado,2026-03-04 16:40:00,2026-03-13 09:00:00,2,0,
DQ101641,soporte_remoto,call_center,internet,LENTITUD E INTERMITENCIA,,solucionado,2026-03-04 16:45:00,2026-03-05 15:40:00,0,0,
C101355,soporte_remoto,call_center,internet,ERROR EN INGRESO A PÁGINAS,,solucionado,2026-03-04 16:50:00,2026-03-04 17:55:00,13,2,
SG101475,soporte_remoto,whatsapp,internet,LENTITUD E INTERMITENCIA,,solucionado,2026-03-04 17:00:00,2026-03-05 16:05:00,3,0,
SR103490,cambio_plan,call_center,,,,solucionado,2026-03-04 17:05:00,2026-03-20 12:00:00,4,3,
SG101642,soporte_remoto,whatsapp,internet,LENTITUD E INTERMITENCIA,,cancelado,2026-03-04 17:20:00,2026-03-10 11:20:00,3,0,
DQ101643,soporte_remoto,call_center,internet,LENTITUD E INTERMITENCIA,,solucionado,2026-03-04 17:20:00,2026-03-06 15:30:00,0,6,
SG100751,soporte_remoto,caja,internet,LENTITUD E INTERMITENCIA,,solucionado,2026-03-04 17:30:00,2026-03-06 15:45:00,3,6,
SG103491,cambio_plan,call_center,,,,solucionado,2026-03-04 17:30:00,2026-03-04 17:30:00,25,,
SG100962,cambio_plan,whatsapp,,,,solucionado,2026-03-04 18:10:00,2026-03-20 12:40:00,3,3,
DQ101644,soporte_remoto,call_center,internet,LENTITUD E INTERMITENCIA,,cancelado,2026-03-04 18:15:00,2026-03-09 10:25:00,5,6,
SG101646,soporte_remoto,whatsapp,internet,LENTITUD E INTERMITENCIA,,solucionado,2026-03-05 08:25:00,2026-03-06 16:15:00,9,6,
SG101647,soporte_remoto,whatsapp,internet,LENTITUD E INTERMITENCIA,,cancelado,2026-03-05 08:40:00,2026-03-09 10:30:00,3,6,
SG101648,soporte_remoto,call_center,internet,LENTITUD E INTERMITENCIA,,solucionado,2026-03-05 08:40:00,2026-03-06 16:40:00,3,6,
SG101649,soporte_remoto,call_center,internet,LENTITUD E INTERMITENCIA,,solucionado,2026-03-05 08:55:00,2026-03-05 13:25:00,9,2,
SG100284,sin_internet,whatsapp,internet,,WIFI DESACTIVADO,solucionado,2026-03-05 09:05:00,2026-03-06 09:15:00,3,0,
DQ100285,sin_internet,caja,internet,,FALLA MASIVA,solucionado,2026-03-05 09:10:00,2026-03-06 16:35:00,0,0,
DQ103492,cambio_plan,call_center,,,,solucionado,2026-03-05 09:10:00,2026-03-20 12:40:00,5,3,
SG101650,soporte_remoto,whatsapp,internet,LENTITUD E INTERMITENCIA,,solucionado,2026-03-05 09:45:00,2026-03-09 10:15:00,3,6,
VG104008,cambio_titular,caja,,,,solucionado,2026-03-05 09:45:00,2026-03-06 15:40:00,6,5,
VG103493,cambio_plan,caja,,,,solucionado,2026-03-05 09:50:00,2026-04-06 11:35:00,6,3,
SR101651,soporte_remoto,call_center,internet,LENTITUD E INTERMITENCIA,,solucionado,2026-03-05 10:00:00,2026-03-06 17:15:00,4,6,
SG101652,soporte_remoto,whatsapp,internet,LENTITUD E INTERMITENCIA,,solucionado,2026-03-05 10:00:00,2026-03-09 09:15:00,3,2,
SG101653,soporte_remoto,caja,internet,LENTITUD E INTERMITENCIA,,solucionado,2026-03-05 10:25:00,2026-03-09 09:55:00,3,2,
TC103494,cambio_plan,call_center,,,,solucionado,2026-03-05 11:30:00,2026-03-20 13:05:00,12,3,
TC103495,cambio_plan,call_center,,,,solucionado,2026-03-05 11:40:00,2026-03-20 13:05:00,12,3,
SR100612,soporte_remoto,call_center,internet,LENTITUD E INTERMITENCIA,,solucionado,2026-03-05 12:05:00,2026-03-09 10:05:00,4,2,
TC101654,soporte_remoto,call_center,internet,LENTITUD E INTERMITENCIA,,solucionado,2026-03-05 12:15:00,2026-03-05 12:20:00,11,2,
TCF101655,soporte_remoto,call_center,internet,LENTITUD E INTERMITENCIA,,solucionado,2026-03-05 12:15:00,2026-03-05 12:20:00,11,2,
SG101658,soporte_remoto,call_center,internet_tv,LENTITUD E INTERMITENCIA,,solucionado,2026-03-05 12:50:00,2026-03-06 15:50:00,3,1,
C101656,soporte_remoto,caja,internet,LENTITUD E INTERMITENCIA,,solucionado,2026-03-05 13:15:00,2026-03-05 13:15:00,11,2,
CH101657,soporte_remoto,whatsapp,internet,LENTITUD E INTERMITENCIA,,solucionado,2026-03-05 13:40:00,2026-03-09 10:05:00,2,2,
SR101217,soporte_remoto,whatsapp,internet_tv,LENTITUD E INTERMITENCIA,,solucionado,2026-03-05 14:35:00,2026-03-06 15:25:00,4,1,
C102606,cambio_titular,whatsapp,,,,solucionado,2026-03-05 14:50:00,2026-03-06 12:45:00,8,5,
SG101659,soporte_remoto,whatsapp,internet,LENTITUD E INTERMITENCIA,,solucionado,2026-03-05 15:00:00,2026-03-06 09:20:00,3,1,
DQ104006,cambio_titular,whatsapp,,,,solucionado,2026-03-05 15:25:00,2026-03-06 12:55:00,0,5,
TCF101451,soporte_remoto,call_center,tv,SIN SEÑAL DE TV,,solucionado,2026-03-05 15:30:00,2026-03-06 17:25:00,22,6,
SG101660,soporte_remoto,whatsapp,internet,LENTITUD E INTERMITENCIA,,solucionado,2026-03-05 15:30:00,2026-03-06 09:30:00,3,1,
SG101661,soporte_remoto,whatsapp,internet,LENTITUD E INTERMITENCIA,,solucionado,2026-03-05 15:30:00,2026-03-06 16:40:00,3,1,
DQ101122,cambio_plan,whatsapp,,,,cancelado,2026-03-05 15:30:00,,5,,
TC101636,soporte_remoto,whatsapp,internet,LENTITUD E INTERMITENCIA,,cancelado,2026-03-05 15:55:00,2026-03-05 15:55:00,32,0,
VG100286,cambio_plan,call_center,,,,solucionado,2026-03-05 16:00:00,2026-03-20 17:20:00,6,3,
C103496,cambio_plan,call_center,,,,solucionado,2026-03-05 16:05:00,2026-04-06 11:45:00,8,3,
DQ102654,cambio_plan,call_center,,,,solucionado,2026-03-05 16:10:00,2026-04-06 11:50:00,27,3,
DQ101223,soporte_remoto,whatsapp,internet,LENTITUD E INTERMITENCIA,,solucionado,2026-03-05 16:15:00,2026-03-09 13:05:00,5,2,
SR100281,sin_internet,whatsapp,internet,,FALLA DE FIBRA,solucionado,2026-03-05 16:20:00,2026-03-05 16:45:00,4,0,
C103497,cambio_plan,whatsapp,,,,solucionado,2026-03-05 16:20:00,,19,,
CH100282,sin_internet,call_center,internet,,VLAN DUPLICADA,solucionado,2026-03-05 16:25:00,2026-03-05 16:45:00,2,0,
SG100283,sin_internet,whatsapp,internet,,WIFI DESACTIVADO,solucionado,2026-03-05 16:30:00,2026-03-06 09:15:00,3,0,
C102606,cambio_plan,call_center,,,,solucionado,2026-03-05 16:50:00,2026-03-20 17:20:00,8,3,
SG103498,cambio_plan,whatsapp,,,,solucionado,2026-03-05 16:50:00,2026-03-20 17:25:00,3,3,
VG104007,cambio_titular,whatsapp,,,,solucionado,2026-03-05 17:00:00,2026-03-06 15:30:00,6,5,
C101662,soporte_remoto,call_center,internet,LENTITUD E INTERMITENCIA,,solucionado,2026-03-05 17:20:00,2026-03-10 10:30:00,27,0,
TC101663,soporte_remoto,call_center,internet,LENTITUD E INTERMITENCIA,,solucionado,2026-03-05 17:40:00,2026-03-05 18:00:00,11,2,
TC101664,soporte_remoto,whatsapp,tv,LENTITUD E INTERMITENCIA,,solucionado,2026-03-05 17:50:00,2026-03-09 10:20:00,12,6,
TC101663,soporte_remoto,whatsapp,internet_tv,LENTITUD E INTERMITENCIA,,solucionado,2026-03-05 18:00:00,2026-03-05 18:00:00,11,2,
SR101665,soporte_remoto,whatsapp,internet,LENTITUD E INTERMITENCIA,,solucionado,2026-03-05 18:30:00,2026-03-09 13:10:00,23,2,
TC101068,soporte_remoto,call_center,internet_tv,LENTITUD E INTERMITENCIA,,solucionado,2026-03-06 08:00:00,2026-03-06 08:15:00,11,2,
TC101666,soporte_remoto,call_center,internet,HABILITACIÓN DE PUERTOS,,solucionado,2026-03-06 08:00:00,2026-03-09 11:25:00,23,2,
DQ101667,soporte_remoto,call_center,internet_tv,LENTITUD E INTERMITENCIA,,solucionado,2026-03-06 08:35:00,2026-03-06 08:45:00,11,2,
C101668,soporte_remoto,call_center,tv,FALLAS CON LA TV,,solucionado,2026-03-06 08:50:00,2026-03-06 09:45:00,11,2,
TC101682,soporte_remoto,call_center,tv,PROGRAMACIÓN DE TV,,cancelado,2026-03-06 09:00:00,2026-03-09 16:10:00,20,2,
C101669,soporte_remoto,whatsapp,internet,LENTITUD E INTERMITENCIA,,solucionado,2026-03-06 09:05:00,2026-03-06 11:05:00,15,1,
C101670,soporte_remoto,caja,internet_tv,LENTITUD E INTERMITENCIA,,solucionado,2026-03-06 09:15:00,2026-03-06 09:20:00,11,2,
CH100652,soporte_remoto,whatsapp,internet,LENTITUD E INTERMITENCIA,,solucionado,2026-03-06 09:15:00,2026-03-06 09:35:00,2,1,
TC101671,soporte_remoto,whatsapp,internet_tv,LENTITUD E INTERMITENCIA,,solucionado,2026-03-06 09:40:00,2026-03-09 11:25:00,10,1,
C101672,soporte_remoto,whatsapp,tv,PROGRAMACIÓN DE TV,,solucionado,2026-03-06 09:55:00,2026-03-09 15:55:00,7,2,
DQ101673,soporte_remoto,call_center,internet_tv,LENTITUD E INTERMITENCIA,,solucionado,2026-03-06 10:00:00,2026-03-09 10:25:00,11,2,
DQ101674,soporte_remoto,call_center,internet,LENTITUD E INTERMITENCIA,,solucionado,2026-03-06 10:00:00,2026-03-06 10:05:00,11,2,
DQ103499,cambio_plan,call_center,,,,solucionado,2026-03-06 10:10:00,2026-03-21 12:00:00,5,3,
CH101675,soporte_remoto,whatsapp,internet_tv,LENTITUD E INTERMITENCIA,,cancelado,2026-03-06 10:15:00,2026-03-09 11:00:00,2,1,
DQ101360,cambio_plan,whatsapp,,,,solucionado,2026-03-06 10:30:00,2026-03-21 12:00:00,5,3,
DQ103135,cambio_plan,whatsapp,,,,solucionado,2026-03-06 10:30:00,2026-03-21 12:00:00,5,3,
C103500,cambio_plan,call_center,,,,solucionado,2026-03-06 10:40:00,2026-03-21 12:05:00,8,3,
SG103501,cambio_plan,caja,,,,solucionado,2026-03-06 10:50:00,2026-03-21 12:10:00,9,3,
VS101676,soporte_remoto,call_center,internet,ERROR EN INGRESO A PÁGINAS,,cancelado,2026-03-06 11:30:00,2026-03-06 18:00:00,23,4,
VG100286,sin_internet,whatsapp,internet,,ERROR DNS,solucionado,2026-03-06 12:00:00,2026-03-10 08:45:00,6,0,
C101677,soporte_remoto,whatsapp,tv,SIN SEÑAL DE TV,,cancelado,2026-03-06 12:00:00,2026-03-09 11:05:00,19,1,
C103502,cambio_plan,call_center,,,,solucionado,2026-03-06 12:30:00,2026-03-21 12:55:00,19,3,
DQ101678,soporte_remoto,call_center,internet,LENTITUD E INTERMITENCIA,,cancelado,2026-03-06 12:45:00,2026-03-09 09:20:00,5,1,
TC101671,soporte_remoto,whatsapp,internet_tv,LENTITUD E INTERMITENCIA,,solucionado,2026-03-06 14:15:00,2026-03-09 11:25:00,10,1,
SG100639,soporte_remoto,caja,internet,ERROR EN INGRESO A PÁGINAS,,solucionado,2026-03-06 14:25:00,2026-03-09 11:20:00,3,1,
C101679,soporte_remoto,call_center,internet,LENTITUD E INTERMITENCIA,,solucionado,2026-03-06 14:35:00,2026-03-09 10:40:00,8,2,
SR103503,cambio_plan,whatsapp,,,,solucionado,2026-03-06 14:40:00,2026-03-21 15:20:00,14,3,
VG100287,sin_internet,call_center,internet,,WIFI DESACTIVADO,solucionado,2026-03-06 15:30:00,2026-03-06 17:25:00,6,0,
SR101680,soporte_remoto,call_center,tv,CANALES LLUVIOSOS/PIXELADOS,,solucionado,2026-03-06 15:30:00,2026-03-06 15:30:00,4,2,
TC100638,soporte_remoto,whatsapp,internet,LENTITUD E INTERMITENCIA,,solucionado,2026-03-06 15:55:00,2026-03-06 15:55:00,32,0,
C101681,soporte_remoto,whatsapp,internet,HABILITACIÓN DE PUERTOS,,solucionado,2026-03-06 16:45:00,2026-03-06 16:50:00,11,2,
SR103504,cambio_plan,whatsapp,,,,solucionado,2026-03-06 16:55:00,2026-04-06 11:50:00,14,3,
DQ103505,cambio_plan,whatsapp,,,,solucionado,2026-03-06 17:05:00,2026-03-21 15:30:00,5,3,
C101683,soporte_remoto,whatsapp,internet,PROBLEMAS CON TEST DE VELOCIDAD,,solucionado,2026-03-06 17:20:00,2026-03-09 16:20:00,24,2,
DQ100785,soporte_remoto,call_center,tv,SIN SEÑAL DE TV,,solucionado,2026-03-06 17:25:00,2026-03-09 10:20:00,12,1,
SG103506,cambio_plan,call_center,,,,solucionado,2026-03-06 18:00:00,2026-04-06 11:55:00,3,3,
SR101684,soporte_remoto,call_center,internet,ERROR EN INGRESO A PÁGINAS,,solucionado,2026-03-07 08:15:00,2026-03-09 14:20:00,4,2,
C103507,cambio_plan,whatsapp,,,,solucionado,2026-03-07 09:10:00,2026-04-08 12:05:00,24,3,
TC103508,cambio_plan,caja,,,,solucionado,2026-03-07 09:40:00,2026-03-07 09:40:00,20,9,
SR102484,soporte_remoto,caja,internet_tv,LENTITUD E INTERMITENCIA,,cerrado_sin_contacto,2026-03-07 10:00:00,2026-05-11 09:20:00,14,1,
TC103509,cambio_plan,call_center,,,,solucionado,2026-03-07 13:00:00,2026-03-07 13:00:00,23,12,
TCF103513,cambio_plan,call_center,,,,solucionado,2026-03-07 13:00:00,2026-04-06 11:55:00,19,3,
DQ103510,cambio_plan,call_center,,,,solucionado,2026-03-07 13:15:00,2026-03-07 13:15:00,23,12,
DQ103511,cambio_plan,call_center,,,,solucionado,2026-03-07 16:05:00,2026-03-07 16:05:00,24,13,
DQ103512,cambio_plan,caja,,,,solucionado,2026-03-07 16:10:00,2026-03-07 16:10:00,24,13,
SR100288,sin_internet,call_center,internet,,NIVELES CRÍTICOS,solucionado,2026-03-09 08:10:00,2026-03-09 10:50:00,4,0,
SG101685,soporte_remoto,call_center,internet,LENTITUD E INTERMITENCIA,,solucionado,2026-03-09 08:50:00,2026-03-11 11:45:00,9,2,
DQ101686,soporte_remoto,whatsapp,internet_tv,LENTITUD E INTERMITENCIA,,solucionado,2026-03-09 09:05:00,2026-03-09 09:10:00,11,2,
CH101687,soporte_remoto,whatsapp,internet_tv,LENTITUD E INTERMITENCIA,,solucionado,2026-03-09 09:15:00,2026-03-11 17:25:00,2,6,
DQ100289,sin_internet,call_center,internet,,FALLA DE FIBRA,solucionado,2026-03-09 09:40:00,2026-03-10 09:00:00,5,1,
C101688,soporte_remoto,whatsapp,internet,ERROR EN INGRESO A PÁGINAS,,solucionado,2026-03-09 09:45:00,2026-03-09 17:30:00,8,4,
TC101248,soporte_remoto,whatsapp,internet,LENTITUD E INTERMITENCIA,,solucionado,2026-03-09 09:45:00,2026-03-10 17:10:00,7,6,
SR104009,cambio_titular,call_center,,,,solucionado,2026-03-09 09:50:00,2026-03-09 13:15:00,4,5,
VG101689,soporte_remoto,caja,internet_tv,FALLAS CON LA TV,,solucionado,2026-03-09 10:00:00,2026-03-10 17:15:00,6,6,
C101690,soporte_remoto,call_center,internet_tv,SIN SEÑAL DE TV,,solucionado,2026-03-09 10:10:00,2026-03-09 10:15:00,11,2,
DQ100290,sin_internet,call_center,internet,,ERROR DNS,solucionado,2026-03-09 10:20:00,2026-03-09 11:10:00,0,0,
TC100291,sin_internet,call_center,internet,,ERROR DNS,solucionado,2026-03-09 10:20:00,2026-03-09 11:25:00,0,0,
DQ102771,cambio_titular,whatsapp,,,,solucionado,2026-03-09 10:20:00,2026-03-09 12:10:00,5,5,
TC101691,soporte_remoto,call_center,internet,LENTITUD E INTERMITENCIA,,solucionado,2026-03-09 11:00:00,2026-03-09 12:10:00,7,6,
C101692,soporte_remoto,whatsapp,internet_tv,LENTITUD E INTERMITENCIA,,solucionado,2026-03-09 11:15:00,2026-03-09 11:20:00,11,2,
C100292,sin_internet,call_center,internet,,WIFI RESETEADO,solucionado,2026-03-09 11:35:00,2026-03-09 15:45:00,15,0,
DQ101693,soporte_remoto,whatsapp,tv,SIN SEÑAL DE TV,,solucionado,2026-03-09 11:35:00,2026-03-11 09:05:00,5,2,
C101694,soporte_remoto,call_center,tv,SIN SEÑAL DE TV,,solucionado,2026-03-09 11:45:00,2026-03-11 09:15:00,11,2,
SR100288,soporte_remoto,call_center,internet_tv,LENTITUD E INTERMITENCIA,,solucionado,2026-03-09 11:45:00,2026-03-09 11:55:00,29,2,
SR101695,soporte_remoto,call_center,internet_tv,LENTITUD E INTERMITENCIA,,cancelado,2026-03-09 11:50:00,2026-03-09 11:50:00,4,1,
DQ101696,soporte_remoto,whatsapp,internet,LENTITUD E INTERMITENCIA,,solucionado,2026-03-09 12:15:00,2026-03-09 16:25:00,0,1,
DQ101697,soporte_remoto,whatsapp,tv,CANALES INTERMITENTES,,solucionado,2026-03-09 12:15:00,2026-03-10 15:00:00,22,1,
TC103514,cambio_plan,call_center,,,,solucionado,2026-03-09 13:05:00,2026-03-21 15:30:00,10,3,
DQ100293,sin_internet,call_center,internet,,FALLA DE FIBRA,solucionado,2026-03-09 14:35:00,2026-03-09 16:50:00,5,0,
DQ100294,sin_internet,call_center,internet,,NIVELES CRÍTICOS,solucionado,2026-03-09 14:40:00,2026-03-09 16:20:00,5,0,
SG101698,soporte_remoto,caja,internet,LENTITUD E INTERMITENCIA,,cancelado,2026-03-09 14:50:00,2026-03-09 14:50:00,3,1,
SG101699,soporte_remoto,whatsapp,internet,LENTITUD E INTERMITENCIA,,cancelado,2026-03-09 15:20:00,2026-03-10 17:25:00,3,6,
TC100295,sin_internet,call_center,internet,,FALLA MASIVA,solucionado,2026-03-09 15:30:00,2026-03-10 17:35:00,7,0,
TC100296,sin_internet,call_center,internet,,FALLA MASIVA,solucionado,2026-03-09 15:35:00,2026-03-10 17:40:00,10,0,
DQ101700,soporte_remoto,caja,internet,LENTITUD E INTERMITENCIA,,cancelado,2026-03-09 15:40:00,2026-03-10 17:30:00,0,6,
VG103515,cambio_plan,whatsapp,,,,solucionado,2026-03-09 15:40:00,2026-03-21 15:30:00,6,3,
TC103516,cambio_plan,call_center,,,,solucionado,2026-03-09 15:55:00,2026-04-06 11:55:00,20,3,
DQ101249,soporte_remoto,call_center,internet,LENTITUD E INTERMITENCIA,,cancelado,2026-03-09 16:00:00,2026-03-10 17:35:00,5,6,
SG101304,cambio_plan,call_center,,,,solucionado,2026-03-09 16:10:00,2026-03-21 15:35:00,3,3,
TC100297,sin_internet,whatsapp,internet,,FALLA MASIVA,solucionado,2026-03-09 16:20:00,2026-03-10 17:45:00,7,0,
TCF100298,sin_internet,whatsapp,internet,,FALLA DE FIBRA,solucionado,2026-03-09 16:20:00,2026-03-09 17:30:00,22,0,
SG103517,cambio_plan,call_center,,,,solucionado,2026-03-09 18:00:00,2026-04-06 12:00:00,9,3,
TC103518,cambio_plan,call_center,,,,solucionado,2026-03-09 18:20:00,2026-03-09 18:20:00,21,12,
SR100299,sin_internet,call_center,internet,,,solucionado,2026-03-10 08:40:00,2026-03-10 09:20:00,4,0,
VG100303,sin_internet,call_center,internet,,EQUIPO NO ENGANCHA,solucionado,2026-03-10 08:40:00,2026-03-11 12:20:00,6,1,
VG100304,sin_internet,caja,internet,,EQUIPO NO ENGANCHA,solucionado,2026-03-10 09:25:00,2026-03-11 11:50:00,6,1,
C104010,cambio_titular,call_center,,,,solucionado,2026-03-10 09:30:00,2026-03-12 18:05:00,15,5,
TC101701,soporte_remoto,call_center,tv,PROGRAMACIÓN DE TV,,cancelado,2026-03-10 09:55:00,2026-03-10 10:45:00,7,0,
SG101702,soporte_remoto,whatsapp,internet,LENTITUD E INTERMITENCIA,,solucionado,2026-03-10 09:55:00,2026-03-10 11:15:00,9,0,
CH101703,soporte_remoto,whatsapp,tv,SIN SEÑAL DE TV,,solucionado,2026-03-10 10:20:00,2026-03-11 17:50:00,2,6,
DQ101704,soporte_remoto,call_center,internet_tv,LENTITUD E INTERMITENCIA,,solucionado,2026-03-10 10:55:00,2026-03-10 10:55:00,0,2,
SG101705,soporte_remoto,caja,internet,LENTITUD E INTERMITENCIA,,solucionado,2026-03-10 11:00:00,2026-03-11 12:15:00,3,2,
VG103519,cambio_plan,whatsapp,,,,solucionado,2026-03-10 11:00:00,2026-03-21 15:35:00,6,3,
TC101706,soporte_remoto,caja,tv,FALLAS CON LA TV,,solucionado,2026-03-10 11:15:00,2026-03-10 15:25:00,21,1,
DQ101707,soporte_remoto,whatsapp,internet,PROBLEMAS CON TEST DE VELOCIDAD,,solucionado,2026-03-10 11:25:00,2026-03-11 08:50:00,21,2,
C100808,soporte_remoto,call_center,tv,PROGRAMACIÓN DE TV,,cancelado,2026-03-10 11:25:00,2026-03-10 16:05:00,7,1,
DQ101708,soporte_remoto,call_center,tv,CANALES LLUVIOSOS/PIXELADOS,,solucionado,2026-03-10 11:35:00,2026-03-11 13:10:00,0,2,
C101709,soporte_remoto,call_center,internet_tv,FALLAS CON LA TV,,solucionado,2026-03-10 11:35:00,2026-03-10 12:40:00,13,0,
VG102123,cambio_titular,whatsapp,,,,cancelado,2026-03-10 11:40:00,2026-03-12 18:05:00,6,5,
DQ101201,soporte_remoto,call_center,internet,LENTITUD E INTERMITENCIA,,cancelado,2026-03-10 11:50:00,2026-03-10 11:50:00,0,1,
SR100300,sin_internet,call_center,internet,,BLOQUEO DE EQUIPO,solucionado,2026-03-10 12:10:00,2026-03-10 12:20:00,4,0,
DQ100301,sin_internet,call_center,internet,,ERROR DNS,solucionado,2026-03-10 14:10:00,2026-03-10 15:30:00,5,0,
DQ103520,cambio_plan,call_center,,,,solucionado,2026-03-10 14:55:00,2026-03-16 10:50:00,12,3,
VG104011,cambio_titular,whatsapp,,,,solucionado,2026-03-10 14:55:00,2026-03-13 09:55:00,6,5,
TC101710,soporte_remoto,call_center,tv,PROGRAMACIÓN DE TV,,solucionado,2026-03-10 15:05:00,2026-03-11 11:35:00,12,1,
C101712,soporte_remoto,call_center,internet,LENTITUD E INTERMITENCIA,,solucionado,2026-03-10 15:35:00,2026-03-10 16:00:00,11,2,
C101711,soporte_remoto,whatsapp,internet,LENTITUD E INTERMITENCIA,,solucionado,2026-03-10 16:15:00,2026-03-10 16:15:00,11,2,
DQ103521,cambio_plan,call_center,,,,solucionado,2026-03-10 16:15:00,,23,,
TCF103522,cambio_plan,call_center,,,,solucionado,2026-03-10 16:25:00,2026-03-10 16:30:00,21,8,
DQ103520,cambio_titular,call_center,,,,solucionado,2026-03-10 16:30:00,2026-03-13 11:25:00,12,5,
SR103523,cambio_plan,whatsapp,,,,solucionado,2026-03-10 16:45:00,2026-03-10 16:45:00,19,11,
DQ104012,cambio_titular,call_center,,,,solucionado,2026-03-10 16:55:00,2026-03-13 10:20:00,6,5,
C101713,soporte_remoto,call_center,internet,LENTITUD E INTERMITENCIA,,solucionado,2026-03-10 17:00:00,2026-03-11 09:40:00,8,1,
SR104013,cambio_titular,call_center,,,,solucionado,2026-03-10 17:00:00,2026-03-13 10:50:00,4,5,
VG100303,cambio_plan,whatsapp,,,,solucionado,2026-03-10 17:15:00,2026-03-16 10:55:00,6,3,
SG101714,soporte_remoto,whatsapp,internet,LENTITUD E INTERMITENCIA,,cancelado,2026-03-10 18:00:00,2026-03-11 12:10:00,3,1,
C103524,cambio_plan,whatsapp,,,,solucionado,2026-03-10 18:00:00,2026-04-06 12:00:00,10,3,
DQ103525,cambio_plan,whatsapp,,,,solucionado,2026-03-10 18:00:00,2026-03-10 18:00:00,21,8,
SG103526,cambio_plan,call_center,,,,solucionado,2026-03-10 18:00:00,2026-03-16 13:55:00,9,3,
SG103527,cambio_plan,call_center,,,,solucionado,2026-03-10 18:00:00,2026-03-16 13:55:00,9,3,
C103528,cambio_plan,call_center,,,,solucionado,2026-03-10 18:15:00,2026-03-10 18:20:00,21,8,
TC100302,sin_internet,call_center,internet,,ERROR DNS,solucionado,2026-03-10 19:00:00,2026-03-11 12:25:00,23,1,
C101715,soporte_remoto,call_center,internet,LENTITUD E INTERMITENCIA,,cancelado,2026-03-11 08:40:00,2026-03-11 10:15:00,15,1,
SR100223,soporte_remoto,whatsapp,internet,PROBLEMAS CON CÁMARAS/DVR,,solucionado,2026-03-11 08:55:00,2026-03-11 16:45:00,14,2,
DQ100301,soporte_remoto,whatsapp,internet,LENTITUD E INTERMITENCIA,,solucionado,2026-03-11 09:00:00,2026-03-11 16:20:00,,2,
SR101716,soporte_remoto,call_center,tv,FALLAS CON LA TV,,solucionado,2026-03-11 09:25:00,2026-03-12 08:35:00,14,2,
SG101718,soporte_remoto,call_center,internet,LENTITUD E INTERMITENCIA,,cancelado,2026-03-11 09:40:00,2026-03-12 10:05:00,9,1,
SR101717,soporte_remoto,call_center,internet,LENTITUD E INTERMITENCIA,,solucionado,2026-03-11 09:45:00,2026-03-12 10:35:00,4,2,
SR100958,soporte_remoto,call_center,internet,LENTITUD E INTERMITENCIA,,solucionado,2026-03-11 10:00:00,2026-03-12 10:20:00,14,1,
DQ101719,soporte_remoto,caja,internet,LENTITUD E INTERMITENCIA,,solucionado,2026-03-11 10:05:00,2026-03-12 10:45:00,11,2,
SR100958,cambio_plan,call_center,,,,solucionado,2026-03-11 10:05:00,2026-04-06 12:05:00,14,3,
SG101720,soporte_remoto,call_center,internet,ERROR EN INGRESO A PÁGINAS,,cancelado,2026-03-11 10:20:00,2026-03-12 10:00:00,9,1,
DQ101721,soporte_remoto,whatsapp,internet,LENTITUD E INTERMITENCIA,,solucionado,2026-03-11 10:25:00,2026-03-12 12:40:00,5,1,
C100305,sin_internet,whatsapp,internet,,EQUIPO NO ENGANCHA,solucionado,2026-03-11 10:30:00,2026-03-11 14:40:00,8,2,
TC100306,sin_internet,call_center,internet,,EQUIPO NO ENGANCHA,solucionado,2026-03-11 10:30:00,2026-03-11 10:30:00,7,2,
TC101241,soporte_remoto,whatsapp,internet,LENTITUD E INTERMITENCIA,,solucionado,2026-03-11 10:40:00,2026-03-11 10:40:00,7,2,
DQ100307,sin_internet,caja,internet,,FALLA DE FIBRA,solucionado,2026-03-11 11:30:00,2026-03-11 12:00:00,0,1,
DQ101722,soporte_remoto,call_center,tv,CANALES LLUVIOSOS/PIXELADOS,,solucionado,2026-03-11 12:15:00,2026-03-11 12:15:00,25,2,
SG100308,sin_internet,call_center,internet,,EQUIPO NO ENGANCHA,solucionado,2026-03-11 12:20:00,2026-03-11 15:30:00,3,1,
DQ100309,sin_internet,call_center,internet,,,cancelado,2026-03-11 12:35:00,2026-03-11 15:00:00,5,1,
TC103159,cambio_plan,caja,,,,solucionado,2026-03-11 13:00:00,2026-04-06 12:20:00,21,3,
SG101723,soporte_remoto,call_center,internet,LENTITUD E INTERMITENCIA,,solucionado,2026-03-11 14:00:00,2026-03-12 09:45:00,3,1,
SR104014,cambio_titular,whatsapp,,,,solucionado,2026-03-11 15:05:00,2026-03-13 12:00:00,4,5,
DQ101724,soporte_remoto,call_center,internet_tv,LENTITUD E INTERMITENCIA,,solucionado,2026-03-11 15:30:00,2026-03-12 10:40:00,0,1,
C103529,cambio_plan,call_center,,,,solucionado,2026-03-11 15:30:00,2026-03-16 14:00:00,8,3,
TC103530,cambio_plan,call_center,,,,solucionado,2026-03-11 15:35:00,2026-03-16 14:15:00,10,3,
TC103531,cambio_plan,call_center,,,,solucionado,2026-03-11 15:45:00,2026-03-11 15:50:00,27,15,
C100310,sin_internet,whatsapp,internet,,EQUIPO NO ENGANCHA,solucionado,2026-03-11 16:20:00,2026-03-11 17:45:00,15,2,
C101725,soporte_remoto,call_center,tv,PROGRAMACIÓN DE TV,,solucionado,2026-03-11 16:35:00,2026-03-12 17:30:00,15,1,
C100311,sin_internet,call_center,internet,,EQUIPO NO ENGANCHA,solucionado,2026-03-11 17:10:00,2026-03-11 17:45:00,15,2,
TC101726,soporte_remoto,call_center,internet_tv,LENTITUD E INTERMITENCIA,,solucionado,2026-03-11 17:10:00,2026-03-12 10:30:00,11,2,
DQ103532,cambio_plan,call_center,,,,solucionado,2026-03-11 17:15:00,2026-03-11 17:15:00,21,8,
SR101339,cambio_plan,call_center,,,,solucionado,2026-03-11 17:15:00,2026-03-11 17:15:00,25,14,
TC102095,cambio_titular,call_center,,,,solucionado,2026-03-11 17:35:00,2026-03-13 12:05:00,0,5,
DQ103533,cambio_plan,call_center,,,,solucionado,2026-03-11 18:05:00,,21,,
TC100312,sin_internet,call_center,internet,,FALLA DE FIBRA,solucionado,2026-03-12 08:45:00,2026-03-12 09:30:00,7,0,
SR101727,soporte_remoto,call_center,internet,LENTITUD E INTERMITENCIA,,solucionado,2026-03-12 08:45:00,2026-03-12 10:50:00,14,2,
C101732,soporte_remoto,whatsapp,internet,INTERNET,,solucionado,2026-03-12 09:00:00,2026-03-13 08:45:00,23,2,
TC101136,soporte_remoto,call_center,internet,LENTITUD E INTERMITENCIA,,solucionado,2026-03-12 09:20:00,2026-03-13 10:55:00,7,0,
C104015,cambio_titular,call_center,,,,solucionado,2026-03-12 11:00:00,2026-03-13 12:45:00,13,5,
DQ103534,cambio_plan,caja,,,,solucionado,2026-03-12 11:15:00,2026-03-16 14:20:00,0,3,
TC101728,soporte_remoto,call_center,internet,STREAMING CON FALLAS,,solucionado,2026-03-12 11:45:00,2026-03-14 15:40:00,20,1,
TC103535,cambio_plan,call_center,,,,solucionado,2026-03-12 12:30:00,2026-03-12 12:30:00,21,8,
TC103536,cambio_plan,call_center,,,,solucionado,2026-03-12 13:20:00,2026-03-21 15:40:00,22,3,
TC103294,cambio_plan,call_center,,,,solucionado,2026-03-12 14:20:00,2026-03-12 14:20:00,27,15,
SG100136,cambio_plan,call_center,,,,solucionado,2026-03-12 14:20:00,2026-03-21 15:45:00,9,3,
CH101729,soporte_remoto,call_center,internet,LENTITUD E INTERMITENCIA,,solucionado,2026-03-12 14:40:00,2026-03-13 08:50:00,2,2,
SG103537,cambio_plan,call_center,,,,solucionado,2026-03-12 15:40:00,2026-04-06 12:20:00,21,3,
DQ101730,soporte_remoto,whatsapp,internet_tv,LENTITUD E INTERMITENCIA,,solucionado,2026-03-12 16:30:00,2026-03-13 11:30:00,0,2,
SR100313,sin_internet,caja,internet,,MTU 1500,solucionado,2026-03-12 16:45:00,2026-03-13 08:25:00,4,0,
VG100314,sin_internet,whatsapp,internet,,WIFI DESACTIVADO,solucionado,2026-03-12 16:55:00,2026-03-14 09:25:00,6,1,
SG101731,soporte_remoto,call_center,internet,INTERNET,,solucionado,2026-03-12 17:15:00,2026-03-13 08:45:00,9,2,
SG101723,cambio_plan,whatsapp,,,,solucionado,2026-03-12 17:20:00,2026-04-08 12:05:00,3,3,
VG101733,soporte_remoto,call_center,internet,LENTITUD E INTERMITENCIA,,solucionado,2026-03-13 08:55:00,2026-03-13 11:05:00,6,2,
TC103538,cambio_plan,call_center,,,,solucionado,2026-03-13 09:50:00,2026-03-13 09:50:00,19,11,
VG100366,cambio_titular,whatsapp,,,,solucionado,2026-03-13 10:10:00,2026-03-13 12:40:00,6,5,
DQ103539,cambio_plan,call_center,,,,solucionado,2026-03-13 10:45:00,2026-04-06 12:25:00,5,3,
C101734,soporte_remoto,call_center,internet,LENTITUD E INTERMITENCIA,,solucionado,2026-03-13 12:15:00,2026-03-13 12:20:00,12,2,
C101735,soporte_remoto,call_center,internet,STREAMING CON FALLAS,,cancelado,2026-03-13 12:30:00,2026-03-14 09:00:00,19,0,
DQ103540,cambio_plan,whatsapp,,,,solucionado,2026-03-13 12:55:00,2026-03-21 15:50:00,0,3,
C101736,soporte_remoto,caja,internet,PROBLEMAS CON TEST DE VELOCIDAD,,solucionado,2026-03-13 13:40:00,2026-03-14 11:15:00,20,2,
SG103544,cambio_plan,call_center,,,,solucionado,2026-03-13 14:05:00,2026-03-13 14:05:00,21,8,
TC100315,sin_internet,call_center,internet,,FALLA DE FIBRA,solucionado,2026-03-13 14:10:00,2026-03-14 08:45:00,7,1,
TCF103541,cambio_plan,whatsapp,,,,solucionado,2026-03-13 14:10:00,2026-03-26 12:55:00,22,3,
TC100316,sin_internet,whatsapp,internet,,VLAN DUPLICADA,solucionado,2026-03-13 14:50:00,2026-03-14 09:20:00,7,1,
C101737,soporte_remoto,whatsapp,internet,LENTITUD E INTERMITENCIA,,solucionado,2026-03-13 15:00:00,2026-03-14 18:00:00,25,2,
C101738,soporte_remoto,call_center,internet,ERROR EN INGRESO A PÁGINAS,,solucionado,2026-03-13 15:00:00,2026-03-14 10:40:00,23,2,
TC102736,cambio_titular,whatsapp,,,,solucionado,2026-03-13 15:20:00,2026-03-13 17:50:00,22,5,
SR100317,sin_internet,caja,internet,,FALLA DE FIBRA,solucionado,2026-03-13 15:25:00,2026-03-14 09:10:00,4,1,
C103542,cambio_plan,call_center,,,,solucionado,2026-03-13 15:45:00,2026-04-06 12:30:00,25,3,
TC103543,cambio_plan,call_center,,,,solucionado,2026-03-13 15:55:00,2026-03-13 15:55:00,21,8,
SG103545,cambio_plan,whatsapp,,,,solucionado,2026-03-13 16:25:00,2026-03-13 16:25:00,25,14,
SG103546,cambio_plan,caja,,,,solucionado,2026-03-13 16:50:00,2026-03-26 12:55:00,3,3,
C101739,soporte_remoto,whatsapp,internet,LENTITUD E INTERMITENCIA,,solucionado,2026-03-13 17:00:00,2026-03-17 11:55:00,23,0,
CH103547,cambio_plan,call_center,,,,solucionado,2026-03-13 17:15:00,2026-03-26 13:00:00,2,3,
SG103548,cambio_plan,whatsapp,,,,solucionado,2026-03-13 17:30:00,2026-03-26 13:05:00,3,3,
C101740,soporte_remoto,call_center,internet,LENTITUD E INTERMITENCIA,,solucionado,2026-03-13 17:50:00,2026-03-14 11:20:00,20,2,
DQ104016,cambio_titular,call_center,,,,solucionado,2026-03-13 18:25:00,2026-03-14 09:45:00,0,5,
C101741,soporte_remoto,whatsapp,internet,ERROR EN INGRESO A PÁGINAS,,solucionado,2026-03-13 19:00:00,2026-03-14 12:05:00,23,2,
C101690,soporte_remoto,call_center,internet_tv,LENTITUD E INTERMITENCIA,,solucionado,2026-03-14 08:20:00,2026-03-14 08:25:00,11,2,
SR101742,soporte_remoto,call_center,internet,PROBLEMAS CON TEST DE VELOCIDAD,,solucionado,2026-03-14 09:10:00,2026-03-16 15:50:00,25,1,
DQ101743,soporte_remoto,call_center,internet,LENTITUD E INTERMITENCIA,,solucionado,2026-03-14 13:15:00,2026-03-16 09:40:00,27,1,
DQ101744,soporte_remoto,whatsapp,internet,PROBLEMAS CON TEST DE VELOCIDAD,,solucionado,2026-03-14 16:40:00,2026-03-16 17:00:00,25,1,
SG101745,soporte_remoto,whatsapp,internet,LENTITUD E INTERMITENCIA,,solucionado,2026-03-16 08:15:00,2026-03-16 09:00:00,9,6,
CH101310,soporte_remoto,whatsapp,internet,LENTITUD E INTERMITENCIA,,solucionado,2026-03-16 08:45:00,2026-03-16 09:05:00,2,2,
VG101746,soporte_remoto,call_center,internet,LENTITUD E INTERMITENCIA,,solucionado,2026-03-16 09:15:00,2026-03-16 12:00:00,6,2,
SG100318,sin_internet,whatsapp,internet,,WIFI DESACTIVADO,solucionado,2026-03-16 09:35:00,2026-03-16 15:35:00,3,0,
SR101035,soporte_remoto,whatsapp,tv,SIN SEÑAL DE TV,,solucionado,2026-03-16 09:40:00,2026-03-16 12:20:00,4,6,
DQ101747,soporte_remoto,whatsapp,internet_tv,LENTITUD E INTERMITENCIA,,solucionado,2026-03-16 09:55:00,2026-03-17 09:00:00,12,0,
SG100319,sin_internet,call_center,internet,,WIFI DESACTIVADO,solucionado,2026-03-16 10:15:00,2026-03-17 09:55:00,3,0,
TC100328,sin_internet,call_center,internet,,BLOQUEO DE EQUIPO,solucionado,2026-03-16 10:20:00,2026-03-17 11:10:00,7,0,
DQ101628,soporte_remoto,call_center,internet_tv,LENTITUD E INTERMITENCIA,,solucionado,2026-03-16 10:35:00,2026-03-16 12:05:00,0,2,
TCF101748,soporte_remoto,call_center,internet_tv,LENTITUD E INTERMITENCIA,,solucionado,2026-03-16 10:35:00,2026-03-16 10:40:00,,2,
TC101749,soporte_remoto,call_center,internet,LENTITUD E INTERMITENCIA,,solucionado,2026-03-16 10:45:00,2026-03-16 10:45:00,11,2,
DQ100320,sin_internet,whatsapp,internet,,WIFI DESACTIVADO,solucionado,2026-03-16 11:15:00,2026-03-16 15:55:00,5,0,
DQ100321,sin_internet,whatsapp,internet,,WIFI DESACTIVADO,solucionado,2026-03-16 11:15:00,2026-03-16 16:00:00,5,0,
SG100322,sin_internet,whatsapp,internet,,WIFI DESACTIVADO,solucionado,2026-03-16 12:30:00,2026-03-17 10:40:00,9,0,
DG103549,cambio_plan,call_center,,,,solucionado,2026-03-16 12:30:00,2026-04-08 12:10:00,19,3,
TC103550,cambio_plan,call_center,,,,solucionado,2026-03-16 13:00:00,2026-03-26 13:05:00,26,3,
DQ101750,soporte_remoto,call_center,tv,PROGRAMACIÓN DE TV,,solucionado,2026-03-16 13:15:00,2026-03-17 12:15:00,5,2,
TC101751,soporte_remoto,call_center,internet,LENTITUD E INTERMITENCIA,,solucionado,2026-03-16 13:30:00,2026-03-18 09:20:00,25,0,
C104017,cambio_titular,caja,,,,solucionado,2026-03-16 13:30:00,2026-03-17 09:40:00,15,5,
TC100323,sin_internet,whatsapp,internet,,FALLA DE FIBRA,solucionado,2026-03-16 13:55:00,2026-03-16 16:30:00,7,0,
SR103551,cambio_plan,caja,,,,solucionado,2026-03-16 14:10:00,2026-03-26 13:05:00,14,3,
SG100324,sin_internet,caja,internet,,MTU 1500,solucionado,2026-03-16 14:15:00,2026-03-17 16:35:00,3,0,
TCF101752,soporte_remoto,whatsapp,internet,LENTITUD E INTERMITENCIA,,solucionado,2026-03-16 14:40:00,2026-03-17 12:20:00,12,2,
TC100830,soporte_remoto,whatsapp,internet_tv,LENTITUD E INTERMITENCIA,,cancelado,2026-03-16 14:40:00,2026-03-16 14:40:00,10,1,
C100325,sin_internet,call_center,internet,,MTU 1500,solucionado,2026-03-16 14:45:00,2026-03-17 16:35:00,8,0,
DQ100326,sin_internet,whatsapp,internet,,WIFI DESACTIVADO,cancelado,2026-03-16 14:50:00,2026-03-16 16:40:00,0,0,
VG103552,cambio_plan,call_center,,,,solucionado,2026-03-16 14:55:00,2026-03-26 16:10:00,6,3,
C104018,cambio_titular,caja,,,,solucionado,2026-03-16 15:10:00,2026-03-17 09:45:00,10,5,
TC101753,soporte_remoto,whatsapp,internet,HABILITACIÓN DE PUERTOS,,solucionado,2026-03-16 15:15:00,2026-03-16 15:15:00,21,17,1
SG101754,soporte_remoto,call_center,internet,LENTITUD E INTERMITENCIA,,cancelado,2026-03-16 16:00:00,2026-03-16 16:00:00,40,1,
C101755,soporte_remoto,call_center,internet,LENTITUD E INTERMITENCIA,,solucionado,2026-03-16 16:10:00,2026-03-17 12:05:00,8,1,
VG100327,sin_internet,call_center,internet,,BLOQUEO DE EQUIPO,solucionado,2026-03-16 16:15:00,2026-03-17 10:50:00,6,0,
TC100828,cambio_titular,whatsapp,,,,solucionado,2026-03-16 17:00:00,2026-03-17 10:50:00,10,5,
TC100828,cambio_plan,call_center,,,,solucionado,2026-03-16 17:05:00,2026-04-06 12:30:00,10,3,
SG101756,soporte_remoto,whatsapp,internet,PROBLEMAS CON TEST DE VELOCIDAD,,solucionado,2026-03-16 18:00:00,2026-03-17 12:25:00,25,2,
SR101761,soporte_remoto,call_center,tv,FALLAS CON LA TV,,solucionado,2026-03-17 09:00:00,2026-03-17 12:45:00,14,1,
DQ101757,soporte_remoto,whatsapp,internet,LENTITUD E INTERMITENCIA,,solucionado,2026-03-17 09:35:00,2026-03-17 09:40:00,11,2,
C100670,soporte_remoto,call_center,tv,FALLAS CON LA TV,,solucionado,2026-03-17 09:50:00,2026-03-19 10:00:00,13,1,
TC101758,soporte_remoto,call_center,internet,LENTITUD E INTERMITENCIA,,solucionado,2026-03-17 09:50:00,2026-03-17 10:00:00,11,2,
TC101759,soporte_remoto,call_center,internet,LENTITUD E INTERMITENCIA,,solucionado,2026-03-17 09:50:00,2026-03-17 10:35:00,11,2,
DQ100162,soporte_remoto,call_center,internet,LENTITUD E INTERMITENCIA,,solucionado,2026-03-17 10:05:00,2026-03-17 10:05:00,17,2,
SR100329,sin_internet,whatsapp,internet,,BLOQUEO DE EQUIPO,solucionado,2026-03-17 10:30:00,2026-03-17 11:15:00,4,0,
TC100330,sin_internet,whatsapp,internet,,BLOQUEO DE EQUIPO,solucionado,2026-03-17 10:35:00,2026-03-18 11:30:00,10,0,
VG100331,sin_internet,call_center,internet,,WIFI DESACTIVADO,solucionado,2026-03-17 10:55:00,2026-03-17 11:40:00,6,0,
TC101760,soporte_remoto,call_center,internet,LENTITUD E INTERMITENCIA,,cancelado,2026-03-17 10:55:00,2026-03-21 10:55:00,7,0,
DQ103553,cambio_plan,call_center,,,,solucionado,2026-03-17 11:15:00,2026-03-26 16:10:00,0,3,
CH102193,cambio_plan,whatsapp,,,,solucionado,2026-03-17 11:20:00,2026-03-26 16:20:00,2,3,
DQ100332,sin_internet,call_center,internet,,FALLA DE FIBRA,solucionado,2026-03-17 12:00:00,2026-03-17 12:40:00,0,0,
TC101762,soporte_remoto,caja,internet,LENTITUD E INTERMITENCIA,,cancelado,2026-03-17 12:00:00,2026-03-17 12:00:00,10,1,
VG101763,soporte_remoto,whatsapp,tv,PROGRAMACIÓN DE TV,,cancelado,2026-03-17 12:00:00,2026-03-21 11:00:00,17,0,
TC100334,sin_internet,call_center,internet,,FALLA MASIVA,solucionado,2026-03-17 12:05:00,2026-03-17 15:25:00,7,0,
TCF100333,sin_internet,call_center,internet,,ERROR DNS,solucionado,2026-03-17 12:10:00,2026-03-19 09:15:00,0,0,
C101764,soporte_remoto,call_center,internet,LENTITUD E INTERMITENCIA,,solucionado,2026-03-17 12:45:00,2026-03-17 12:55:00,11,2,
SG101767,soporte_remoto,whatsapp,internet,ERROR EN INGRESO A PÁGINAS,,solucionado,2026-03-17 13:00:00,2026-03-18 11:05:00,9,2,
SG101767,cambio_plan,whatsapp,,,,solucionado,2026-03-17 13:00:00,2026-03-26 16:25:00,9,3,
SR101765,soporte_remoto,call_center,internet,LENTITUD E INTERMITENCIA,,solucionado,2026-03-17 13:35:00,2026-03-18 08:45:00,14,1,
SR101766,soporte_remoto,caja,internet,LENTITUD E INTERMITENCIA,,solucionado,2026-03-17 13:35:00,2026-03-25 08:25:00,14,0,
TC100335,sin_internet,call_center,internet,,FALLA MASIVA,solucionado,2026-03-17 13:55:00,2026-03-18 09:50:00,10,0,
CH101505,soporte_remoto,call_center,internet_tv,LENTITUD E INTERMITENCIA,,solucionado,2026-03-17 14:40:00,2026-03-18 12:40:00,2,1,
TC100341,soporte_remoto,call_center,internet,LENTITUD E INTERMITENCIA,,solucionado,2026-03-17 15:05:00,2026-03-18 11:20:00,7,2,
TC101768,soporte_remoto,caja,internet,LENTITUD E INTERMITENCIA,,solucionado,2026-03-17 15:10:00,2026-03-19 10:25:00,10,0,
C103554,cambio_plan,call_center,,,,solucionado,2026-03-17 15:15:00,2026-04-06 12:30:00,13,3,
C103554,cambio_titular,whatsapp,,,,solucionado,2026-03-17 15:15:00,2026-03-17 18:05:00,13,5,
TC101769,soporte_remoto,whatsapp,internet,LENTITUD E INTERMITENCIA,,cancelado,2026-03-17 15:20:00,2026-03-18 10:15:00,7,1,
CH103555,cambio_plan,call_center,,,,solucionado,2026-03-17 15:35:00,2026-04-06 12:45:00,2,3,
TC100796,soporte_remoto,call_center,internet,ERROR EN INGRESO A PÁGINAS,,solucionado,2026-03-17 15:40:00,2026-03-17 15:40:00,7,2,
VG100336,sin_internet,call_center,internet,,BLOQUEO DE EQUIPO,solucionado,2026-03-17 16:05:00,2026-03-18 15:45:00,6,0,
TC103556,cambio_plan,whatsapp,,,,solucionado,2026-03-17 16:05:00,2026-04-08 12:10:00,7,3,
C100337,sin_internet,call_center,internet,,VLAN DUPLICADA,solucionado,2026-03-17 16:10:00,2026-03-18 10:40:00,8,0,
TC101770,soporte_remoto,call_center,internet,ERROR EN INGRESO A PÁGINAS,,solucionado,2026-03-17 16:10:00,2026-03-18 15:20:00,7,0,
SR100338,sin_internet,call_center,internet,,WIFI DESACTIVADO,solucionado,2026-03-17 16:15:00,2026-03-18 11:05:00,4,0,
TC101771,soporte_remoto,call_center,internet,ERROR EN INGRESO A PÁGINAS,,solucionado,2026-03-17 16:20:00,2026-03-18 11:20:00,7,2,
SR101772,soporte_remoto,call_center,internet_tv,LENTITUD E INTERMITENCIA,,cancelado,2026-03-17 16:50:00,2026-03-18 10:20:00,4,1,
CH101773,soporte_remoto,call_center,internet_tv,LENTITUD E INTERMITENCIA,,solucionado,2026-03-17 17:00:00,2026-03-18 15:30:00,2,0,
TC100339,sin_internet,caja,internet,,,cancelado,2026-03-17 17:05:00,2026-03-21 08:40:00,10,0,
CH101774,soporte_remoto,whatsapp,internet,LENTITUD E INTERMITENCIA,,solucionado,2026-03-17 17:15:00,2026-03-21 11:25:00,2,0,
C101775,soporte_remoto,whatsapp,tv,CANALES LLUVIOSOS/PIXELADOS,,solucionado,2026-03-17 18:10:00,2026-03-18 10:00:00,25,1,
DQ101776,soporte_remoto,whatsapp,internet,ERROR EN INGRESO A PÁGINAS,,solucionado,2026-03-17 19:30:00,2026-03-18 11:55:00,27,2,
TC100340,sin_internet,call_center,internet,,BLOQUEO DE EQUIPO,solucionado,2026-03-18 08:00:00,2026-03-18 08:35:00,10,0,
DQ100947,soporte_remoto,caja,tv,PROGRAMACIÓN DE TV,,solucionado,2026-03-18 08:25:00,2026-03-18 16:15:00,0,0,
DQ100346,sin_internet,call_center,internet,,FALLA DE FIBRA,solucionado,2026-03-18 08:35:00,2026-03-19 09:00:00,0,0,
CH100100,soporte_remoto,call_center,internet_tv,LENTITUD E INTERMITENCIA,,solucionado,2026-03-18 09:05:00,2026-03-18 10:30:00,2,1,
TC100342,sin_internet,caja,internet,,FALLA DE FIBRA,solucionado,2026-03-18 10:50:00,2026-03-18 11:30:00,7,0,
VG100343,sin_internet,call_center,internet,,MTU 1500,solucionado,2026-03-18 10:55:00,2026-03-18 11:45:00,6,0,
CH101777,soporte_remoto,call_center,tv,SIN SEÑAL DE TV,,solucionado,2026-03-18 10:55:00,2026-03-18 13:10:00,2,2,
SR101778,soporte_remoto,call_center,internet,LENTITUD E INTERMITENCIA,,solucionado,2026-03-18 11:05:00,2026-03-18 11:05:00,14,2,
TCF101779,soporte_remoto,call_center,internet_tv,LENTITUD E INTERMITENCIA,,solucionado,2026-03-18 11:05:00,2026-03-18 17:35:00,12,2,
DQ103248,cambio_plan,caja,,,,solucionado,2026-03-18 11:30:00,2026-04-08 12:25:00,5,3,
DQ101780,soporte_remoto,caja,internet,LENTITUD E INTERMITENCIA,,solucionado,2026-03-18 13:00:00,2026-03-18 17:20:00,16,2,
CH100344,sin_internet,whatsapp,internet,,WIFI DESACTIVADO,solucionado,2026-03-18 13:15:00,2026-03-24 09:35:00,2,0,
DQ101781,soporte_remoto,call_center,tv,CANALES LLUVIOSOS/PIXELADOS,,solucionado,2026-03-18 14:00:00,2026-03-21 10:40:00,5,1,
DQ101782,soporte_remoto,call_center,tv,SIN SEÑAL DE TV,,solucionado,2026-03-18 14:20:00,2026-03-18 14:20:00,0,2,
C101783,soporte_remoto,whatsapp,internet,LENTITUD E INTERMITENCIA,,solucionado,2026-03-18 14:35:00,2026-03-18 17:20:00,8,2,
C101784,soporte_remoto,call_center,internet_tv,CANALES LLUVIOSOS/PIXELADOS,,cancelado,2026-03-18 14:35:00,2026-03-19 10:50:00,8,1,
C101785,soporte_remoto,whatsapp,internet,LENTITUD E INTERMITENCIA,,solucionado,2026-03-18 14:50:00,2026-03-18 14:50:00,13,2,
TC100347,sin_internet,call_center,internet,,FALLA DE FIBRA,solucionado,2026-03-18 14:55:00,2026-03-19 15:30:00,7,0,
C103557,cambio_plan,call_center,,,,solucionado,2026-03-18 14:55:00,2026-03-26 16:25:00,15,3,
TC100341,sin_internet,whatsapp,internet,,ERROR DNS,solucionado,2026-03-18 15:05:00,2026-03-19 09:50:00,7,0,
DQ100061,cambio_plan,whatsapp,,,,solucionado,2026-03-18 15:15:00,2026-03-19 10:25:00,5,14,
CH101786,soporte_remoto,whatsapp,internet,LENTITUD E INTERMITENCIA,,solucionado,2026-03-18 16:10:00,2026-03-18 16:10:00,2,2,
DQ101787,soporte_remoto,call_center,internet_tv,LENTITUD E INTERMITENCIA,,solucionado,2026-03-18 16:15:00,2026-03-18 16:15:00,0,2,
C104019,cambio_titular,call_center,,,,solucionado,2026-03-18 16:20:00,2026-03-20 16:25:00,8,5,
DQ103558,cambio_plan,call_center,,,,solucionado,2026-03-18 16:25:00,2026-04-08 12:25:00,0,3,
TC100345,sin_internet,call_center,internet,,NIVELES CRÍTICOS,solucionado,2026-03-18 17:05:00,2026-03-19 08:15:00,7,0,
C101788,soporte_remoto,call_center,internet,PROBLEMAS CON TEST DE VELOCIDAD,,solucionado,2026-03-18 17:05:00,2026-03-19 11:00:00,24,1,
TC103559,cambio_plan,call_center,,,,solucionado,2026-03-18 17:05:00,2026-03-18 17:05:00,21,8,
TC100348,sin_internet,caja,internet,,WIFI DESACTIVADO,solucionado,2026-03-18 17:10:00,2026-03-24 09:50:00,10,0,
DQ101789,soporte_remoto,caja,tv,CANALES INTERMITENTES,,solucionado,2026-03-18 17:20:00,2026-03-19 11:20:00,0,1,
SR101790,soporte_remoto,call_center,internet_tv,LENTITUD E INTERMITENCIA,,solucionado,2026-03-18 17:30:00,2026-03-21 11:40:00,4,0,
DQ103560,cambio_plan,call_center,,,,solucionado,2026-03-18 18:50:00,2026-03-26 17:45:00,5,3,
C101796,soporte_remoto,caja,internet,LENTITUD E INTERMITENCIA,,solucionado,2026-03-19 09:00:00,2026-03-19 16:05:00,20,2,
DQ101782,soporte_remoto,call_center,tv,CANALES LLUVIOSOS/PIXELADOS,,solucionado,2026-03-19 09:05:00,2026-03-19 09:05:00,0,2,
TC101791,soporte_remoto,call_center,internet,LENTITUD E INTERMITENCIA,,solucionado,2026-03-19 10:10:00,2026-03-19 10:55:00,10,2,
SR101792,soporte_remoto,call_center,internet,LENTITUD E INTERMITENCIA,,solucionado,2026-03-19 10:20:00,2026-03-19 10:20:00,4,2,
TC100349,sin_internet,call_center,internet,,MTU 1500,cancelado,2026-03-19 11:10:00,2026-03-27 08:35:00,10,0,
C101793,soporte_remoto,caja,internet,ERROR EN INGRESO A PÁGINAS,,solucionado,2026-03-19 11:15:00,2026-03-19 12:15:00,16,0,
SR101795,soporte_remoto,whatsapp,internet,LENTITUD E INTERMITENCIA,,cancelado,2026-03-19 11:45:00,2026-03-19 16:00:00,14,2,
CH103561,cambio_plan,call_center,,,,solucionado,2026-03-19 12:25:00,2026-04-08 12:30:00,20,3,
C103562,cambio_titular,caja,,,,solucionado,2026-03-19 13:30:00,2026-03-20 16:25:00,8,5,
C103562,cambio_plan,call_center,,,,solucionado,2026-03-19 13:35:00,2026-04-08 12:30:00,8,3,
TC101260,cambio_plan,call_center,,,,solucionado,2026-03-19 15:10:00,2026-04-09 10:00:00,12,3,
DQ101797,soporte_remoto,whatsapp,internet,LENTITUD E INTERMITENCIA,,solucionado,2026-03-19 15:50:00,2026-03-19 15:50:00,0,2,
TC101859,cambio_plan,call_center,,,,solucionado,2026-03-19 16:35:00,2026-03-26 09:30:00,10,14,
C103563,cambio_plan,whatsapp,,,,solucionado,2026-03-19 17:05:00,2026-03-26 17:50:00,15,3,
SR101387,soporte_remoto,whatsapp,internet,ERROR EN INGRESO A PÁGINAS,,solucionado,2026-03-19 17:15:00,2026-03-19 17:15:00,4,2,
SR101798,soporte_remoto,whatsapp,internet,LENTITUD E INTERMITENCIA,,solucionado,2026-03-19 17:25:00,2026-03-20 09:10:00,4,2,
SR101799,soporte_remoto,call_center,internet,LENTITUD E INTERMITENCIA,,solucionado,2026-03-19 17:25:00,2026-03-20 09:10:00,4,2,
C101800,soporte_remoto,call_center,internet,LENTITUD E INTERMITENCIA,,cancelado,2026-03-19 17:35:00,2026-03-20 15:25:00,8,1,
VG102079,cambio_plan,call_center,,,,solucionado,2026-03-19 17:55:00,2026-03-27 09:50:00,6,3,
TC101801,soporte_remoto,call_center,internet_tv,LENTITUD E INTERMITENCIA,,solucionado,2026-03-20 08:35:00,2026-03-20 09:20:00,11,2,
DQ101802,soporte_remoto,call_center,tv,LENTITUD E INTERMITENCIA,,cancelado,2026-03-20 08:45:00,2026-03-20 12:20:00,11,2,
C101803,soporte_remoto,caja,internet,LENTITUD E INTERMITENCIA,,solucionado,2026-03-20 11:15:00,2026-03-20 11:50:00,8,1,
SR103564,cambio_plan,call_center,,,,solucionado,2026-03-20 11:20:00,2026-04-09 10:05:00,20,3,
TCF103565,cambio_plan,call_center,,,,solucionado,2026-03-20 11:30:00,2026-03-20 11:40:00,27,15,
DQ104020,cambio_titular,caja,,,,solucionado,2026-03-20 11:30:00,2026-03-20 16:35:00,5,5,
C100350,sin_internet,call_center,internet,,BLOQUEO DE EQUIPO,solucionado,2026-03-20 11:40:00,2026-03-20 12:40:00,8,0,
TC101804,soporte_remoto,call_center,internet,LENTITUD E INTERMITENCIA,,solucionado,2026-03-20 13:15:00,2026-03-20 13:15:00,11,2,
C101805,soporte_remoto,call_center,tv,LENTITUD E INTERMITENCIA,,solucionado,2026-03-20 13:15:00,2026-03-20 13:30:00,,2,
TC101806,soporte_remoto,call_center,internet,PROBLEMAS CON TRANSMISIONES EN VIVO,,solucionado,2026-03-20 13:40:00,2026-03-21 08:20:00,27,2,
TC101816,soporte_remoto,call_center,internet_tv,LENTITUD E INTERMITENCIA,,solucionado,2026-03-20 13:45:00,2026-03-21 13:35:00,11,2,
SR101807,soporte_remoto,call_center,internet,LENTITUD E INTERMITENCIA,,solucionado,2026-03-20 14:30:00,2026-03-21 12:25:00,4,2,
SR103566,cambio_plan,call_center,,,,solucionado,2026-03-20 14:40:00,2026-04-09 10:10:00,20,3,
C101808,soporte_remoto,call_center,internet,LENTITUD E INTERMITENCIA,,solucionado,2026-03-20 15:00:00,2026-03-20 15:00:00,13,1,
C101817,soporte_remoto,caja,internet,LENTITUD E INTERMITENCIA,,solucionado,2026-03-20 15:35:00,2026-03-24 09:05:00,20,1,
TCF101809,soporte_remoto,call_center,internet_tv,LENTITUD E INTERMITENCIA,,solucionado,2026-03-20 15:40:00,2026-03-20 15:40:00,0,1,
SG103567,cambio_plan,call_center,,,,solucionado,2026-03-20 15:45:00,2026-03-30 12:30:00,3,3,
TCF101810,soporte_remoto,call_center,internet,LENTITUD E INTERMITENCIA,,cancelado,2026-03-20 16:15:00,2026-03-21 09:00:00,12,1,
TCF101794,cambio_plan,call_center,,,,solucionado,2026-03-20 16:15:00,2026-03-30 12:30:00,12,3,
SR101811,soporte_remoto,call_center,internet,ERROR EN INGRESO A PÁGINAS,,solucionado,2026-03-20 16:25:00,2026-03-21 17:20:00,20,2,
TC103568,cambio_plan,call_center,,,,solucionado,2026-03-20 16:25:00,2026-04-06 13:20:00,7,3,
DQ101812,soporte_remoto,whatsapp,tv,SIN SEÑAL DE TV,,cancelado,2026-03-20 16:30:00,2026-03-21 09:05:00,5,1,
C103096,cambio_plan,call_center,,,,solucionado,2026-03-20 16:35:00,2026-03-20 16:40:00,21,8,
DQ104021,cambio_titular,whatsapp,,,,solucionado,2026-03-20 16:45:00,2026-03-20 16:45:00,23,5,
C103569,cambio_plan,call_center,,,,solucionado,2026-03-20 17:20:00,2026-04-09 10:10:00,8,3,
VG100351,sin_internet,call_center,internet,,WIFI DESACTIVADO,solucionado,2026-03-20 17:35:00,2026-03-21 10:45:00,6,0,
TC101813,soporte_remoto,whatsapp,internet,LENTITUD E INTERMITENCIA,,solucionado,2026-03-20 18:00:00,2026-03-24 09:00:00,10,0,
TC101814,soporte_remoto,call_center,internet,LENTITUD E INTERMITENCIA,,solucionado,2026-03-20 18:00:00,2026-03-24 09:00:00,10,0,
TC104022,cambio_titular,whatsapp,,,,solucionado,2026-03-20 18:00:00,2026-03-21 13:15:00,10,5,
TC103570,cambio_plan,call_center,,,,solucionado,2026-03-20 18:25:00,2026-04-09 10:15:00,16,3,
SM101815,soporte_remoto,caja,internet,LENTITUD E INTERMITENCIA,,solucionado,2026-03-20 18:50:00,2026-03-21 12:20:00,23,4,
SR102617,soporte_remoto,caja,internet,LENTITUD E INTERMITENCIA,,solucionado,2026-03-21 09:45:00,2026-05-21 09:25:00,14,2,
C102618,soporte_remoto,whatsapp,tv,CANALES INTERMITENTES,,solucionado,2026-03-21 10:45:00,2026-04-21 12:45:00,13,2,
TCF103571,cambio_plan,whatsapp,,,,solucionado,2026-03-21 14:00:00,2026-04-09 10:20:00,19,3,
SR100361,sin_internet,call_center,internet,,FALLA DE FIBRA,solucionado,2026-03-24 08:35:00,2026-03-27 08:55:00,4,0,
DQ100355,sin_internet,whatsapp,internet,,FALLA DE FIBRA,solucionado,2026-03-24 09:00:00,2026-03-25 09:25:00,0,0,
C104023,cambio_titular,whatsapp,,,,solucionado,2026-03-24 09:00:00,2026-03-27 10:05:00,8,5,
VG101818,soporte_remoto,call_center,internet,LENTITUD E INTERMITENCIA,,cancelado,2026-03-24 09:05:00,2026-03-24 11:25:00,6,1,
C103572,cambio_plan,whatsapp,,,,solucionado,2026-03-24 09:30:00,2026-04-09 10:20:00,8,3,
SR100209,soporte_remoto,caja,tv,CANALES LLUVIOSOS/PIXELADOS,,solucionado,2026-03-24 09:35:00,2026-03-24 15:25:00,4,2,
SR100352,sin_internet,call_center,internet,,,cancelado,2026-03-24 09:50:00,2026-03-27 08:50:00,4,0,
CH100353,sin_internet,call_center,internet,,,solucionado,2026-03-24 10:10:00,2026-03-30 10:00:00,2,4,
DQ100362,sin_internet,caja,internet,,MTU 1500,solucionado,2026-03-24 10:25:00,2026-03-27 11:20:00,0,0,
VG101819,soporte_remoto,whatsapp,internet,LENTITUD E INTERMITENCIA,,solucionado,2026-03-24 10:30:00,2026-03-24 16:35:00,6,2,
DQ103573,cambio_plan,call_center,,,,solucionado,2026-03-24 11:10:00,2026-03-30 12:35:00,12,3,
DQ100354,sin_internet,call_center,internet,,MTU 1500,solucionado,2026-03-24 11:15:00,2026-03-24 11:40:00,0,0,
TC101820,soporte_remoto,call_center,internet_tv,LENTITUD E INTERMITENCIA,,solucionado,2026-03-24 11:35:00,2026-03-24 11:35:00,11,2,
C101821,soporte_remoto,call_center,internet_tv,LENTITUD E INTERMITENCIA,,solucionado,2026-03-24 11:45:00,2026-03-24 12:45:00,11,2,
DQ101822,soporte_remoto,whatsapp,internet,LENTITUD E INTERMITENCIA,,solucionado,2026-03-24 11:50:00,2026-03-24 12:05:00,5,0,
SR101823,soporte_remoto,call_center,tv,SIN SEÑAL DE TV,,solucionado,2026-03-24 11:55:00,2026-03-24 14:40:00,14,0,
SG101824,soporte_remoto,call_center,internet,ERROR EN INGRESO A PÁGINAS,,solucionado,2026-03-24 12:35:00,2026-03-24 15:00:00,9,1,
TC101825,soporte_remoto,caja,internet_tv,LENTITUD E INTERMITENCIA,,solucionado,2026-03-24 13:15:00,2026-03-24 16:50:00,2,2,
CH103574,cambio_plan,call_center,,,,solucionado,2026-03-24 13:30:00,2026-03-30 12:35:00,2,3,
SR101826,soporte_remoto,call_center,tv,SIN SEÑAL DE TV,,cancelado,2026-03-24 14:20:00,2026-03-27 09:50:00,4,0,
SR101827,soporte_remoto,whatsapp,internet_tv,LENTITUD E INTERMITENCIA,,cancelado,2026-03-24 14:20:00,2026-03-24 16:15:00,4,1,
C103575,cambio_plan,caja,,,,solucionado,2026-03-24 14:35:00,2026-03-30 12:35:00,8,3,
SR101828,soporte_remoto,call_center,internet,LENTITUD E INTERMITENCIA,,solucionado,2026-03-24 15:00:00,2026-03-25 08:55:00,14,0,
C100016,cambio_plan,call_center,,,,solucionado,2026-03-24 15:05:00,2026-04-09 10:30:00,8,3,
C100016,cambio_titular,call_center,,,,solucionado,2026-03-24 15:05:00,2026-03-27 10:10:00,8,5,
SR100583,soporte_remoto,call_center,internet,LENTITUD E INTERMITENCIA,,solucionado,2026-03-24 15:15:00,2026-03-24 15:15:00,14,1,
CH101829,soporte_remoto,whatsapp,internet_tv,LENTITUD E INTERMITENCIA,,solucionado,2026-03-24 15:25:00,2026-03-24 15:25:00,2,2,
DQ100360,sin_internet,call_center,internet,,,solucionado,2026-03-24 15:30:00,2026-03-30 10:00:00,11,4,
DQ101830,soporte_remoto,call_center,internet,LENTITUD E INTERMITENCIA,,pendiente,2026-03-24 15:50:00,,0,1,
DQ101831,soporte_remoto,call_center,internet,LENTITUD E INTERMITENCIA,,solucionado,2026-03-24 15:55:00,2026-03-25 09:15:00,0,0,
VG101832,soporte_remoto,call_center,internet,LENTITUD E INTERMITENCIA,,solucionado,2026-03-24 16:00:00,2026-03-27 10:05:00,6,0,
C101834,soporte_remoto,whatsapp,internet,LENTITUD E INTERMITENCIA,,solucionado,2026-03-24 16:00:00,2026-03-25 11:35:00,8,2,
TC101833,soporte_remoto,call_center,internet,LENTITUD E INTERMITENCIA,,solucionado,2026-03-24 16:05:00,2026-03-25 11:35:00,21,2,
C101835,soporte_remoto,whatsapp,internet,LENTITUD E INTERMITENCIA,,solucionado,2026-03-24 16:30:00,2026-03-24 16:30:00,8,1,
SR101503,soporte_remoto,call_center,tv,CANALES INTERMITENTES,,solucionado,2026-03-24 16:40:00,2026-03-25 11:55:00,4,2,
TC103576,cambio_plan,whatsapp,,,,solucionado,2026-03-24 16:40:00,2026-04-07 11:00:00,23,3,
TC101836,soporte_remoto,caja,internet,LENTITUD E INTERMITENCIA,,solucionado,2026-03-24 17:10:00,2026-03-25 15:30:00,20,1,
TC103577,cambio_plan,whatsapp,,,,solucionado,2026-03-24 17:20:00,2026-04-09 11:15:00,24,3,
C103578,cambio_plan,call_center,,,,solucionado,2026-03-24 17:20:00,2026-04-09 11:15:00,15,3,
DQ101837,soporte_remoto,call_center,internet,LENTITUD E INTERMITENCIA,,pendiente,2026-03-24 17:25:00,,5,0,
DQ101838,soporte_remoto,call_center,tv,CANALES FALTANTES,,solucionado,2026-03-24 17:30:00,2026-03-25 12:50:00,0,2,
SG103579,cambio_plan,call_center,,,,solucionado,2026-03-24 18:05:00,2026-04-07 11:05:00,3,3,
TC101839,soporte_remoto,whatsapp,internet,LENTITUD E INTERMITENCIA,,cancelado,2026-03-24 18:35:00,2026-03-25 09:55:00,20,1,
DQ101840,soporte_remoto,call_center,internet,LENTITUD E INTERMITENCIA,,solucionado,2026-03-25 09:00:00,2026-03-25 15:30:00,0,2,
C101841,soporte_remoto,whatsapp,internet,LENTITUD E INTERMITENCIA,,solucionado,2026-03-25 09:35:00,2026-03-25 15:55:00,8,2,
DQ103580,cambio_plan,whatsapp,,,,solucionado,2026-03-25 09:45:00,2026-04-09 12:00:00,0,3,
SG103581,cambio_plan,whatsapp,,,,solucionado,2026-03-25 10:00:00,2026-04-09 12:05:00,21,3,
DQ100326,soporte_remoto,call_center,internet,LENTITUD E INTERMITENCIA,,cancelado,2026-03-25 10:45:00,2026-03-25 10:45:00,0,1,
SR101842,soporte_remoto,whatsapp,internet,LENTITUD E INTERMITENCIA,,pendiente,2026-03-25 11:10:00,,14,0,
C101843,soporte_remoto,call_center,internet,LENTITUD E INTERMITENCIA,,solucionado,2026-03-25 11:15:00,2026-03-25 16:45:00,11,2,
C101844,soporte_remoto,whatsapp,internet,LENTITUD E INTERMITENCIA,,solucionado,2026-03-25 11:30:00,2026-03-27 12:30:00,8,0,
SG101845,soporte_remoto,whatsapp,internet,LENTITUD E INTERMITENCIA,,solucionado,2026-03-25 12:00:00,2026-03-25 12:00:00,3,1,
DQ101846,soporte_remoto,call_center,internet,LENTITUD E INTERMITENCIA,,solucionado,2026-03-25 12:00:00,2026-03-25 12:00:00,0,2,
TC103582,cambio_plan,call_center,,,,solucionado,2026-03-25 12:40:00,2026-04-09 12:55:00,34,3,
SR101847,soporte_remoto,call_center,internet,LENTITUD E INTERMITENCIA,,solucionado,2026-03-25 13:00:00,2026-03-25 15:25:00,20,1,
SR100356,sin_internet,call_center,internet,,VLAN DUPLICADA,solucionado,2026-03-25 13:40:00,2026-03-25 15:30:00,1,0,
TC103583,cambio_plan,whatsapp,,,,solucionado,2026-03-25 14:15:00,2026-04-09 12:55:00,19,3,
C103584,cambio_plan,call_center,,,,solucionado,2026-03-25 15:10:00,2026-04-09 13:15:00,27,3,
TCF103585,cambio_plan,caja,,,,solucionado,2026-03-25 15:10:00,2026-04-09 13:20:00,14,3,
TC104024,cambio_titular,call_center,,,,solucionado,2026-03-25 15:20:00,2026-03-27 10:20:00,10,5,
SR100357,sin_internet,call_center,internet,,WIFI DESACTIVADO,solucionado,2026-03-25 15:50:00,2026-03-25 16:45:00,1,0,
TC101848,soporte_remoto,whatsapp,internet,LENTITUD E INTERMITENCIA,,solucionado,2026-03-25 16:20:00,2026-03-26 11:50:00,10,1,
TC101849,soporte_remoto,whatsapp,internet_tv,LENTITUD E INTERMITENCIA,,solucionado,2026-03-25 16:25:00,2026-03-25 17:30:00,4,0,
C101850,soporte_remoto,whatsapp,internet,LENTITUD E INTERMITENCIA,,solucionado,2026-03-25 16:25:00,2026-03-26 12:25:00,8,2,
TC101550,soporte_remoto,whatsapp,tv,PROGRAMACIÓN DE TV,,solucionado,2026-03-25 16:30:00,2026-03-26 10:40:00,7,0,
SG101851,soporte_remoto,whatsapp,internet,LENTITUD E INTERMITENCIA,,solucionado,2026-03-25 16:30:00,2026-03-26 12:40:00,23,2,
CH101852,soporte_remoto,whatsapp,internet_tv,LENTITUD E INTERMITENCIA,,cancelado,2026-03-25 16:35:00,2026-03-26 10:20:00,2,1,
SG101278,cambio_plan,call_center,,,,solucionado,2026-03-25 16:50:00,2026-04-07 11:05:00,9,3,
DQ104025,cambio_titular,call_center,,,,solucionado,2026-03-25 17:15:00,2026-03-27 10:30:00,12,5,
TC103586,cambio_plan,whatsapp,,,,solucionado,2026-03-25 17:30:00,2026-04-09 13:20:00,7,3,
DQ101853,soporte_remoto,whatsapp,internet,LENTITUD E INTERMITENCIA,,solucionado,2026-03-25 17:40:00,2026-03-27 13:00:00,12,2,
TC103587,cambio_plan,call_center,,,,solucionado,2026-03-25 18:00:00,2026-04-09 13:25:00,10,3,
TC103587,cambio_titular,call_center,,,,solucionado,2026-03-25 18:05:00,2026-03-27 10:35:00,10,5,
TC103588,cambio_plan,call_center,,,,solucionado,2026-03-25 18:55:00,2026-04-09 13:30:00,21,3,
DQ100373,soporte_remoto,call_center,tv,SIN SEÑAL DE TV,,solucionado,2026-03-26 08:00:00,2026-03-26 11:20:00,0,1,
C101854,soporte_remoto,call_center,tv,PROGRAMACIÓN DE TV,,pendiente,2026-03-26 08:15:00,,8,0,
TC101855,soporte_remoto,call_center,internet,LENTITUD E INTERMITENCIA,,pendiente,2026-03-26 08:25:00,,10,2,
TC100358,sin_internet,caja,internet,,WIFI DESACTIVADO,solucionado,2026-03-26 09:00:00,2026-03-26 09:15:00,7,0,
TC101856,soporte_remoto,caja,internet,LENTITUD E INTERMITENCIA,,solucionado,2026-03-26 10:00:00,2026-03-26 10:00:00,7,1,
DQ101857,soporte_remoto,call_center,internet_tv,LENTITUD E INTERMITENCIA,,solucionado,2026-03-26 10:35:00,2026-03-27 15:45:00,0,2,
C101858,soporte_remoto,call_center,internet,LENTITUD E INTERMITENCIA,,cancelado,2026-03-26 10:35:00,2026-03-26 10:35:00,8,0,
TC100990,soporte_remoto,whatsapp,internet,LENTITUD E INTERMITENCIA,,pendiente,2026-03-26 10:55:00,,7,0,
TC101859,soporte_remoto,caja,internet,PROBLEMAS CON TEST DE VELOCIDAD,,solucionado,2026-03-26 11:00:00,2026-03-26 16:30:00,25,1,
SR101497,cambio_plan,call_center,,,,solucionado,2026-03-26 11:15:00,2026-04-09 15:40:00,19,3,
SR100842,soporte_remoto,whatsapp,internet,LENTITUD E INTERMITENCIA,,solucionado,2026-03-26 11:35:00,2026-03-27 16:00:00,4,2,
TC103589,cambio_plan,call_center,,,,solucionado,2026-03-26 11:40:00,2026-04-09 15:40:00,10,3,
C100359,sin_internet,call_center,internet,,MTU 1500,solucionado,2026-03-26 11:45:00,2026-03-26 15:30:00,15,0,
SR101860,soporte_remoto,call_center,internet,LENTITUD E INTERMITENCIA,,solucionado,2026-03-26 11:50:00,2026-03-30 10:20:00,14,0,
DQ101496,soporte_remoto,call_center,internet_tv,LENTITUD E INTERMITENCIA,,solucionado,2026-03-26 13:00:00,2026-03-27 15:50:00,0,2,
SR101861,soporte_remoto,whatsapp,internet,LENTITUD E INTERMITENCIA,,solucionado,2026-03-26 13:15:00,2026-03-27 16:55:00,4,2,
SR101482,soporte_remoto,whatsapp,internet_tv,LENTITUD E INTERMITENCIA,,solucionado,2026-03-26 13:30:00,2026-03-27 11:45:00,4,1,
C103590,cambio_plan,call_center,,,,solucionado,2026-03-26 13:30:00,2026-04-08 11:50:00,13,3,
C103590,cambio_titular,call_center,,,,solucionado,2026-03-26 13:30:00,2026-04-06 09:55:00,13,5,
DQ101862,soporte_remoto,call_center,internet,LENTITUD E INTERMITENCIA,,solucionado,2026-03-26 13:40:00,2026-03-27 12:00:00,0,1,
DQ102923,cambio_plan,whatsapp,,,,solucionado,2026-03-26 14:05:00,2026-04-09 14:40:00,0,8,
SG103591,cambio_plan,whatsapp,,,,solucionado,2026-03-26 14:25:00,2026-04-08 11:55:00,24,3,
C101863,soporte_remoto,caja,internet_tv,SIN SEÑAL DE TV,,solucionado,2026-03-26 15:05:00,2026-03-30 10:40:00,8,0,
VG104026,cambio_titular,call_center,,,,solucionado,2026-03-26 15:15:00,2026-03-27 10:50:00,6,5,
TC101022,soporte_remoto,whatsapp,internet,LENTITUD E INTERMITENCIA,,solucionado,2026-03-26 15:20:00,2026-03-27 17:20:00,10,2,
DQ101864,soporte_remoto,caja,tv,CANALES LLUVIOSOS/PIXELADOS,,solucionado,2026-03-26 16:20:00,2026-03-27 16:25:00,11,2,
C101865,soporte_remoto,call_center,tv,PROGRAMACIÓN DE TV,,pendiente,2026-03-26 16:20:00,,17,0,
C103592,cambio_plan,call_center,,,,solucionado,2026-03-26 16:30:00,2026-04-08 11:55:00,8,3,
TC101866,soporte_remoto,call_center,internet,LENTITUD E INTERMITENCIA,,solucionado,2026-03-26 16:40:00,2026-03-27 10:30:00,10,1,
TCF101867,soporte_remoto,caja,tv,CANALES FALTANTES,,solucionado,2026-03-26 16:50:00,2026-03-27 16:50:00,12,2,
VG103593,cambio_plan,whatsapp,,,,solucionado,2026-03-26 16:55:00,2026-04-09 15:40:00,6,3,
VG100644,cambio_plan,call_center,,,,solucionado,2026-03-26 17:00:00,2026-04-01 11:35:00,6,11,
TC103594,cambio_plan,whatsapp,,,,solucionado,2026-03-26 17:40:00,2026-04-09 15:45:00,12,3,
SG103595,cambio_plan,whatsapp,,,,solucionado,2026-03-26 17:40:00,2026-04-08 12:00:00,9,3,
TC103596,cambio_plan,call_center,,,,solucionado,2026-03-27 08:20:00,2026-04-09 16:00:00,12,3,
DQ101878,soporte_remoto,call_center,internet,LENTITUD E INTERMITENCIA,,solucionado,2026-03-27 09:00:00,2026-03-30 15:20:00,,1,
SG101868,soporte_remoto,caja,internet,LENTITUD E INTERMITENCIA,,solucionado,2026-03-27 09:30:00,2026-03-30 11:30:00,3,0,
C103597,cambio_plan,call_center,,,,solucionado,2026-03-27 09:35:00,2026-03-30 13:00:00,15,3,
SR101869,soporte_remoto,whatsapp,internet,LENTITUD E INTERMITENCIA,,cancelado,2026-03-27 10:25:00,2026-03-27 16:20:00,4,1,
C100363,sin_internet,whatsapp,internet,,,cancelado,2026-03-27 10:35:00,2026-03-30 09:00:00,15,0,
SG101870,soporte_remoto,whatsapp,internet,LENTITUD E INTERMITENCIA,,solucionado,2026-03-27 10:35:00,2026-03-30 15:20:00,9,2,
C101871,soporte_remoto,whatsapp,internet,LENTITUD E INTERMITENCIA,,cancelado,2026-03-27 10:50:00,2026-03-27 16:25:00,15,1,
TC104027,cambio_titular,call_center,,,,solucionado,2026-03-27 11:05:00,2026-03-31 11:10:00,7,5,
DQ101872,soporte_remoto,call_center,internet,LENTITUD E INTERMITENCIA,,solucionado,2026-03-27 11:35:00,2026-03-30 15:20:00,5,2,
SR101873,soporte_remoto,call_center,internet_tv,LENTITUD E INTERMITENCIA,,cancelado,2026-03-27 11:40:00,2026-03-27 11:50:00,4,0,
DQ103598,cambio_plan,whatsapp,,,,solucionado,2026-03-27 11:55:00,2026-04-09 16:00:00,4,3,
DQ103599,cambio_plan,call_center,,,,solucionado,2026-03-27 12:05:00,2026-04-07 09:40:00,19,6,
C101874,soporte_remoto,call_center,internet_tv,LENTITUD E INTERMITENCIA,,pendiente,2026-03-27 12:15:00,,11,2,
C101875,soporte_remoto,call_center,internet,LENTITUD E INTERMITENCIA,,solucionado,2026-03-27 12:15:00,2026-03-27 12:45:00,11,2,
TCF101876,soporte_remoto,caja,internet,LENTITUD E INTERMITENCIA,,solucionado,2026-03-27 12:55:00,2026-03-27 13:55:00,11,2,
TC100364,sin_internet,call_center,internet,,WIFI DESACTIVADO,solucionado,2026-03-27 13:30:00,2026-03-27 15:50:00,10,0,
DQ101877,soporte_remoto,call_center,internet,LENTITUD E INTERMITENCIA,,solucionado,2026-03-27 13:45:00,2026-03-30 09:20:00,12,1,
TC101142,soporte_remoto,whatsapp,internet,LENTITUD E INTERMITENCIA,,cancelado,2026-03-27 15:05:00,2026-03-30 09:00:00,7,1,
C100365,sin_internet,call_center,internet,,,solucionado,2026-03-27 15:25:00,2026-03-30 10:00:00,8,4,
CH101179,soporte_remoto,call_center,internet,LENTITUD E INTERMITENCIA,,pendiente,2026-03-27 15:50:00,,2,1,
VG100366,sin_internet,call_center,internet,,FALLA DE FIBRA,solucionado,2026-03-27 16:00:00,2026-03-30 16:40:00,6,0,
DQ100469,soporte_remoto,call_center,internet,LENTITUD E INTERMITENCIA,,solucionado,2026-03-27 16:45:00,2026-03-30 12:10:00,5,0,
DQ101879,soporte_remoto,whatsapp,internet,LENTITUD E INTERMITENCIA,,solucionado,2026-03-27 17:05:00,2026-03-30 10:00:00,0,1,
TC103600,cambio_plan,caja,,,,solucionado,2026-03-27 17:40:00,2026-04-09 16:05:00,7,3,
DQ103601,cambio_plan,call_center,,,,solucionado,2026-03-27 18:10:00,2026-04-09 16:10:00,24,3,
TC101880,soporte_remoto,call_center,internet,LENTITUD E INTERMITENCIA,,solucionado,2026-03-28 10:50:00,2026-03-30 08:10:00,23,1,
PQ101881,soporte_remoto,call_center,internet,PROBLEMAS CON TEST DE VELOCIDAD,,solucionado,2026-03-28 16:05:00,2026-03-30 12:20:00,25,0,
TC101806,soporte_remoto,whatsapp,internet,STREAMING CON FALLAS,,solucionado,2026-03-28 16:40:00,2026-03-30 17:50:00,27,2,
SG103602,cambio_plan,call_center,,,,solucionado,2026-03-28 17:20:00,2026-04-09 16:10:00,23,3,
VG101882,soporte_remoto,call_center,internet,LENTITUD E INTERMITENCIA,,solucionado,2026-03-30 08:25:00,2026-03-30 08:25:00,6,0,
DQ101883,cambio_plan,whatsapp,,,,solucionado,2026-03-30 08:50:00,2026-04-09 17:20:00,4,3,
DQ101883,soporte_remoto,whatsapp,internet,LENTITUD E INTERMITENCIA,,cancelado,2026-03-30 09:00:00,2026-03-30 09:20:00,4,1,
TC101884,soporte_remoto,call_center,internet,LENTITUD E INTERMITENCIA,,solucionado,2026-03-30 09:00:00,2026-03-30 09:45:00,11,2,
SR101885,soporte_remoto,call_center,internet_tv,LENTITUD E INTERMITENCIA,,cancelado,2026-03-30 09:00:00,2026-03-30 12:00:00,1,1,
SR101909,soporte_remoto,call_center,internet,ERROR EN INGRESO A PÁGINAS,,pendiente,2026-03-30 09:00:00,,1,0,
DQ101886,soporte_remoto,call_center,internet_tv,LENTITUD E INTERMITENCIA,,solucionado,2026-03-30 09:05:00,2026-03-30 09:40:00,11,2,
VG101887,soporte_remoto,call_center,internet,LENTITUD E INTERMITENCIA,,solucionado,2026-03-30 09:30:00,2026-03-30 17:15:00,6,2,
VG101888,soporte_remoto,whatsapp,internet,LENTITUD E INTERMITENCIA,,solucionado,2026-03-30 09:30:00,2026-03-30 09:30:00,6,1,
C101889,soporte_remoto,caja,internet,LENTITUD E INTERMITENCIA,,cerrado_sin_contacto,2026-03-30 09:30:00,2026-03-30 17:20:00,13,2,
SR103603,cambio_plan,call_center,,,,solucionado,2026-03-30 09:55:00,2026-04-09 17:25:00,1,3,
SR101890,soporte_remoto,whatsapp,internet,LENTITUD E INTERMITENCIA,,solucionado,2026-03-30 10:05:00,,1,0,
SR100367,sin_internet,call_center,internet,,EQUIPO NO ENGANCHA,solucionado,2026-03-30 10:15:00,2026-03-30 10:15:00,1,4,
VG101891,soporte_remoto,call_center,internet,LENTITUD E INTERMITENCIA,,solucionado,2026-03-30 10:15:00,2026-03-31 10:00:00,6,1,
DQ101892,soporte_remoto,call_center,internet,LENTITUD E INTERMITENCIA,,solucionado,2026-03-30 10:25:00,2026-03-30 12:50:00,0,2,
SG101893,soporte_remoto,whatsapp,internet,LENTITUD E INTERMITENCIA,,solucionado,2026-03-30 10:30:00,2026-03-30 10:30:00,3,0,
TC101682,soporte_remoto,call_center,tv,SIN SEÑAL DE TV,,solucionado,2026-03-30 10:30:00,2026-03-31 16:45:00,31,2,
TC101894,soporte_remoto,whatsapp,internet,LENTITUD E INTERMITENCIA,,solucionado,2026-03-30 10:30:00,2026-04-01 12:20:00,7,1,
SR103604,cambio_plan,whatsapp,,,,solucionado,2026-03-30 10:45:00,2026-04-09 17:25:00,14,3,
VG101001,cambio_plan,whatsapp,,,,solucionado,2026-03-30 10:50:00,2026-04-09 17:30:00,6,7,
DQ101895,soporte_remoto,caja,internet,LENTITUD E INTERMITENCIA,,solucionado,2026-03-30 11:00:00,2026-03-31 17:50:00,5,2,
C103605,cambio_plan,whatsapp,,,,solucionado,2026-03-30 11:00:00,2026-04-09 17:25:00,15,7,
SR102522,cambio_titular,whatsapp,,,,solucionado,2026-03-30 11:05:00,2026-03-31 11:25:00,1,5,
VG103606,cambio_plan,whatsapp,,,,solucionado,2026-03-30 11:15:00,2026-04-09 17:20:00,6,7,
VG103607,cambio_plan,whatsapp,,,,solucionado,2026-03-30 11:20:00,2026-04-09 17:15:00,6,7,
DQ101466,soporte_remoto,whatsapp,internet_tv,LENTITUD E INTERMITENCIA,,solucionado,2026-03-30 11:25:00,2026-03-31 09:55:00,0,0,
C101896,soporte_remoto,whatsapp,internet,LENTITUD E INTERMITENCIA,,solucionado,2026-03-30 11:25:00,2026-03-31 12:05:00,8,1,
CH101897,soporte_remoto,whatsapp,internet_tv,LENTITUD E INTERMITENCIA,,solucionado,2026-03-30 11:40:00,2026-03-31 17:35:00,1,2,
TC101898,soporte_remoto,call_center,internet,ERROR EN INGRESO A PÁGINAS,,pendiente,2026-03-30 11:40:00,,16,0,
DQ104028,cambio_titular,whatsapp,,,,solucionado,2026-03-30 12:05:00,2026-04-06 10:00:00,5,5,
SG100368,sin_internet,call_center,internet,,VLAN DUPLICADA,solucionado,2026-03-30 12:20:00,2026-03-30 12:30:00,3,4,
SG100369,sin_internet,call_center,internet,,,solucionado,2026-03-30 12:20:00,2026-03-30 16:10:00,3,4,
TC101884,cambio_titular,whatsapp,,,,solucionado,2026-03-30 12:30:00,2026-04-06 10:15:00,10,5,
C101899,soporte_remoto,call_center,internet,LENTITUD E INTERMITENCIA,,solucionado,2026-03-30 12:45:00,2026-03-31 10:50:00,21,1,
C101900,soporte_remoto,whatsapp,internet,PROBLEMAS CON CÁMARAS/DVR,,solucionado,2026-03-30 13:10:00,2026-04-06 08:55:00,16,0,
TC103608,cambio_plan,call_center,,,,solucionado,2026-03-30 13:20:00,2026-04-09 17:15:00,12,7,
TCF103609,cambio_plan,whatsapp,,,,solucionado,2026-03-30 13:35:00,2026-04-09 17:10:00,27,7,
C103610,cambio_plan,whatsapp,,,,solucionado,2026-03-30 14:00:00,2026-04-09 17:00:00,13,7,
C101901,soporte_remoto,whatsapp,internet,LENTITUD E INTERMITENCIA,,pendiente,2026-03-30 14:30:00,,8,0,
DQ101902,soporte_remoto,call_center,internet,ERROR EN INGRESO A PÁGINAS,,solucionado,2026-03-30 14:55:00,2026-03-31 11:00:00,4,1,
C103611,cambio_plan,call_center,,,,solucionado,2026-03-30 15:00:00,2026-04-09 17:00:00,13,7,
TC101907,soporte_remoto,whatsapp,internet,LENTITUD E INTERMITENCIA,,solucionado,2026-03-30 15:10:00,2026-03-31 12:30:00,7,0,
DQ100370,sin_internet,whatsapp,internet,,ONU RESETEADA,solucionado,2026-03-30 15:15:00,2026-03-30 16:30:00,5,4,
CH101139,soporte_remoto,call_center,internet,PROBLEMAS CON TEST DE VELOCIDAD,,solucionado,2026-03-30 15:20:00,2026-03-30 15:20:00,2,2,
SR101903,soporte_remoto,whatsapp,internet,LENTITUD E INTERMITENCIA,,solucionado,2026-03-30 15:25:00,2026-03-31 11:10:00,1,0,
CH101904,soporte_remoto,call_center,internet,LENTITUD E INTERMITENCIA,,solucionado,2026-03-30 15:30:00,2026-03-31 11:45:00,2,1,
TCF100371,sin_internet,whatsapp,internet,,,solucionado,2026-03-30 15:35:00,2026-03-30 15:35:00,4,4,
DQ101905,soporte_remoto,caja,internet,LENTITUD E INTERMITENCIA,,solucionado,2026-03-30 15:40:00,2026-03-31 09:05:00,5,2,
CH101030,soporte_remoto,call_center,tv,CANALES INTERMITENTES,,solucionado,2026-03-30 15:55:00,2026-03-31 12:20:00,2,0,
DQ101146,soporte_remoto,call_center,internet,LENTITUD E INTERMITENCIA,,solucionado,2026-03-30 16:05:00,2026-03-31 09:40:00,0,1,
CH101906,soporte_remoto,call_center,tv,CANALES INTERMITENTES,,solucionado,2026-03-30 16:05:00,2026-03-31 08:35:00,2,2,
TC101492,soporte_remoto,call_center,internet,LENTITUD E INTERMITENCIA,,cancelado,2026-03-30 16:15:00,2026-03-31 10:05:00,7,1,
TC103612,cambio_plan,whatsapp,,,,solucionado,2026-03-30 16:30:00,2026-04-24 17:40:00,10,3,
SR101908,soporte_remoto,call_center,internet_tv,LENTITUD E INTERMITENCIA,,solucionado,2026-03-30 16:40:00,2026-03-31 09:45:00,1,2,
C103613,cambio_plan,call_center,,,,solucionado,2026-03-30 16:45:00,2026-04-09 16:55:00,8,7,
TC101910,soporte_remoto,call_center,internet,LENTITUD E INTERMITENCIA,,cancelado,2026-03-30 16:55:00,2026-03-31 09:30:00,12,1,
SG101911,soporte_remoto,call_center,internet,LENTITUD E INTERMITENCIA,,solucionado,2026-03-30 17:00:00,2026-04-01 10:20:00,3,2,
DQ101912,soporte_remoto,call_center,internet,LENTITUD E INTERMITENCIA,,solucionado,2026-03-30 17:00:00,2026-03-31 11:20:00,0,1,
TC101913,soporte_remoto,call_center,internet,LENTITUD E INTERMITENCIA,,solucionado,2026-03-30 17:25:00,2026-03-31 16:40:00,7,0,
DQ100184,cambio_titular,call_center,,,,solucionado,2026-03-30 17:35:00,2026-04-06 10:20:00,0,5,
DQ101914,soporte_remoto,whatsapp,internet,LENTITUD E INTERMITENCIA,,solucionado,2026-03-30 18:40:00,2026-04-01 10:30:00,5,2,
DQ101915,soporte_remoto,whatsapp,internet,LENTITUD E INTERMITENCIA,,cancelado,2026-03-30 19:00:00,2026-03-31 09:45:00,16,1,
C100372,sin_internet,call_center,internet,,WIFI DESACTIVADO,solucionado,2026-03-31 08:25:00,2026-03-31 10:15:00,15,0,
VG101916,soporte_remoto,call_center,internet,LENTITUD E INTERMITENCIA,,solucionado,2026-03-31 08:25:00,2026-03-31 12:50:00,6,1,
DQ101917,soporte_remoto,call_center,internet_tv,LENTITUD E INTERMITENCIA,,cancelado,2026-03-31 08:40:00,2026-03-31 10:15:00,4,1,
SG101918,soporte_remoto,whatsapp,internet,LENTITUD E INTERMITENCIA,,cerrado_sin_contacto,2026-03-31 08:45:00,2026-04-07 10:10:00,3,0,
DQ103614,cambio_plan,call_center,,,,solucionado,2026-03-31 09:00:00,2026-04-24 17:40:00,0,3,
TC103622,cambio_plan,caja,,,,solucionado,2026-03-31 09:00:00,2026-04-09 16:05:00,4,7,
CH101919,soporte_remoto,call_center,internet_tv,LENTITUD E INTERMITENCIA,,solucionado,2026-03-31 09:25:00,2026-03-31 09:25:00,2,0,
TC101920,soporte_remoto,call_center,internet,LENTITUD E INTERMITENCIA,,solucionado,2026-03-31 09:40:00,2026-03-31 09:40:00,7,0,
TC101921,soporte_remoto,call_center,internet,LENTITUD E INTERMITENCIA,,solucionado,2026-03-31 09:40:00,2026-03-31 10:05:00,10,1,
DQ101922,soporte_remoto,call_center,internet,LENTITUD E INTERMITENCIA,,solucionado,2026-03-31 09:50:00,2026-04-01 10:20:00,0,1,
VG101923,soporte_remoto,call_center,internet_tv,LENTITUD E INTERMITENCIA,,solucionado,2026-03-31 09:50:00,2026-03-31 10:35:00,4,1,
DQ101924,soporte_remoto,call_center,internet_tv,LENTITUD E INTERMITENCIA,,solucionado,2026-03-31 10:00:00,2026-04-01 11:50:00,12,0,
TC101925,soporte_remoto,caja,internet,LENTITUD E INTERMITENCIA,,solucionado,2026-03-31 10:10:00,2026-04-07 10:35:00,10,0,
SR102218,cambio_plan,whatsapp,,,,solucionado,2026-03-31 10:20:00,2026-04-09 16:55:00,5,7,
SR103414,cambio_plan,whatsapp,,,,solucionado,2026-03-31 10:25:00,2026-04-09 16:30:00,14,7,
DQ101926,soporte_remoto,call_center,internet_tv,LENTITUD E INTERMITENCIA,,cerrado_sin_contacto,2026-03-31 10:30:00,2026-04-08 08:30:00,12,0,
DQ101018,soporte_remoto,whatsapp,internet,LENTITUD E INTERMITENCIA,,cerrado_sin_contacto,2026-03-31 10:30:00,2026-04-01 12:35:00,5,2,
VG103615,cambio_plan,call_center,,,,solucionado,2026-03-31 10:30:00,2026-04-09 16:30:00,6,7,
C103616,cambio_plan,caja,,,,solucionado,2026-03-31 10:40:00,2026-04-09 16:25:00,17,7,
SG103617,cambio_plan,call_center,,,,solucionado,2026-03-31 10:45:00,2026-04-09 16:20:00,3,7,
C103618,cambio_plan,whatsapp,,,,solucionado,2026-03-31 10:50:00,2026-04-24 17:45:00,17,3,
DQ101927,soporte_remoto,whatsapp,internet,LENTITUD E INTERMITENCIA,,solucionado,2026-03-31 11:00:00,2026-04-01 10:00:00,12,2,
SR101928,soporte_remoto,whatsapp,internet,LENTITUD E INTERMITENCIA,,cerrado_sin_contacto,2026-03-31 11:25:00,2026-04-01 13:45:00,0,2,
TCF101929,soporte_remoto,whatsapp,internet,LENTITUD E INTERMITENCIA,,cancelado,2026-03-31 11:45:00,2026-04-01 11:20:00,4,1,
DQ101930,soporte_remoto,whatsapp,internet,LENTITUD E INTERMITENCIA,,solucionado,2026-03-31 11:45:00,2026-04-01 11:10:00,0,1,
DQ100373,sin_internet,call_center,internet,,VLAN DUPLICADA,solucionado,2026-03-31 11:50:00,2026-03-31 16:05:00,0,4,
TC101493,soporte_remoto,call_center,internet_tv,LENTITUD E INTERMITENCIA,,solucionado,2026-03-31 11:50:00,2026-04-01 11:50:00,32,1,
SR100374,sin_internet,caja,internet,,MTU 1500,solucionado,2026-03-31 12:00:00,2026-03-31 16:20:00,1,0,
DQ101931,soporte_remoto,whatsapp,internet_tv,LENTITUD E INTERMITENCIA,,cerrado_sin_contacto,2026-03-31 12:00:00,2026-04-08 09:05:00,0,0,
DQ101932,soporte_remoto,caja,tv,CANALES LLUVIOSOS/PIXELADOS,,solucionado,2026-03-31 12:30:00,2026-04-06 10:30:00,12,0,
DQ101933,soporte_remoto,caja,tv,FALLAS CON LA TV,,cerrado_sin_contacto,2026-03-31 12:45:00,2026-04-08 09:15:00,0,0,
TC101935,soporte_remoto,whatsapp,internet,LENTITUD E INTERMITENCIA,,solucionado,2026-03-31 13:05:00,2026-04-01 15:45:00,6,2,
TCF101934,soporte_remoto,whatsapp,tv,SIN SEÑAL DE TV,,solucionado,2026-03-31 13:25:00,2026-04-04 09:10:00,4,1,
SR100076,soporte_remoto,whatsapp,internet,LENTITUD E INTERMITENCIA,,cerrado_sin_contacto,2026-03-31 13:50:00,2026-04-04 09:10:00,1,1,
DQ101259,soporte_remoto,call_center,internet,LENTITUD E INTERMITENCIA,,solucionado,2026-03-31 13:55:00,2026-04-04 11:20:00,12,1,
SR104029,cambio_titular,whatsapp,,,,solucionado,2026-03-31 14:00:00,2026-04-06 10:40:00,14,5,
DQ100779,cambio_plan,call_center,,,,solucionado,2026-03-31 14:05:00,2026-04-09 16:15:00,12,7,
DQ104030,cambio_titular,whatsapp,,,,solucionado,2026-03-31 14:10:00,2026-04-06 10:50:00,12,5,
CH100735,soporte_remoto,call_center,tv,SIN SEÑAL DE TV,,solucionado,2026-03-31 14:15:00,,2,1,
SR101937,soporte_remoto,whatsapp,internet,LENTITUD E INTERMITENCIA,,solucionado,2026-03-31 14:25:00,2026-04-04 15:50:00,16,2,
TC101938,soporte_remoto,whatsapp,internet,LENTITUD E INTERMITENCIA,,solucionado,2026-03-31 14:30:00,2026-04-04 15:35:00,27,2,
TC103619,cambio_plan,call_center,,,,solucionado,2026-03-31 14:35:00,2026-04-09 16:10:00,7,7,
SR101939,soporte_remoto,call_center,internet,LENTITUD E INTERMITENCIA,,solucionado,2026-03-31 14:45:00,2026-04-01 14:25:00,14,1,
DQ101940,soporte_remoto,call_center,internet,LENTITUD E INTERMITENCIA,,solucionado,2026-03-31 14:50:00,2026-04-04 11:10:00,0,2,
DQ101941,soporte_remoto,whatsapp,tv,CANALES INTERMITENTES,,solucionado,2026-03-31 14:50:00,2026-04-04 09:15:00,0,1,
TC101936,soporte_remoto,caja,internet,LENTITUD E INTERMITENCIA,,solucionado,2026-03-31 14:55:00,2026-04-01 09:00:00,16,2,
TC101942,soporte_remoto,call_center,internet,ERROR EN INGRESO A PÁGINAS,,solucionado,2026-03-31 15:05:00,2026-04-04 15:35:00,7,2,
TC101943,soporte_remoto,call_center,internet,LENTITUD E INTERMITENCIA,,solucionado,2026-03-31 15:10:00,2026-04-04 10:25:00,7,1,
TC101944,soporte_remoto,call_center,internet,LENTITUD E INTERMITENCIA,,solucionado,2026-03-31 15:10:00,2026-04-04 11:40:00,7,1,
SG101945,soporte_remoto,whatsapp,internet,LENTITUD E INTERMITENCIA,,solucionado,2026-03-31 15:10:00,2026-03-31 15:10:00,3,1,
DQ101290,soporte_remoto,call_center,tv,CANALES FALTANTES,,solucionado,2026-03-31 15:10:00,2026-04-01 11:10:00,12,1,
C103620,cambio_plan,whatsapp,,,,solucionado,2026-03-31 15:15:00,2026-04-24 17:45:00,8,3,
C103621,cambio_plan,whatsapp,,,,solucionado,2026-03-31 15:20:00,2026-04-24 17:50:00,17,3,
TCF101946,soporte_remoto,call_center,internet_tv,LENTITUD E INTERMITENCIA,,cerrado_sin_contacto,2026-03-31 15:45:00,2026-04-04 15:20:00,4,1,
DQ101947,soporte_remoto,call_center,internet_tv,LENTITUD E INTERMITENCIA,,cerrado_sin_contacto,2026-03-31 15:45:00,2026-04-04 10:00:00,12,1,
C101948,soporte_remoto,whatsapp,internet,LENTITUD E INTERMITENCIA,,cerrado_sin_contacto,2026-03-31 15:45:00,2026-04-04 10:20:00,20,1,
TCF101949,soporte_remoto,whatsapp,tv,SIN SEÑAL DE TV,,cancelado,2026-03-31 15:50:00,2026-04-06 11:00:00,4,0,
TC101950,soporte_remoto,whatsapp,internet_tv,LENTITUD E INTERMITENCIA,,solucionado,2026-03-31 16:15:00,2026-04-04 12:00:00,7,1,
SR100375,sin_internet,call_center,internet,,EQUIPO NO ENGANCHA,solucionado,2026-03-31 16:20:00,2026-04-01 16:00:00,1,4,
TC103623,cambio_plan,call_center,,,,solucionado,2026-03-31 16:40:00,2026-04-09 16:05:00,10,7,
VG103624,cambio_plan,whatsapp,,,,solucionado,2026-03-31 16:40:00,2026-04-09 16:00:00,6,7,
SR101951,soporte_remoto,call_center,internet_tv,FALLAS CON LA TV,,solucionado,2026-03-31 16:45:00,2026-04-04 16:50:00,14,2,
SR101952,soporte_remoto,whatsapp,internet,,,solucionado,2026-03-31 16:45:00,2026-04-04 16:50:00,1,2,
SG103625,cambio_plan,whatsapp,,,,solucionado,2026-03-31 16:50:00,2026-04-09 15:55:00,3,7,
DQ101953,soporte_remoto,caja,internet,ERROR EN INGRESO A PÁGINAS,,solucionado,2026-03-31 16:55:00,2026-03-31 16:55:00,12,1,
TC101955,soporte_remoto,caja,internet,LENTITUD E INTERMITENCIA,,solucionado,2026-03-31 17:00:00,2026-04-08 09:30:00,30,0,
TCF101954,soporte_remoto,whatsapp,internet,LENTITUD E INTERMITENCIA,,cerrado_sin_contacto,2026-03-31 17:05:00,2026-04-04 12:45:00,4,2,
TC101292,soporte_remoto,call_center,internet,LENTITUD E INTERMITENCIA,,cerrado_sin_contacto,2026-03-31 17:05:00,2026-04-04 13:15:00,0,2,
SR101956,soporte_remoto,whatsapp,internet,LENTITUD E INTERMITENCIA,,solucionado,2026-03-31 17:05:00,2026-04-06 11:50:00,1,1,
C103626,cambio_plan,whatsapp,,,,solucionado,2026-03-31 17:20:00,2026-04-24 17:50:00,8,3,
SG100376,sin_internet,call_center,internet,,BLOQUEO DE EQUIPO,solucionado,2026-03-31 17:50:00,2026-03-31 17:50:00,3,0,
TC100377,sin_internet,call_center,internet,,,solucionado,2026-03-31 17:55:00,2026-04-01 16:00:00,33,4,
TC101957,soporte_remoto,caja,internet,LENTITUD E INTERMITENCIA,,solucionado,2026-03-31 18:45:00,2026-04-06 13:30:00,23,1,
TC101958,soporte_remoto,call_center,internet,ERROR EN INGRESO A PÁGINAS,,solucionado,2026-03-31 18:50:00,2026-04-04 13:35:00,23,2,
SR103627,cambio_plan,whatsapp,,,,solucionado,2026-04-01 08:15:00,2026-04-09 17:50:00,1,3,
DQ101580,soporte_remoto,call_center,internet_tv,LENTITUD E INTERMITENCIA,,solucionado,2026-04-01 08:30:00,2026-04-01 16:55:00,0,2,
CH101551,soporte_remoto,whatsapp,tv,CANALES INTERMITENTES,,solucionado,2026-04-01 08:45:00,2026-04-06 16:20:00,2,1,
TC100378,sin_internet,call_center,internet,,FALLA MASIVA,solucionado,2026-04-01 08:50:00,2026-04-01 11:00:00,5,4,
SR101959,soporte_remoto,whatsapp,internet,LENTITUD E INTERMITENCIA,,cerrado_sin_contacto,2026-04-01 09:00:00,2026-04-08 10:30:00,1,0,
TCF101182,soporte_remoto,whatsapp,internet,LENTITUD E INTERMITENCIA,,solucionado,2026-04-01 09:00:00,2026-04-09 09:50:00,4,0,
DQ101115,soporte_remoto,call_center,internet,PROBLEMAS CON TEST DE VELOCIDAD,,cerrado_sin_contacto,2026-04-01 09:00:00,2026-04-07 08:50:00,4,2,
C101960,soporte_remoto,whatsapp,internet,LENTITUD E INTERMITENCIA,,cerrado_sin_contacto,2026-04-01 09:10:00,2026-04-08 10:35:00,42,0,
CH101144,soporte_remoto,call_center,tv,CANALES INTERMITENTES,,solucionado,2026-04-01 09:30:00,2026-04-06 15:10:00,2,1,
VG104031,cambio_titular,call_center,,,,solucionado,2026-04-01 09:30:00,2026-04-06 11:20:00,6,5,
TC101961,soporte_remoto,whatsapp,internet,LENTITUD E INTERMITENCIA,,cerrado_sin_contacto,2026-04-01 09:35:00,2026-04-06 09:00:00,7,1,
DQ101962,soporte_remoto,whatsapp,internet,LENTITUD E INTERMITENCIA,,cerrado_sin_contacto,2026-04-01 09:35:00,2026-04-06 08:45:00,11,2,
TC101963,soporte_remoto,whatsapp,internet_tv,LENTITUD E INTERMITENCIA,,cerrado_sin_contacto,2026-04-01 09:50:00,2026-04-06 13:00:00,11,2,
TC100379,sin_internet,call_center,internet,,FALLA MASIVA,solucionado,2026-04-01 10:00:00,2026-04-01 11:00:00,30,4,
SG101964,soporte_remoto,call_center,internet,LENTITUD E INTERMITENCIA,,solucionado,2026-04-01 10:10:00,2026-04-04 09:50:00,20,0,
SR101965,soporte_remoto,call_center,internet,LENTITUD E INTERMITENCIA,,solucionado,2026-04-01 10:30:00,2026-04-08 10:55:00,1,0,
TC100380,sin_internet,whatsapp,internet,,FALLA MASIVA,solucionado,2026-04-01 10:45:00,2026-04-01 11:00:00,30,4,
TC101966,soporte_remoto,call_center,internet,LENTITUD E INTERMITENCIA,,solucionado,2026-04-01 10:55:00,2026-04-06 12:10:00,30,0,
SR101967,soporte_remoto,caja,internet,LENTITUD E INTERMITENCIA,,solucionado,2026-04-01 11:05:00,2026-04-04 11:10:00,1,0,
VG103628,cambio_plan,call_center,,,,solucionado,2026-04-01 11:10:00,2026-04-09 17:50:00,6,3,
C100381,sin_internet,call_center,internet,,,solucionado,2026-04-01 11:15:00,2026-04-01 11:15:00,8,4,
DQ103629,cambio_plan,call_center,,,,solucionado,2026-04-01 11:15:00,2026-04-01 11:20:00,20,9,
DQ101968,soporte_remoto,call_center,internet,LENTITUD E INTERMITENCIA,,seguimiento,2026-04-01 11:30:00,,0,0,
DQ101878,soporte_remoto,caja,internet,LENTITUD E INTERMITENCIA,,solucionado,2026-04-01 11:45:00,2026-04-04 11:30:00,0,0,
DQ101969,soporte_remoto,call_center,internet,LENTITUD E INTERMITENCIA,,solucionado,2026-04-01 11:45:00,2026-04-04 11:40:00,0,0,
SG103630,cambio_plan,whatsapp,,,,solucionado,2026-04-01 11:50:00,2026-04-01 11:50:00,27,15,
TC100382,sin_internet,whatsapp,internet,,,solucionado,2026-04-01 12:05:00,2026-04-01 17:00:00,30,4,
DQ104032,cambio_titular,caja,,,,solucionado,2026-04-01 12:30:00,2026-04-06 15:30:00,10,5,
DQ104033,cambio_titular,whatsapp,,,,solucionado,2026-04-01 12:35:00,2026-04-06 17:00:00,10,5,
VG100644,soporte_remoto,caja,internet,PROBLEMAS CON TEST DE VELOCIDAD,,solucionado,2026-04-01 12:55:00,2026-04-06 12:45:00,19,0,
SG100383,sin_internet,call_center,internet,,,solucionado,2026-04-01 13:35:00,2026-04-01 17:00:00,3,4,
TCF103631,cambio_plan,call_center,,,,solucionado,2026-04-01 13:45:00,2026-04-09 17:50:00,32,3,
SR100612,soporte_remoto,whatsapp,internet,LENTITUD E INTERMITENCIA,,solucionado,2026-04-01 13:50:00,2026-04-06 16:00:00,1,1,
SR101970,soporte_remoto,call_center,internet,LENTITUD E INTERMITENCIA,,solucionado,2026-04-01 13:50:00,2026-04-01 14:40:00,1,1,
TC101971,soporte_remoto,whatsapp,tv,FALLAS CON LA TV,,solucionado,2026-04-01 14:05:00,2026-04-06 13:05:00,32,0,
TC101762,soporte_remoto,call_center,internet,LENTITUD E INTERMITENCIA,,cerrado_sin_contacto,2026-04-01 14:05:00,2026-04-06 09:30:00,32,1,
TC101972,soporte_remoto,call_center,internet,LENTITUD E INTERMITENCIA,,cerrado_sin_contacto,2026-04-01 14:10:00,2026-04-06 09:15:00,7,1,
DQ101892,soporte_remoto,call_center,internet,LENTITUD E INTERMITENCIA,,solucionado,2026-04-01 14:10:00,2026-04-06 15:50:00,16,1,
SR103632,cambio_plan,call_center,,,,solucionado,2026-04-01 14:10:00,2026-04-09 17:55:00,1,3,
CH103633,cambio_plan,whatsapp,,,,solucionado,2026-04-01 14:20:00,2026-04-01 14:20:00,21,8,
C103634,cambio_plan,whatsapp,,,,solucionado,2026-04-01 14:20:00,2026-04-09 17:55:00,17,3,
CH101973,soporte_remoto,call_center,internet_tv,LENTITUD E INTERMITENCIA,,solucionado,2026-04-01 14:35:00,2026-04-08 11:05:00,2,0,
DQ101331,soporte_remoto,call_center,internet,LENTITUD E INTERMITENCIA,,solucionado,2026-04-01 14:45:00,2026-04-13 08:35:00,0,0,
SR101790,soporte_remoto,whatsapp,internet,LENTITUD E INTERMITENCIA,,solucionado,2026-04-01 14:55:00,2026-04-08 15:15:00,1,0,
REBECA101974,soporte_remoto,call_center,internet,PROBLEMAS CON CÁMARAS/DVR,,solucionado,2026-04-01 15:10:00,2026-04-13 08:40:00,1,0,
TC101975,soporte_remoto,call_center,internet,LENTITUD E INTERMITENCIA,,solucionado,2026-04-01 15:10:00,2026-04-07 10:50:00,5,1,
SR101976,soporte_remoto,caja,tv,PROGRAMACIÓN DE TV,,solucionado,2026-04-01 15:25:00,2026-04-07 11:25:00,21,1,
TC100474,soporte_remoto,whatsapp,internet_tv,LENTITUD E INTERMITENCIA,,solucionado,2026-04-01 15:25:00,2026-04-09 11:10:00,4,0,
CH102209,cambio_titular,call_center,,,,solucionado,2026-04-01 15:25:00,2026-04-07 11:40:00,2,5,
TC101977,soporte_remoto,whatsapp,internet_tv,LENTITUD E INTERMITENCIA,,solucionado,2026-04-01 15:40:00,2026-04-09 10:25:00,5,0,
TC101978,soporte_remoto,caja,internet,LENTITUD E INTERMITENCIA,,cancelado,2026-04-01 15:55:00,2026-04-06 17:55:00,32,2,
DQ101617,soporte_remoto,call_center,internet_tv,LENTITUD E INTERMITENCIA,,cerrado_sin_contacto,2026-04-01 16:20:00,2026-04-07 08:50:00,12,2,
DQ104034,cambio_titular,call_center,,,,solucionado,2026-04-01 16:30:00,2026-04-07 12:40:00,10,5,
SG101570,soporte_remoto,whatsapp,internet_tv,LENTITUD E INTERMITENCIA,,solucionado,2026-04-01 17:00:00,2026-04-07 09:05:00,9,2,
SG103635,cambio_plan,caja,,,,solucionado,2026-04-01 17:00:00,2026-04-29 12:25:00,3,3,
TCF103636,cambio_plan,call_center,,,,solucionado,2026-04-01 17:30:00,2026-04-09 17:55:00,4,3,
SG103637,cambio_plan,call_center,,,,solucionado,2026-04-01 17:30:00,2026-04-09 18:00:00,3,3,
SG103638,cambio_plan,call_center,,,,solucionado,2026-04-01 17:50:00,2026-04-09 18:00:00,3,3,
SG102436,cambio_plan,call_center,,,,solucionado,2026-04-01 18:00:00,2026-04-09 18:00:00,9,3,
SG101979,soporte_remoto,whatsapp,internet,ERROR EN INGRESO A PÁGINAS,,solucionado,2026-04-01 18:40:00,2026-04-07 09:10:00,24,2,
TC103639,cambio_plan,call_center,,,,solucionado,2026-04-05 14:15:00,2026-04-05 15:15:00,21,8,
DQ101980,soporte_remoto,call_center,internet,LENTITUD E INTERMITENCIA,,solucionado,2026-04-06 08:10:00,2026-04-13 08:50:00,12,0,
C103640,cambio_plan,whatsapp,,,,solucionado,2026-04-06 08:45:00,2026-04-29 12:25:00,13,3,
TCF101587,soporte_remoto,call_center,internet,LENTITUD E INTERMITENCIA,,solucionado,2026-04-06 08:50:00,2026-04-09 10:40:00,4,0,
SR101981,soporte_remoto,whatsapp,internet,LENTITUD E INTERMITENCIA,,cerrado_sin_contacto,2026-04-06 08:50:00,2026-04-07 10:00:00,1,1,
DQ104035,cambio_titular,call_center,,,,solucionado,2026-04-06 08:50:00,2026-04-07 13:05:00,12,5,
DQ101982,soporte_remoto,call_center,internet,LENTITUD E INTERMITENCIA,,solucionado,2026-04-06 09:00:00,2026-04-07 09:35:00,4,2,
CH101983,soporte_remoto,whatsapp,internet,LENTITUD E INTERMITENCIA,,solucionado,2026-04-06 09:00:00,2026-04-07 16:35:00,2,1,
SR101984,soporte_remoto,call_center,internet,LENTITUD E INTERMITENCIA,,cerrado_sin_contacto,2026-04-06 09:20:00,2026-04-07 10:10:00,1,1,
TC101992,soporte_remoto,call_center,internet,LENTITUD E INTERMITENCIA,,solucionado,2026-04-06 09:25:00,2026-04-15 11:30:00,7,0,
TC101985,soporte_remoto,call_center,internet,PROBLEMAS CON TEST DE VELOCIDAD,,cerrado_sin_contacto,2026-04-06 09:30:00,2026-04-15 11:10:00,16,0,
TCF100491,soporte_remoto,caja,internet,LENTITUD E INTERMITENCIA,,solucionado,2026-04-06 09:30:00,2026-04-15 11:15:00,4,0,
C101986,soporte_remoto,whatsapp,internet,LENTITUD E INTERMITENCIA,,cerrado_sin_contacto,2026-04-06 09:35:00,2026-04-07 15:15:00,17,1,
SR101987,soporte_remoto,call_center,internet,LENTITUD E INTERMITENCIA,,cerrado_sin_contacto,2026-04-06 09:35:00,2026-04-07 12:50:00,1,1,
SR101988,soporte_remoto,call_center,internet,LENTITUD E INTERMITENCIA,,cerrado_sin_contacto,2026-04-06 09:35:00,2026-04-07 13:00:00,1,1,
SR101989,soporte_remoto,call_center,internet,LENTITUD E INTERMITENCIA,,solucionado,2026-04-06 09:45:00,2026-04-08 12:20:00,1,1,
SR101990,soporte_remoto,call_center,internet,LENTITUD E INTERMITENCIA,,seguimiento,2026-04-06 09:45:00,,1,1,
TCF100384,sin_internet,whatsapp,internet,,BLOQUEO DE EQUIPO,solucionado,2026-04-06 10:15:00,2026-04-06 11:45:00,4,0,
TC101991,soporte_remoto,caja,internet_tv,FALLAS CON LA TV,,solucionado,2026-04-06 10:20:00,2026-04-06 16:55:00,30,2,
C103642,cambio_plan,call_center,,,,solucionado,2026-04-06 10:25:00,2026-05-02 09:10:00,17,3,
DQ101993,soporte_remoto,whatsapp,internet,LENTITUD E INTERMITENCIA,,solucionado,2026-04-06 10:40:00,2026-04-07 09:55:00,10,2,
TC101994,soporte_remoto,call_center,internet_tv,LENTITUD E INTERMITENCIA,,solucionado,2026-04-06 10:45:00,2026-04-09 14:40:00,5,0,
DQ101370,soporte_remoto,call_center,internet,LENTITUD E INTERMITENCIA,,solucionado,2026-04-06 11:00:00,2026-04-07 11:05:00,12,2,
TCF103641,cambio_plan,caja,,,,solucionado,2026-04-06 11:25:00,2026-04-09 18:05:00,4,3,
TC101898,soporte_remoto,call_center,internet,ERROR EN INGRESO A PÁGINAS,,cerrado_sin_contacto,2026-04-06 11:40:00,2026-04-16 08:55:00,16,0,
SR101995,soporte_remoto,call_center,internet,LENTITUD E INTERMITENCIA,,solucionado,2026-04-06 11:45:00,2026-04-08 13:30:00,1,1,
C101996,soporte_remoto,whatsapp,internet,LENTITUD E INTERMITENCIA,,cerrado_sin_contacto,2026-04-06 12:00:00,2026-04-08 16:05:00,17,1,
DQ101997,soporte_remoto,call_center,internet,LENTITUD E INTERMITENCIA,,solucionado,2026-04-06 12:30:00,2026-04-07 10:30:00,12,2,
DQ101998,soporte_remoto,call_center,tv,CANALES FALTANTES,,cerrado_sin_contacto,2026-04-06 12:45:00,2026-04-07 10:30:00,4,2,
SG104036,cambio_titular,call_center,,,,solucionado,2026-04-06 13:00:00,2026-04-07 15:20:00,9,5,
SG101851,soporte_remoto,whatsapp,internet,STREAMING CON FALLAS,,solucionado,2026-04-06 13:20:00,2026-04-07 09:15:00,25,2,
TC101999,soporte_remoto,call_center,tv,CANALES FALTANTES,,solucionado,2026-04-06 13:55:00,2026-04-06 13:55:00,11,2,
C102000,soporte_remoto,caja,internet,LENTITUD E INTERMITENCIA,,solucionado,2026-04-06 13:55:00,2026-04-06 13:55:00,11,2,
TCF103643,cambio_plan,whatsapp,,,,solucionado,2026-04-06 14:00:00,2026-04-29 12:30:00,10,3,
C102001,soporte_remoto,whatsapp,internet,LENTITUD E INTERMITENCIA,,cerrado_sin_contacto,2026-04-06 14:05:00,2026-04-06 14:05:00,11,2,
C102002,soporte_remoto,whatsapp,internet,LENTITUD E INTERMITENCIA,,solucionado,2026-04-06 14:05:00,2026-04-06 14:05:00,11,2,
C102003,soporte_remoto,caja,internet,LENTITUD E INTERMITENCIA,,cerrado_sin_contacto,2026-04-06 14:10:00,2026-04-08 08:45:00,17,1,
C102004,soporte_remoto,whatsapp,tv,PROGRAMACIÓN DE TV,,cerrado_sin_contacto,2026-04-06 14:15:00,2026-04-08 08:50:00,17,1,
TC102005,soporte_remoto,call_center,internet,LENTITUD E INTERMITENCIA,,solucionado,2026-04-06 14:30:00,2026-04-15 09:30:00,7,0,
TCF102006,soporte_remoto,whatsapp,internet,LENTITUD E INTERMITENCIA,,cerrado_sin_contacto,2026-04-06 14:35:00,2026-04-16 09:35:00,4,0,
TC102007,soporte_remoto,call_center,internet_tv,LENTITUD E INTERMITENCIA,,cerrado_sin_contacto,2026-04-06 14:40:00,2026-04-16 09:50:00,4,0,
C102008,soporte_remoto,call_center,internet,LENTITUD E INTERMITENCIA,,solucionado,2026-04-06 14:45:00,2026-04-08 16:30:00,17,1,
CH101640,soporte_remoto,call_center,tv,PROGRAMACIÓN DE TV,,solucionado,2026-04-06 15:00:00,2026-04-08 16:55:00,2,1,
C102009,soporte_remoto,call_center,tv,CANALES LLUVIOSOS/PIXELADOS,,solucionado,2026-04-06 15:10:00,2026-04-08 17:00:00,17,1,
TCF102010,soporte_remoto,whatsapp,internet_tv,LENTITUD E INTERMITENCIA,,solucionado,2026-04-06 15:15:00,2026-04-13 11:30:00,4,0,
C102011,soporte_remoto,call_center,internet,LENTITUD E INTERMITENCIA,,cerrado_sin_contacto,2026-04-06 15:15:00,2026-04-08 11:40:00,17,1,
C102012,soporte_remoto,call_center,internet,LENTITUD E INTERMITENCIA,,cerrado_sin_contacto,2026-04-06 15:25:00,2026-04-08 11:30:00,29,1,
VG102013,soporte_remoto,call_center,internet,LENTITUD E INTERMITENCIA,,solucionado,2026-04-06 15:25:00,2026-04-09 16:00:00,6,0,
TC102014,soporte_remoto,whatsapp,internet_tv,LENTITUD E INTERMITENCIA,,solucionado,2026-04-06 15:30:00,2026-04-13 11:45:00,5,0,
SR101199,soporte_remoto,caja,internet,LENTITUD E INTERMITENCIA,,cerrado_sin_contacto,2026-04-06 15:30:00,2026-04-08 10:00:00,1,1,
TC102015,soporte_remoto,call_center,tv,PROGRAMACIÓN DE TV,,solucionado,2026-04-06 15:40:00,2026-04-13 11:00:00,5,0,
DQ102016,soporte_remoto,caja,tv,FALLAS CON LA TV,,cerrado_sin_contacto,2026-04-06 15:50:00,2026-04-07 15:35:00,29,2,
SR102017,soporte_remoto,caja,internet,LENTITUD E INTERMITENCIA,,solucionado,2026-04-06 15:55:00,2026-04-06 15:55:00,14,2,
TC102018,soporte_remoto,caja,internet,LENTITUD E INTERMITENCIA,,cerrado_sin_contacto,2026-04-06 16:10:00,2026-04-16 10:10:00,7,0,
SR102019,soporte_remoto,call_center,internet,LENTITUD E INTERMITENCIA,,solucionado,2026-04-06 16:45:00,2026-04-09 14:35:00,14,1,
TC103644,cambio_plan,whatsapp,,,,solucionado,2026-04-06 16:50:00,2026-04-29 12:30:00,21,3,
TC103645,cambio_plan,whatsapp,,,,solucionado,2026-04-06 17:00:00,2026-04-09 18:05:00,30,3,
TCF102021,soporte_remoto,whatsapp,internet_tv,LENTITUD E INTERMITENCIA,,cerrado_sin_contacto,2026-04-06 17:05:00,2026-04-16 10:30:00,4,0,
C102022,soporte_remoto,call_center,tv,PROGRAMACIÓN DE TV,,solucionado,2026-04-06 17:20:00,2026-04-09 10:30:00,17,1,
C100415,soporte_remoto,call_center,tv,CANALES LLUVIOSOS/PIXELADOS,,solucionado,2026-04-06 17:20:00,2026-04-09 11:20:00,8,1,
C102020,soporte_remoto,call_center,internet,LENTITUD E INTERMITENCIA,,solucionado,2026-04-06 17:40:00,2026-04-09 09:20:00,17,1,
DQ102023,soporte_remoto,caja,internet,LENTITUD E INTERMITENCIA,,cerrado_sin_contacto,2026-04-06 17:40:00,2026-04-07 10:40:00,0,2,
DQ102024,soporte_remoto,call_center,tv,CANALES LLUVIOSOS/PIXELADOS,,cerrado_sin_contacto,2026-04-06 17:40:00,2026-04-07 16:50:00,0,2,
DQ102025,soporte_remoto,whatsapp,internet,LENTITUD E INTERMITENCIA,,solucionado,2026-04-06 17:40:00,2026-04-07 09:35:00,0,2,
SG101613,cambio_plan,call_center,,,,solucionado,2026-04-06 18:00:00,2026-04-09 18:05:00,3,3,
SG103646,cambio_plan,whatsapp,,,,solucionado,2026-04-06 18:00:00,2026-04-09 18:10:00,3,3,
C100385,sin_internet,call_center,internet,,WIFI RESETEADO,solucionado,2026-04-06 19:00:00,2026-04-07 15:10:00,19,0,
DQ102026,soporte_remoto,whatsapp,internet,LENTITUD E INTERMITENCIA,,solucionado,2026-04-06 19:20:00,2026-04-07 09:40:00,23,2,
DQ102027,soporte_remoto,call_center,tv,CANALES FALTANTES,,cerrado_sin_contacto,2026-04-07 08:10:00,2026-04-08 13:15:00,12,2,
VG102028,soporte_remoto,whatsapp,tv,SIN SEÑAL DE TV,,solucionado,2026-04-07 08:30:00,2026-04-09 12:00:00,6,1,
VG102029,soporte_remoto,call_center,internet,LENTITUD E INTERMITENCIA,,solucionado,2026-04-07 08:35:00,2026-04-09 16:25:00,6,1,
SR102030,soporte_remoto,caja,tv,FALLAS CON LA TV,,solucionado,2026-04-07 08:40:00,2026-04-09 10:50:00,1,1,
DQ102031,soporte_remoto,whatsapp,internet_tv,LENTITUD E INTERMITENCIA,,solucionado,2026-04-07 08:40:00,2026-04-08 12:30:00,12,2,
VG100446,soporte_remoto,whatsapp,internet,LENTITUD E INTERMITENCIA,,cerrado_sin_contacto,2026-04-07 08:45:00,2026-04-09 10:05:00,6,1,
C102044,soporte_remoto,whatsapp,tv,FALLAS CON LA TV,,solucionado,2026-04-07 09:00:00,2026-04-09 12:30:00,13,1,
SR102032,soporte_remoto,call_center,tv,SIN SEÑAL DE TV,,solucionado,2026-04-07 09:20:00,2026-04-09 10:40:00,1,1,
TC102033,soporte_remoto,call_center,internet,LENTITUD E INTERMITENCIA,,solucionado,2026-04-07 09:20:00,2026-04-16 10:50:00,0,0,
DQ104037,cambio_titular,caja,,,,solucionado,2026-04-07 09:35:00,2026-04-07 13:30:00,12,5,
DQ102034,soporte_remoto,call_center,internet,LENTITUD E INTERMITENCIA,,solucionado,2026-04-07 09:40:00,2026-04-08 10:25:00,12,2,
SR102049,soporte_remoto,call_center,tv,ERROR EN INGRESO A PÁGINAS,,cerrado_sin_contacto,2026-04-07 09:55:00,2026-04-10 08:55:00,17,1,
C100386,sin_internet,whatsapp,internet,,NIVELES CRÍTICOS,solucionado,2026-04-07 10:00:00,2026-04-07 13:15:00,15,0,
DQ100387,sin_internet,call_center,internet,,,solucionado,2026-04-07 10:15:00,2026-04-07 15:35:00,16,0,
C100388,sin_internet,whatsapp,internet,,,solucionado,2026-04-07 10:15:00,2026-04-07 16:00:00,15,0,
TC102035,soporte_remoto,caja,internet,LENTITUD E INTERMITENCIA,,solucionado,2026-04-07 10:15:00,2026-04-13 12:10:00,0,0,
SG102036,soporte_remoto,call_center,internet,LENTITUD E INTERMITENCIA,,solucionado,2026-04-07 10:25:00,2026-04-08 14:15:00,3,2,
SR100389,sin_internet,caja,internet,,BLOQUEO DE EQUIPO,solucionado,2026-04-07 10:30:00,2026-04-09 14:00:00,1,2,
TC102037,soporte_remoto,call_center,internet,LENTITUD E INTERMITENCIA,,solucionado,2026-04-07 11:05:00,2026-04-16 11:05:00,0,0,
TC102038,soporte_remoto,call_center,internet,LENTITUD E INTERMITENCIA,,solucionado,2026-04-07 11:10:00,2026-04-16 11:20:00,4,0,
SR101491,soporte_remoto,call_center,internet,LENTITUD E INTERMITENCIA,,solucionado,2026-04-07 11:25:00,2026-04-09 15:35:00,1,1,
VG100390,sin_internet,call_center,internet,,WIFI DESACTIVADO,solucionado,2026-04-07 11:30:00,2026-04-07 16:20:00,6,0,
SR102039,soporte_remoto,whatsapp,tv,CANALES LLUVIOSOS/PIXELADOS,,solucionado,2026-04-07 11:35:00,2026-04-09 14:45:00,1,1,
SG102556,cambio_plan,whatsapp,,,,solucionado,2026-04-07 11:40:00,2026-04-07 11:40:00,19,11,
TCF102040,soporte_remoto,call_center,internet,LENTITUD E INTERMITENCIA,,cerrado_sin_contacto,2026-04-07 11:45:00,2026-04-17 11:30:00,4,0,
TC100391,sin_internet,call_center,internet,,FALLA DE FIBRA,solucionado,2026-04-07 12:30:00,2026-04-07 16:25:00,7,0,
VG100621,soporte_remoto,call_center,internet,LENTITUD E INTERMITENCIA,,cerrado_sin_contacto,2026-04-07 13:10:00,2026-04-17 11:30:00,6,0,
DQ102041,soporte_remoto,whatsapp,internet,LENTITUD E INTERMITENCIA,,solucionado,2026-04-07 13:10:00,2026-04-08 13:55:00,12,2,
TC102042,soporte_remoto,call_center,internet,LENTITUD E INTERMITENCIA,,solucionado,2026-04-07 13:25:00,2026-04-13 15:25:00,0,0,
TC103647,cambio_plan,call_center,,,,solucionado,2026-04-07 13:55:00,2026-04-07 13:55:00,20,9,
TC102043,soporte_remoto,call_center,internet,LENTITUD E INTERMITENCIA,,cerrado_sin_contacto,2026-04-07 14:15:00,2026-04-17 11:50:00,30,0,
TC100392,sin_internet,whatsapp,internet,,BLOQUEO DE EQUIPO,solucionado,2026-04-07 14:35:00,2026-04-07 16:40:00,7,0,
DQ102045,soporte_remoto,whatsapp,internet,PROBLEMAS CON TEST DE VELOCIDAD,,cancelado,2026-04-07 14:55:00,2026-04-08 08:40:00,24,2,
CH102046,soporte_remoto,whatsapp,internet_tv,LENTITUD E INTERMITENCIA,,cerrado_sin_contacto,2026-04-07 16:10:00,2026-04-09 12:40:00,2,1,
DQ102047,soporte_remoto,call_center,tv,SIN SEÑAL DE TV,,cerrado_sin_contacto,2026-04-07 16:15:00,2026-04-08 11:10:00,5,2,
VG100286,soporte_remoto,call_center,internet,LENTITUD E INTERMITENCIA,,solucionado,2026-04-07 16:30:00,2026-04-10 09:20:00,6,0,
TC100393,sin_internet,call_center,internet,,FALLA DE FIBRA,solucionado,2026-04-07 16:40:00,2026-04-07 17:10:00,30,0,
TC102048,soporte_remoto,call_center,internet,HABILITACIÓN DE PUERTOS,,solucionado,2026-04-07 16:55:00,2026-04-13 15:40:00,0,0,
TCF100267,sin_internet,call_center,internet,,WIFI DESACTIVADO,solucionado,2026-04-07 17:15:00,2026-04-07 17:50:00,4,0,
DQ100394,sin_internet,whatsapp,internet,,WIFI DESACTIVADO,solucionado,2026-04-07 17:20:00,2026-04-10 08:35:00,4,0,
DQ101730,soporte_remoto,whatsapp,internet,LENTITUD E INTERMITENCIA,,solucionado,2026-04-07 17:45:00,2026-04-08 09:25:00,5,2,
TC101092,soporte_remoto,call_center,internet,LENTITUD E INTERMITENCIA,,solucionado,2026-04-07 17:45:00,2026-04-13 16:30:00,0,0,
DQ103648,cambio_plan,call_center,,,,solucionado,2026-04-07 18:20:00,,30,,
C102059,soporte_remoto,call_center,internet,LENTITUD E INTERMITENCIA,,cerrado_sin_contacto,2026-04-08 09:00:00,2026-04-10 09:10:00,,1,
TC100395,sin_internet,call_center,internet,,FALLA DE FIBRA,solucionado,2026-04-08 10:10:00,2026-04-08 15:00:00,0,0,
TCF100396,sin_internet,call_center,internet,,MTU 1500,solucionado,2026-04-08 10:10:00,2026-04-15 08:50:00,22,0,
TC102050,soporte_remoto,whatsapp,internet,LENTITUD E INTERMITENCIA,,solucionado,2026-04-08 10:10:00,2026-04-13 16:55:00,5,0,
SR100374,soporte_remoto,whatsapp,internet,ERROR EN INGRESO A PÁGINAS,,solucionado,2026-04-08 11:00:00,2026-04-10 10:15:00,1,1,
C102051,soporte_remoto,whatsapp,internet_tv,LENTITUD E INTERMITENCIA,,cerrado_sin_contacto,2026-04-08 11:45:00,2026-04-10 09:00:00,15,1,
C102052,soporte_remoto,call_center,internet,LENTITUD E INTERMITENCIA,,solucionado,2026-04-08 11:45:00,2026-04-08 11:55:00,11,2,
C102068,soporte_remoto,call_center,internet,SIN SEÑAL DE TV,,solucionado,2026-04-08 12:45:00,2026-04-09 12:45:00,11,2,
C103649,cambio_plan,whatsapp,,,,solucionado,2026-04-08 12:45:00,,16,,
TC102053,soporte_remoto,call_center,internet,HABILITACIÓN DE PUERTOS,,solucionado,2026-04-08 13:10:00,2026-04-10 11:00:00,24,0,
TC102054,soporte_remoto,call_center,internet_tv,LENTITUD E INTERMITENCIA,,solucionado,2026-04-08 13:30:00,2026-04-10 11:35:00,0,0,
SG102055,soporte_remoto,call_center,internet,LENTITUD E INTERMITENCIA,,solucionado,2026-04-08 14:10:00,2026-04-09 10:25:00,3,2,
TC103650,cambio_plan,whatsapp,,,,solucionado,2026-04-08 14:20:00,2026-04-29 12:35:00,20,3,
DQ102056,soporte_remoto,call_center,internet,LENTITUD E INTERMITENCIA,,solucionado,2026-04-08 14:25:00,2026-04-09 11:40:00,4,2,
CH102057,soporte_remoto,whatsapp,internet,PROBLEMAS CON TEST DE VELOCIDAD,,solucionado,2026-04-08 14:25:00,2026-04-10 11:20:00,2,1,
TC103651,cambio_plan,whatsapp,,,,solucionado,2026-04-08 14:25:00,2026-04-09 10:35:00,32,3,
TC102058,soporte_remoto,call_center,tv,FALLAS CON LA TV,,solucionado,2026-04-08 15:10:00,2026-04-10 11:55:00,0,0,
DQ103652,cambio_plan,call_center,,,,solucionado,2026-04-08 15:30:00,2026-04-10 12:10:00,4,3,
DQ100354,soporte_remoto,call_center,tv,SIN SEÑAL DE TV,,solucionado,2026-04-08 15:45:00,2026-04-09 11:45:00,12,2,
VG103653,cambio_plan,call_center,,,,solucionado,2026-04-08 16:00:00,2026-04-29 13:10:00,6,3,
C100385,soporte_remoto,call_center,internet,LENTITUD E INTERMITENCIA,,cerrado_sin_contacto,2026-04-08 16:15:00,2026-04-10 09:15:00,27,1,
DQ103654,cambio_plan,caja,,,,solucionado,2026-04-08 16:40:00,2026-04-10 12:15:00,12,3,
TC102060,soporte_remoto,whatsapp,internet,LENTITUD E INTERMITENCIA,,solucionado,2026-04-08 16:50:00,2026-04-13 17:15:00,7,0,
SG102061,soporte_remoto,call_center,internet,LENTITUD E INTERMITENCIA,,solucionado,2026-04-08 16:50:00,2026-04-09 10:00:00,23,2,
SR102062,soporte_remoto,whatsapp,internet,ERROR EN INGRESO A PÁGINAS,,solucionado,2026-04-08 17:40:00,2026-04-10 11:55:00,43,1,
SR101842,cambio_plan,call_center,,,,solucionado,2026-04-08 17:45:00,2026-04-10 12:55:00,1,3,
C103655,cambio_plan,call_center,,,,solucionado,2026-04-08 17:45:00,2026-04-29 13:10:00,15,3,
SG103657,cambio_plan,caja,,,,solucionado,2026-04-08 18:00:00,2026-04-09 15:15:00,9,,
SR102070,cambio_plan,call_center,,,,solucionado,2026-04-08 18:05:00,2026-04-08 18:05:00,20,9,
SG103656,cambio_plan,call_center,,,,solucionado,2026-04-08 18:05:00,2026-04-29 13:15:00,,3,
TC102063,soporte_remoto,call_center,tv,SIN SEÑAL DE TV,,solucionado,2026-04-09 08:45:00,2026-04-09 09:35:00,11,2,
TC102064,soporte_remoto,call_center,internet,PROBLEMAS CON TEST DE VELOCIDAD,,cerrado_sin_contacto,2026-04-09 08:50:00,2026-04-17 12:05:00,4,0,
TC102091,cambio_plan,whatsapp,,,,solucionado,2026-04-09 09:25:00,2026-04-11 16:10:00,7,3,
C104038,cambio_titular,call_center,,,,solucionado,2026-04-09 10:15:00,2026-04-09 12:15:00,13,5,
TCF101402,soporte_remoto,whatsapp,internet,LENTITUD E INTERMITENCIA,,solucionado,2026-04-09 10:20:00,2026-04-13 15:05:00,4,7,
TC100397,sin_internet,call_center,internet,,FALLA DE FIBRA,solucionado,2026-04-09 10:30:00,2026-04-09 12:35:00,30,0,
TCF102065,soporte_remoto,call_center,tv,PROGRAMACIÓN DE TV,,cerrado_sin_contacto,2026-04-09 10:40:00,2026-04-17 12:10:00,4,0,
VG100398,sin_internet,call_center,internet,,BLOQUEO DE EQUIPO,solucionado,2026-04-09 11:10:00,2026-04-09 12:50:00,6,0,
DQ101321,soporte_remoto,call_center,internet,LENTITUD E INTERMITENCIA,,solucionado,2026-04-09 11:25:00,2026-04-10 11:10:00,5,2,
C103658,cambio_plan,whatsapp,,,,solucionado,2026-04-09 11:30:00,2026-04-11 16:25:00,15,3,
TC100399,sin_internet,caja,internet,,FALLA DE FIBRA,solucionado,2026-04-09 11:55:00,2026-04-09 12:55:00,0,0,
DQ103659,cambio_plan,call_center,,,,solucionado,2026-04-09 12:00:00,2026-04-09 12:00:00,21,8,
TC102066,soporte_remoto,whatsapp,tv,SIN SEÑAL DE TV,,solucionado,2026-04-09 12:05:00,2026-04-09 12:15:00,11,2,
SG102067,soporte_remoto,whatsapp,internet,LENTITUD E INTERMITENCIA,,solucionado,2026-04-09 12:15:00,2026-04-10 10:15:00,3,2,
TCF100400,sin_internet,call_center,internet,,FALLA DE FIBRA,solucionado,2026-04-09 13:05:00,2026-04-09 16:25:00,22,0,
DQ100401,sin_internet,call_center,internet,,FALLA DE FIBRA,solucionado,2026-04-09 13:05:00,2026-04-09 16:30:00,22,0,
C103660,cambio_plan,whatsapp,,,,solucionado,2026-04-09 13:45:00,2026-05-02 09:15:00,13,3,
DQ103661,cambio_plan,whatsapp,,,,solucionado,2026-04-09 14:05:00,2026-04-29 17:05:00,24,3,
TC102069,soporte_remoto,whatsapp,internet_tv,PROGRAMACIÓN DE TV,,cerrado_sin_contacto,2026-04-09 14:15:00,2026-04-09 15:40:00,30,0,
SG100402,sin_internet,call_center,internet,,BLOQUEO DE EQUIPO,solucionado,2026-04-09 14:30:00,2026-04-09 16:45:00,3,0,
SR102070,soporte_remoto,caja,internet,STREAMING CON FALLAS,,solucionado,2026-04-09 14:45:00,2026-04-15 15:35:00,23,1,
TC103662,cambio_plan,call_center,,,,solucionado,2026-04-09 15:15:00,2026-04-29 17:10:00,21,3,
TC103663,cambio_plan,call_center,,,,solucionado,2026-04-09 15:20:00,2026-04-11 16:30:00,25,3,
SR102071,soporte_remoto,call_center,internet_tv,CANALES FALTANTES,,solucionado,2026-04-09 15:35:00,2026-04-09 15:35:00,14,2,
C103664,cambio_plan,whatsapp,,,,solucionado,2026-04-09 15:35:00,2026-04-09 15:55:00,17,3,
TC103020,cambio_plan,call_center,,,,solucionado,2026-04-09 16:20:00,2026-04-11 16:30:00,7,3,
DQ103665,cambio_plan,call_center,,,,cancelado,2026-04-09 16:55:00,,34,3,
TC103666,cambio_plan,caja,,,,solucionado,2026-04-09 17:05:00,2026-04-11 16:35:00,26,3,
TC102072,soporte_remoto,whatsapp,internet,LENTITUD E INTERMITENCIA,,solucionado,2026-04-09 17:45:00,2026-04-14 09:05:00,4,0,
TC102072,cambio_plan,call_center,,,,solucionado,2026-04-09 17:55:00,2026-04-11 16:30:00,4,3,
SR103667,cambio_plan,call_center,,,,solucionado,2026-04-09 17:55:00,2026-04-30 11:20:00,14,3,
SR100403,sin_internet,call_center,internet,,BLOQUEO DE EQUIPO,solucionado,2026-04-09 19:00:00,2026-04-10 08:25:00,19,0,
DQ102073,soporte_remoto,call_center,internet,PROBLEMAS CON CÁMARAS/DVR,,solucionado,2026-04-09 19:05:00,2026-04-10 08:55:00,20,2,
SR100786,soporte_remoto,call_center,internet,STREAMING CON FALLAS,,cerrado_sin_contacto,2026-04-10 08:45:00,2026-04-13 09:25:00,25,1,
DQ102074,soporte_remoto,call_center,internet,LENTITUD E INTERMITENCIA,,solucionado,2026-04-10 08:55:00,2026-04-10 08:55:00,11,2,
VG102075,soporte_remoto,call_center,internet,LENTITUD E INTERMITENCIA,,solucionado,2026-04-10 08:55:00,2026-04-13 11:20:00,6,1,
TC102080,soporte_remoto,call_center,tv,CANALES FALTANTES,,solucionado,2026-04-10 09:00:00,2026-04-17 12:30:00,0,0,
TC102076,soporte_remoto,call_center,tv,SIN SEÑAL DE TV,,cerrado_sin_contacto,2026-04-10 09:10:00,2026-04-17 12:20:00,0,0,
TC102077,soporte_remoto,call_center,internet,LENTITUD E INTERMITENCIA,,solucionado,2026-04-10 09:45:00,2026-04-14 10:30:00,0,0,
VG102079,soporte_remoto,call_center,internet,LENTITUD E INTERMITENCIA,,solucionado,2026-04-10 10:05:00,2026-04-13 14:30:00,6,1,
TC102078,soporte_remoto,caja,internet_tv,LENTITUD E INTERMITENCIA,,solucionado,2026-04-10 10:15:00,2026-04-10 10:15:00,11,2,
TCF102833,cambio_titular,call_center,,,,solucionado,2026-04-10 10:15:00,2026-04-13 10:05:00,4,5,
DQ104040,cambio_titular,whatsapp,,,,solucionado,2026-04-10 10:20:00,2026-04-17 16:20:00,12,5,
DQ102081,soporte_remoto,whatsapp,internet,PROBLEMAS CON TEST DE VELOCIDAD,,cancelado,2026-04-10 11:30:00,2026-04-10 11:35:00,5,2,
DQ101249,soporte_remoto,call_center,internet,LENTITUD E INTERMITENCIA,,solucionado,2026-04-10 11:35:00,2026-04-10 12:45:00,5,2,
TCF102082,soporte_remoto,call_center,internet,LENTITUD E INTERMITENCIA,,solucionado,2026-04-10 12:10:00,2026-04-20 11:10:00,20,0,
SG103668,cambio_plan,call_center,,,,cancelado,2026-04-10 12:10:00,,9,3,
SG103668,cambio_titular,whatsapp,,,,solucionado,2026-04-10 12:10:00,2026-04-13 10:20:00,9,5,
DQ103669,cambio_plan,call_center,,,,solucionado,2026-04-10 13:00:00,2026-04-13 11:40:00,5,3,
TC102083,soporte_remoto,caja,internet,LENTITUD E INTERMITENCIA,,solucionado,2026-04-10 13:20:00,2026-04-14 11:15:00,7,0,
DQ102084,soporte_remoto,whatsapp,tv,PROGRAMACIÓN DE TV,,solucionado,2026-04-10 13:45:00,2026-04-13 13:00:00,5,2,
TC101347,cambio_plan,call_center,,,,solucionado,2026-04-10 13:50:00,2026-04-13 11:50:00,20,3,
TCF103670,cambio_plan,call_center,,,,solucionado,2026-04-10 14:10:00,2026-04-13 11:55:00,4,3,
SR102085,soporte_remoto,caja,internet,LENTITUD E INTERMITENCIA,,solucionado,2026-04-10 14:35:00,2026-04-13 15:50:00,14,1,
SG103595,cambio_plan,call_center,,,,solucionado,2026-04-10 15:00:00,2026-04-13 12:25:00,9,3,
DQ100472,soporte_remoto,whatsapp,internet_tv,LENTITUD E INTERMITENCIA,,cancelado,2026-04-10 15:05:00,2026-04-13 13:00:00,11,2,
DQ102086,soporte_remoto,call_center,tv,PROGRAMACIÓN DE TV,,seguimiento,2026-04-10 15:35:00,,5,2,
TC102087,soporte_remoto,whatsapp,internet_tv,LENTITUD E INTERMITENCIA,,cerrado_sin_contacto,2026-04-10 15:55:00,2026-04-10 15:55:00,11,2,
TCF103671,cambio_plan,whatsapp,,,,solucionado,2026-04-10 15:55:00,2026-04-10 15:55:00,23,12,
TC102088,soporte_remoto,call_center,internet,PROBLEMAS CON TEST DE VELOCIDAD,,solucionado,2026-04-10 16:20:00,2026-04-20 11:20:00,16,0,
DQ104039,cambio_titular,whatsapp,,,,solucionado,2026-04-10 16:20:00,2026-04-17 16:15:00,5,5,
DQ102073,soporte_remoto,call_center,internet,LENTITUD E INTERMITENCIA,,solucionado,2026-04-10 16:30:00,2026-04-11 10:40:00,5,2,
SR103672,cambio_plan,call_center,,,,solucionado,2026-04-10 16:30:00,2026-04-30 11:25:00,14,3,
VG102089,soporte_remoto,caja,internet_tv,LENTITUD E INTERMITENCIA,,solucionado,2026-04-10 16:35:00,2026-04-10 16:35:00,11,2,
DQ100404,sin_internet,call_center,internet,,FALLA MASIVA,solucionado,2026-04-10 17:45:00,2026-04-13 08:05:00,4,0,
TC102869,cambio_plan,whatsapp,,,,solucionado,2026-04-10 17:45:00,2026-04-13 12:45:00,0,3,
DQ101039,soporte_remoto,call_center,internet,LENTITUD E INTERMITENCIA,,cerrado_sin_contacto,2026-04-10 18:05:00,2026-04-10 18:05:00,5,2,
TCF102090,soporte_remoto,call_center,internet,LENTITUD E INTERMITENCIA,,solucionado,2026-04-11 12:05:00,2026-04-20 11:25:00,20,0,
DQ103673,cambio_plan,call_center,,,,solucionado,2026-04-11 15:15:00,2026-04-11 15:15:00,19,11,
TC102091,soporte_remoto,call_center,internet,PROBLEMAS CON TEST DE VELOCIDAD,,solucionado,2026-04-11 16:50:00,2026-04-13 10:50:00,20,0,
DQ102092,soporte_remoto,caja,internet,PROBLEMAS CON TEST DE VELOCIDAD,,solucionado,2026-04-12 09:00:00,2026-04-13 11:55:00,19,2,
DQ102093,soporte_remoto,call_center,internet,STREAMING CON FALLAS,,solucionado,2026-04-12 09:00:00,2026-04-13 13:00:00,19,2,
DQ100412,cambio_plan,caja,,,,solucionado,2026-04-12 14:20:00,2026-04-12 14:20:00,19,11,
TCF100132,sin_internet,whatsapp,internet,,,solucionado,2026-04-13 08:10:00,2026-04-15 09:05:00,22,0,
TC102094,soporte_remoto,whatsapp,internet,LENTITUD E INTERMITENCIA,,solucionado,2026-04-13 08:25:00,2026-04-20 11:45:00,29,0,
VG103674,cambio_plan,whatsapp,,,,solucionado,2026-04-13 08:30:00,2026-04-30 11:25:00,6,3,
VG103675,cambio_plan,call_center,,,,solucionado,2026-04-13 08:30:00,2026-04-16 11:20:00,6,3,
TC101337,soporte_remoto,whatsapp,internet,LENTITUD E INTERMITENCIA,,solucionado,2026-04-13 09:25:00,2026-04-15 12:25:00,0,0,
CH101498,soporte_remoto,call_center,tv,SIN SEÑAL DE TV,,solucionado,2026-04-13 09:40:00,2026-04-13 10:00:00,2,1,
TC103677,cambio_titular,call_center,,,,solucionado,2026-04-13 10:20:00,2026-04-17 16:20:00,22,5,
SG103676,cambio_plan,whatsapp,,,,solucionado,2026-04-13 10:35:00,2026-04-30 11:25:00,3,3,
TC103677,cambio_plan,call_center,,,,solucionado,2026-04-13 10:35:00,2026-04-16 11:25:00,22,3,
TC102095,soporte_remoto,call_center,internet,PROBLEMAS CON TEST DE VELOCIDAD,,solucionado,2026-04-13 11:10:00,2026-04-15 12:45:00,24,0,
C103678,cambio_plan,call_center,,,,solucionado,2026-04-13 11:45:00,2026-05-02 09:15:00,13,3,
DQ102096,soporte_remoto,call_center,internet_tv,LENTITUD E INTERMITENCIA,,solucionado,2026-04-13 12:10:00,2026-04-13 12:20:00,11,2,
TC102097,soporte_remoto,call_center,internet,LENTITUD E INTERMITENCIA,,cerrado_sin_contacto,2026-04-13 12:20:00,2026-04-20 11:45:00,0,0,
TCF104041,cambio_titular,whatsapp,,,,solucionado,2026-04-13 12:20:00,2026-04-17 17:35:00,22,5,
TC100405,sin_internet,caja,internet,,FALLA DE FIBRA,solucionado,2026-04-13 12:30:00,2026-04-13 15:55:00,18,0,
TC102098,soporte_remoto,call_center,internet,LENTITUD E INTERMITENCIA,,solucionado,2026-04-13 12:40:00,2026-04-15 15:40:00,0,0,
C103679,cambio_plan,whatsapp,,,,solucionado,2026-04-13 12:55:00,2026-04-13 12:55:00,21,8,
TC102099,soporte_remoto,whatsapp,internet,LENTITUD E INTERMITENCIA,,solucionado,2026-04-13 13:30:00,2026-04-20 12:00:00,23,0,
DQ103680,cambio_plan,caja,,,,cancelado,2026-04-13 14:30:00,,5,,
DQ100406,sin_internet,call_center,internet,,FALLA DE FIBRA,solucionado,2026-04-13 14:40:00,2026-04-13 16:05:00,5,0,
C103681,cambio_plan,call_center,,,,solucionado,2026-04-13 14:45:00,2026-04-30 11:30:00,21,3,
DQ101201,soporte_remoto,call_center,internet,LENTITUD E INTERMITENCIA,,solucionado,2026-04-13 15:20:00,2026-04-13 15:50:00,5,2,
SG100407,sin_internet,whatsapp,internet,,WIFI DESACTIVADO,solucionado,2026-04-13 15:30:00,2026-04-13 16:20:00,3,0,
SR100918,soporte_remoto,whatsapp,tv,FALLAS CON LA TV,,solucionado,2026-04-13 15:40:00,2026-04-13 16:25:00,1,1,
SG102100,soporte_remoto,caja,tv,SIN SEÑAL DE TV,,solucionado,2026-04-13 15:40:00,2026-04-13 17:25:00,3,2,
SR103682,cambio_plan,whatsapp,,,,solucionado,2026-04-13 16:55:00,2026-05-04 12:45:00,21,3,
SR100408,sin_internet,whatsapp,internet,,MTU 1500,solucionado,2026-04-13 17:35:00,2026-04-14 15:10:00,1,0,
TC104042,cambio_titular,call_center,,,,solucionado,2026-04-13 17:35:00,2026-04-18 15:30:00,18,5,
SG100407,cambio_titular,call_center,,,,solucionado,2026-04-13 17:35:00,2026-05-09 10:50:00,3,,
C102101,soporte_remoto,whatsapp,internet,LENTITUD E INTERMITENCIA,,solucionado,2026-04-13 17:40:00,2026-04-14 12:10:00,17,1,
TC103683,cambio_plan,call_center,,,,solucionado,2026-04-13 17:40:00,2026-04-13 17:40:00,21,8,
DQ102102,soporte_remoto,whatsapp,tv,PROGRAMACIÓN DE TV,,cerrado_sin_contacto,2026-04-13 18:25:00,2026-04-14 17:25:00,5,2,
SG103684,cambio_plan,whatsapp,,,,solucionado,2026-04-13 18:40:00,2026-05-04 12:55:00,23,3,
TC100409,sin_internet,whatsapp,internet,,,solucionado,2026-04-13 19:10:00,2026-04-15 09:05:00,23,0,
DQ102103,soporte_remoto,whatsapp,internet,LENTITUD E INTERMITENCIA,,solucionado,2026-04-14 09:45:00,2026-04-14 10:15:00,11,2,
TC102104,soporte_remoto,call_center,internet,LENTITUD E INTERMITENCIA,,solucionado,2026-04-14 10:25:00,2026-04-14 10:25:00,11,2,
C100410,sin_internet,whatsapp,internet,,FALLA DE FIBRA,solucionado,2026-04-14 10:35:00,2026-04-17 11:20:00,15,0,
VG102105,soporte_remoto,call_center,tv,SIN SEÑAL DE TV,,solucionado,2026-04-14 11:05:00,2026-04-14 12:05:00,6,1,
C100411,sin_internet,whatsapp,internet,,MTU 1500,solucionado,2026-04-14 11:25:00,2026-04-14 15:40:00,13,0,
TC102106,soporte_remoto,call_center,tv,FALLAS CON LA TV,,solucionado,2026-04-14 11:50:00,2026-04-15 16:45:00,19,1,
TCF102107,soporte_remoto,call_center,internet,LENTITUD E INTERMITENCIA,,cerrado_sin_contacto,2026-04-14 12:00:00,2026-04-15 09:20:00,23,1,
TC104043,cambio_titular,call_center,,,,solucionado,2026-04-14 12:25:00,2026-04-18 15:35:00,22,5,
SG103685,cambio_plan,whatsapp,,,,solucionado,2026-04-14 12:40:00,2026-04-16 13:05:00,3,3,
DQ102108,soporte_remoto,call_center,tv,FALLAS CON LA TV,,solucionado,2026-04-14 12:55:00,2026-04-14 15:25:00,20,2,
TCF101240,soporte_remoto,call_center,internet,LENTITUD E INTERMITENCIA,,solucionado,2026-04-14 12:55:00,2026-04-20 12:20:00,22,0,
C102109,soporte_remoto,whatsapp,internet_tv,FALLAS CON LA TV,,solucionado,2026-04-14 14:15:00,2026-04-14 16:00:00,13,1,
TC103686,cambio_plan,call_center,,,,solucionado,2026-04-14 14:15:00,2026-04-16 13:05:00,0,3,
SR102110,soporte_remoto,call_center,tv,FALLAS CON LA TV,,cancelado,2026-04-14 14:25:00,2026-04-14 14:25:00,1,1,
DQ100412,sin_internet,call_center,internet,,,solucionado,2026-04-14 14:45:00,2026-04-15 08:35:00,16,0,
VG103687,cambio_plan,whatsapp,,,,solucionado,2026-04-14 15:10:00,2026-05-04 12:55:00,6,3,
DQ102111,soporte_remoto,whatsapp,internet,STREAMING CON FALLAS,,cancelado,2026-04-14 15:30:00,2026-04-14 15:30:00,19,2,
C102112,soporte_remoto,caja,internet,LENTITUD E INTERMITENCIA,,solucionado,2026-04-14 15:30:00,2026-04-14 15:30:00,9,1,
DQ100413,sin_internet,call_center,internet,,,cerrado_sin_contacto,2026-04-14 15:45:00,2026-04-15 09:00:00,0,0,
DQ103688,cambio_plan,whatsapp,,,,solucionado,2026-04-14 16:00:00,2026-04-17 12:55:00,12,3,
TC102080,soporte_remoto,call_center,tv,CANALES FALTANTES,,solucionado,2026-04-14 16:20:00,2026-04-20 12:50:00,0,0,
VG102113,soporte_remoto,call_center,internet_tv,LENTITUD E INTERMITENCIA,,solucionado,2026-04-14 16:20:00,2026-04-15 12:30:00,6,1,
C103689,cambio_plan,call_center,,,,solucionado,2026-04-14 16:40:00,2026-04-14 16:40:00,20,9,
DQ103690,cambio_plan,call_center,,,,solucionado,2026-04-14 17:00:00,2026-05-02 09:15:00,21,3,
TC102114,soporte_remoto,whatsapp,internet,LENTITUD E INTERMITENCIA,,solucionado,2026-04-14 19:20:00,2026-04-21 11:30:00,23,0,
TC100414,sin_internet,call_center,internet,,WIFI DESACTIVADO,solucionado,2026-04-15 08:55:00,2026-04-15 09:45:00,0,0,
TC104044,cambio_titular,call_center,,,,solucionado,2026-04-15 09:10:00,2026-04-18 15:50:00,7,5,
C100415,sin_internet,whatsapp,internet,,MTU 1500,solucionado,2026-04-15 09:30:00,2026-04-15 10:50:00,13,0,
C100425,sin_internet,whatsapp,internet,,WIFI DESACTIVADO,solucionado,2026-04-15 09:30:00,2026-04-17 09:35:00,13,0,
TCF101402,soporte_remoto,call_center,internet,LENTITUD E INTERMITENCIA,,cerrado_sin_contacto,2026-04-15 09:50:00,2026-04-22 09:35:00,4,0,
VG100176,sin_internet,call_center,internet,,MTU 1500,solucionado,2026-04-15 10:10:00,2026-04-17 09:10:00,6,0,
TC100416,sin_internet,call_center,internet,,FALLA DE FIBRA,solucionado,2026-04-15 10:25:00,2026-04-15 10:35:00,0,0,
TC100417,sin_internet,whatsapp,internet,,FALLA MASIVA,solucionado,2026-04-15 10:30:00,2026-04-15 11:55:00,4,0,
DQ103691,cambio_plan,call_center,,,,solucionado,2026-04-15 10:45:00,2026-04-21 17:15:00,5,3,
DQ100418,sin_internet,whatsapp,internet,,FALLA DE FIBRA,solucionado,2026-04-15 10:55:00,2026-04-15 11:00:00,5,0,
DQ102115,soporte_remoto,whatsapp,internet,LENTITUD E INTERMITENCIA,,seguimiento,2026-04-15 11:05:00,,21,2,
VG100419,sin_internet,call_center,internet,,MTU 1500,solucionado,2026-04-15 11:15:00,2026-04-15 16:25:00,6,0,
TC102116,soporte_remoto,call_center,tv,CANALES LLUVIOSOS/PIXELADOS,,cerrado_sin_contacto,2026-04-15 11:40:00,2026-04-22 12:50:00,4,0,
DQ100420,sin_internet,whatsapp,internet,,,cerrado_sin_contacto,2026-04-15 12:30:00,2026-04-17 09:00:00,5,0,
SG103692,cambio_plan,call_center,,,,solucionado,2026-04-15 12:30:00,2026-04-21 17:20:00,3,3,
TCF102117,soporte_remoto,call_center,internet_tv,LENTITUD E INTERMITENCIA,,solucionado,2026-04-15 14:35:00,2026-04-22 09:55:00,4,0,
TC100421,sin_internet,whatsapp,internet,,FALLA DE FIBRA,solucionado,2026-04-15 14:45:00,2026-04-16 11:55:00,4,0,
TC101415,soporte_remoto,whatsapp,internet,ERROR EN INGRESO A PÁGINAS,,cerrado_sin_contacto,2026-04-15 15:20:00,2026-04-22 12:55:00,19,0,
DQ102118,soporte_remoto,whatsapp,internet,LENTITUD E INTERMITENCIA,,solucionado,2026-04-15 15:45:00,2026-04-16 17:35:00,4,2,
DQ103693,cambio_plan,call_center,,,,solucionado,2026-04-15 16:15:00,2026-04-15 16:15:00,23,12,
DQ102119,soporte_remoto,call_center,internet,PROBLEMAS CON TEST DE VELOCIDAD,,solucionado,2026-04-15 16:25:00,2026-04-16 10:35:00,5,2,
C102120,soporte_remoto,call_center,internet,LENTITUD E INTERMITENCIA,,cerrado_sin_contacto,2026-04-15 16:40:00,2026-04-16 10:20:00,21,1,
TC102121,soporte_remoto,call_center,internet,LENTITUD E INTERMITENCIA,,cerrado_sin_contacto,2026-04-15 16:50:00,2026-04-24 08:15:00,0,0,
TC103694,cambio_plan,call_center,,,,solucionado,2026-04-15 17:10:00,2026-05-02 09:20:00,21,3,
DQ100422,sin_internet,call_center,internet,,FALLA DE FIBRA,solucionado,2026-04-15 17:15:00,2026-04-15 17:50:00,5,0,
SG102122,soporte_remoto,caja,internet,LENTITUD E INTERMITENCIA,,solucionado,2026-04-15 17:25:00,2026-04-16 10:45:00,3,2,
SG102122,cambio_plan,call_center,,,,solucionado,2026-04-15 17:25:00,2026-04-21 17:20:00,3,3,
VG102123,soporte_remoto,call_center,internet,LENTITUD E INTERMITENCIA,,solucionado,2026-04-15 17:35:00,2026-04-16 12:50:00,6,1,
DQ100423,sin_internet,call_center,internet,,WIFI DESACTIVADO,solucionado,2026-04-15 17:45:00,2026-04-16 12:10:00,5,0,
DQ100424,sin_internet,whatsapp,internet,,,cerrado_sin_contacto,2026-04-15 19:10:00,2026-04-16 09:00:00,23,0,
TC102124,soporte_remoto,whatsapp,internet,LENTITUD E INTERMITENCIA,,solucionado,2026-04-16 08:20:00,2026-04-22 16:05:00,7,0,
TC104045,cambio_titular,call_center,,,,solucionado,2026-04-16 08:45:00,2026-04-18 16:05:00,7,5,
DQ102125,soporte_remoto,caja,internet,LENTITUD E INTERMITENCIA,,solucionado,2026-04-16 09:10:00,2026-04-16 09:45:00,5,2,
SG102126,soporte_remoto,whatsapp,internet,LENTITUD E INTERMITENCIA,,cerrado_sin_contacto,2026-04-16 09:25:00,2026-04-17 11:15:00,3,2,
SR100832,soporte_remoto,call_center,tv,FALLAS CON LA TV,,cerrado_sin_contacto,2026-04-16 09:45:00,2026-04-16 10:25:00,1,1,
C102127,soporte_remoto,whatsapp,internet,LENTITUD E INTERMITENCIA,,solucionado,2026-04-16 10:00:00,2026-04-16 11:50:00,13,1,
DQ100426,sin_internet,call_center,internet,,WIFI DESACTIVADO,solucionado,2026-04-16 10:20:00,2026-04-16 12:35:00,4,0,
SG102128,soporte_remoto,whatsapp,internet,LENTITUD E INTERMITENCIA,,solucionado,2026-04-16 10:30:00,2026-04-16 17:20:00,3,2,
SR102129,soporte_remoto,whatsapp,internet_tv,LENTITUD E INTERMITENCIA,,cerrado_sin_contacto,2026-04-16 10:30:00,2026-04-16 10:30:00,1,1,
C103695,cambio_plan,whatsapp,,,,solucionado,2026-04-16 10:50:00,2026-04-21 17:20:00,15,3,
DQ104046,cambio_titular,call_center,,,,solucionado,2026-04-16 10:50:00,2026-04-20 11:30:00,5,5,
CH102193,cambio_plan,whatsapp,,,,solucionado,2026-04-16 11:05:00,2026-04-16 17:55:00,2,3,
TC102130,soporte_remoto,whatsapp,internet,LENTITUD E INTERMITENCIA,,solucionado,2026-04-16 11:15:00,2026-04-22 10:30:00,18,0,
DQ102131,soporte_remoto,caja,internet,LENTITUD E INTERMITENCIA,,solucionado,2026-04-16 11:15:00,2026-04-17 12:55:00,22,2,
VG100427,sin_internet,whatsapp,internet,,MTU 1500,solucionado,2026-04-16 11:30:00,2026-04-21 08:00:00,6,0,
SG102132,soporte_remoto,whatsapp,internet,ERROR EN INGRESO A PÁGINAS,,solucionado,2026-04-16 12:00:00,2026-04-16 15:50:00,3,2,
TC102133,soporte_remoto,call_center,internet,LENTITUD E INTERMITENCIA,,solucionado,2026-04-16 12:00:00,2026-04-22 10:30:00,0,0,
TC102134,soporte_remoto,whatsapp,internet,LENTITUD E INTERMITENCIA,,solucionado,2026-04-16 13:00:00,2026-04-16 17:40:00,16,0,
SG102135,soporte_remoto,call_center,tv,SIN SEÑAL DE TV,,solucionado,2026-04-16 13:45:00,2026-04-17 11:55:00,3,2,
SR102136,soporte_remoto,whatsapp,tv,CANALES LLUVIOSOS/PIXELADOS,,solucionado,2026-04-16 14:05:00,2026-04-16 16:35:00,1,1,
SR102137,soporte_remoto,whatsapp,internet,LENTITUD E INTERMITENCIA,,solucionado,2026-04-16 14:25:00,2026-04-17 10:30:00,1,1,
DQ102138,soporte_remoto,whatsapp,internet,LENTITUD E INTERMITENCIA,,solucionado,2026-04-16 14:40:00,2026-04-17 11:35:00,21,2,
TC102139,soporte_remoto,call_center,internet,LENTITUD E INTERMITENCIA,,solucionado,2026-04-16 14:55:00,2026-04-18 14:05:00,25,0,
SG104047,cambio_titular,whatsapp,,,,solucionado,2026-04-16 15:15:00,2026-04-20 11:40:00,3,5,
VG103696,cambio_plan,call_center,,,,solucionado,2026-04-16 15:20:00,2026-05-02 09:20:00,6,3,
SR101860,soporte_remoto,whatsapp,internet,LENTITUD E INTERMITENCIA,,solucionado,2026-04-16 15:40:00,2026-04-16 15:40:00,14,1,
DQ103697,cambio_plan,whatsapp,,,,solucionado,2026-04-16 15:45:00,2026-05-02 09:20:00,5,3,
SR100428,sin_internet,call_center,internet,,MTU 1500,solucionado,2026-04-16 15:50:00,2026-04-17 09:45:00,1,0,
DQ100429,sin_internet,whatsapp,internet,,,solucionado,2026-04-16 15:50:00,2026-04-16 15:50:00,5,0,
TCF102140,soporte_remoto,call_center,internet,LENTITUD E INTERMITENCIA,,solucionado,2026-04-16 16:15:00,2026-04-18 14:20:00,4,0,
C104048,cambio_titular,call_center,,,,solucionado,2026-04-16 16:20:00,2026-04-20 11:50:00,13,5,
NATALIA102141,soporte_remoto,call_center,internet,LENTITUD E INTERMITENCIA,,solucionado,2026-04-16 16:25:00,2026-04-17 12:15:00,2,1,
CH102142,soporte_remoto,call_center,internet,LENTITUD E INTERMITENCIA,,solucionado,2026-04-16 16:25:00,2026-04-17 13:00:00,2,1,
DQ100430,sin_internet,whatsapp,internet,,WIFI DESACTIVADO,solucionado,2026-04-16 16:30:00,2026-04-17 10:10:00,5,0,
DQ100431,sin_internet,call_center,internet,,VLAN DUPLICADA,solucionado,2026-04-16 16:50:00,2026-04-17 10:50:00,5,0,
TC101907,soporte_remoto,call_center,internet,LENTITUD E INTERMITENCIA,,solucionado,2026-04-16 17:15:00,2026-04-18 14:45:00,0,0,
SR100139,cambio_plan,call_center,,,,solucionado,2026-04-16 17:20:00,2026-04-21 17:25:00,33,3,
DQ102143,soporte_remoto,caja,internet,STREAMING CON FALLAS,,solucionado,2026-04-16 17:25:00,2026-04-17 12:00:00,16,2,
DQ102144,soporte_remoto,call_center,internet,LENTITUD E INTERMITENCIA,,solucionado,2026-04-16 17:25:00,2026-04-17 12:35:00,4,2,
SG103698,cambio_plan,call_center,,,,solucionado,2026-04-16 18:00:00,2026-04-21 17:25:00,3,3,
SG103698,cambio_titular,call_center,,,,solucionado,2026-04-16 18:00:00,2026-04-20 12:00:00,3,5,
TCF102145,soporte_remoto,whatsapp,tv,CANALES INTERMITENTES,,solucionado,2026-04-16 18:10:00,2026-04-18 13:15:00,25,0,
TC100395,sin_internet,call_center,internet,,WIFI RESETEADO,solucionado,2026-04-16 19:15:00,2026-04-17 11:20:00,27,0,
DQ102146,soporte_remoto,call_center,internet,LENTITUD E INTERMITENCIA,,solucionado,2026-04-17 09:00:00,2026-04-17 12:05:00,5,2,
TC102147,soporte_remoto,call_center,tv,FALLAS CON LA TV,,solucionado,2026-04-17 09:30:00,2026-04-17 15:25:00,0,0,
VG102029,soporte_remoto,whatsapp,tv,SIN SEÑAL DE TV,,solucionado,2026-04-17 09:30:00,2026-04-17 13:45:00,6,1,
TC102148,soporte_remoto,call_center,tv,SIN SEÑAL DE TV,,solucionado,2026-04-17 09:55:00,2026-04-18 09:00:00,0,0,
TC102149,soporte_remoto,whatsapp,internet,LENTITUD E INTERMITENCIA,,solucionado,2026-04-17 09:55:00,2026-04-24 08:25:00,7,0,
TCF102150,soporte_remoto,whatsapp,tv,SIN SEÑAL DE TV,,cerrado_sin_contacto,2026-04-17 10:10:00,2026-04-24 08:35:00,4,0,
DQ101787,cambio_plan,call_center,,,,solucionado,2026-04-17 10:10:00,2026-05-04 12:55:00,5,3,
SR102032,soporte_remoto,call_center,tv,CANALES FALTANTES,,solucionado,2026-04-17 10:15:00,2026-04-17 13:55:00,1,1,
VG102151,soporte_remoto,call_center,internet_tv,LENTITUD E INTERMITENCIA,,solucionado,2026-04-17 11:45:00,2026-04-17 14:30:00,6,1,
TC102152,soporte_remoto,caja,internet,ERROR EN INGRESO A PÁGINAS,,solucionado,2026-04-17 11:50:00,2026-04-24 08:35:00,0,0,
TC101155,soporte_remoto,call_center,internet,LENTITUD E INTERMITENCIA,,solucionado,2026-04-17 12:20:00,2026-04-18 09:00:00,0,0,
DQ100008,soporte_remoto,call_center,internet_tv,LENTITUD E INTERMITENCIA,,solucionado,2026-04-17 12:35:00,2026-04-18 13:10:00,5,2,
TC102153,soporte_remoto,whatsapp,tv,PROGRAMACIÓN DE TV,,cerrado_sin_contacto,2026-04-17 12:45:00,2026-04-22 09:30:00,30,0,
TC100502,soporte_remoto,call_center,internet_tv,LENTITUD E INTERMITENCIA,,solucionado,2026-04-17 12:50:00,2026-04-17 12:55:00,11,2,
VG102154,soporte_remoto,call_center,internet,LENTITUD E INTERMITENCIA,,pendiente,2026-04-17 13:00:00,,27,0,
C102155,soporte_remoto,whatsapp,internet,LENTITUD E INTERMITENCIA,,cerrado_sin_contacto,2026-04-17 13:25:00,2026-04-17 16:00:00,25,1,
TCF102157,soporte_remoto,caja,internet,PROBLEMAS CON TEST DE VELOCIDAD,,solucionado,2026-04-17 13:35:00,2026-04-21 11:10:00,4,0,
TC103067,cambio_plan,caja,,,,solucionado,2026-04-17 14:40:00,2026-05-04 17:45:00,27,3,
DQ103229,cambio_plan,call_center,,,,solucionado,2026-04-17 15:00:00,2026-05-02 09:20:00,31,3,
TC102156,soporte_remoto,call_center,internet,LENTITUD E INTERMITENCIA,,solucionado,2026-04-17 15:25:00,2026-04-21 10:55:00,4,0,
SR102158,soporte_remoto,call_center,internet,LENTITUD E INTERMITENCIA,,solucionado,2026-04-17 16:10:00,2026-04-18 16:45:00,1,1,
DQ103699,cambio_plan,call_center,,,,solucionado,2026-04-17 16:20:00,2026-05-02 09:25:00,5,3,
C102159,soporte_remoto,whatsapp,internet,HABILITACIÓN DE PUERTOS,,pendiente,2026-04-17 16:25:00,,27,4,
SR103700,cambio_plan,whatsapp,,,,solucionado,2026-04-17 16:45:00,2026-05-02 09:25:00,20,3,
SR102160,soporte_remoto,whatsapp,internet_tv,CANALES FALTANTES,,solucionado,2026-04-17 17:00:00,2026-04-18 15:25:00,1,1,
SG102161,soporte_remoto,whatsapp,internet,LENTITUD E INTERMITENCIA,,solucionado,2026-04-17 17:45:00,2026-04-18 15:10:00,3,2,
DQ102162,soporte_remoto,whatsapp,tv,FALLAS CON LA TV,,solucionado,2026-04-17 17:45:00,2026-04-17 18:00:00,11,2,
SR102062,soporte_remoto,call_center,internet_tv,LENTITUD E INTERMITENCIA,,solucionado,2026-04-18 13:35:00,2026-04-18 18:00:00,16,4,
C102163,soporte_remoto,call_center,internet_tv,LENTITUD E INTERMITENCIA,,solucionado,2026-04-18 13:35:00,2026-04-18 14:35:00,11,2,
SG102164,soporte_remoto,whatsapp,internet,HABILITACIÓN DE PUERTOS,,solucionado,2026-04-18 15:40:00,2026-04-20 17:05:00,23,2,
TC102165,soporte_remoto,call_center,tv,CANALES INTERMITENTES,,solucionado,2026-04-18 16:35:00,2026-04-24 09:30:00,25,0,
C100440,sin_internet,whatsapp,internet,,VLAN DUPLICADA,solucionado,2026-04-20 07:15:00,2026-04-21 09:35:00,15,0,
SR100432,sin_internet,whatsapp,internet,,FALLA DE FIBRA,solucionado,2026-04-20 08:30:00,2026-04-20 09:25:00,1,0,
SR102166,soporte_remoto,call_center,internet_tv,LENTITUD E INTERMITENCIA,,solucionado,2026-04-20 08:30:00,2026-04-21 11:35:00,14,2,
SR102167,soporte_remoto,whatsapp,tv,CANALES FALTANTES,,solucionado,2026-04-20 08:30:00,2026-04-21 15:10:00,1,2,
CH101284,soporte_remoto,call_center,tv,CANALES FALTANTES,,cerrado_sin_contacto,2026-04-20 08:40:00,2026-04-21 15:10:00,2,2,
TC102168,soporte_remoto,whatsapp,internet,LENTITUD E INTERMITENCIA,,solucionado,2026-04-20 08:45:00,2026-04-21 12:10:00,25,0,
TC102169,soporte_remoto,whatsapp,tv,CANALES FALTANTES,,solucionado,2026-04-20 09:00:00,2026-04-21 12:40:00,0,0,
C102192,soporte_remoto,call_center,internet,PROBLEMAS CON TEST DE VELOCIDAD,,cerrado_sin_contacto,2026-04-20 09:00:00,2026-04-21 10:40:00,11,2,
SG100433,sin_internet,call_center,internet,,MTU 1500,solucionado,2026-04-20 09:10:00,2026-04-21 08:35:00,3,0,
TCF102170,soporte_remoto,call_center,tv,CANALES FALTANTES,,solucionado,2026-04-20 09:10:00,2026-04-21 12:50:00,4,0,
C102171,soporte_remoto,whatsapp,internet,LENTITUD E INTERMITENCIA,,solucionado,2026-04-20 09:15:00,2026-04-20 09:30:00,15,1,
DQ102172,soporte_remoto,call_center,tv,PROGRAMACIÓN DE TV,,cerrado_sin_contacto,2026-04-20 09:30:00,2026-04-21 15:10:00,12,2,
SG100434,sin_internet,call_center,internet,,FALLA TV,solucionado,2026-04-20 10:00:00,2026-04-20 10:35:00,3,0,
DQ103701,cambio_plan,whatsapp,,,,solucionado,2026-04-20 10:00:00,2026-05-02 09:25:00,5,3,
TC100435,sin_internet,call_center,internet,,NIVELES CRÍTICOS,solucionado,2026-04-20 10:05:00,2026-04-20 11:45:00,0,0,
SG102173,soporte_remoto,call_center,internet_tv,LENTITUD E INTERMITENCIA,,solucionado,2026-04-20 10:20:00,2026-04-21 11:30:00,3,1,
CH100973,soporte_remoto,whatsapp,tv,CANALES FALTANTES,,solucionado,2026-04-20 10:20:00,2026-04-20 10:20:00,2,1,
SR100436,sin_internet,call_center,internet,,MTU 1500,cerrado_sin_contacto,2026-04-20 10:25:00,2026-04-21 08:45:00,1,0,
DQ102174,soporte_remoto,whatsapp,internet_tv,LENTITUD E INTERMITENCIA,,cerrado_sin_contacto,2026-04-20 10:50:00,2026-04-21 09:50:00,1,2,
TC102175,soporte_remoto,whatsapp,internet_tv,LENTITUD E INTERMITENCIA,,solucionado,2026-04-20 10:50:00,2026-04-20 10:55:00,11,2,
C102176,soporte_remoto,call_center,internet_tv,LENTITUD E INTERMITENCIA,,solucionado,2026-04-20 11:00:00,2026-04-21 09:40:00,11,2,
TC102177,soporte_remoto,call_center,internet_tv,LENTITUD E INTERMITENCIA,,solucionado,2026-04-20 11:15:00,2026-04-21 15:55:00,0,0,
TCF101794,soporte_remoto,call_center,internet,PROBLEMAS CON CÁMARAS/DVR,,solucionado,2026-04-20 11:25:00,2026-04-20 11:25:00,7,4,
TC104052,cambio_titular,whatsapp,,,,solucionado,2026-04-20 11:25:00,2026-04-28 11:50:00,7,5,
TC102179,soporte_remoto,whatsapp,tv,PROGRAMACIÓN DE TV,,cerrado_sin_contacto,2026-04-20 11:30:00,2026-04-27 09:40:00,7,0,
C102180,soporte_remoto,call_center,internet,LENTITUD E INTERMITENCIA,,solucionado,2026-04-20 11:30:00,2026-04-20 11:30:00,15,1,
VG100419,cambio_plan,call_center,,,,solucionado,2026-04-20 11:50:00,2026-04-21 18:00:00,6,3,
DQ102144,cambio_plan,call_center,,,,solucionado,2026-04-20 11:55:00,2026-05-21 11:15:00,46,18,
TCF103702,cambio_plan,call_center,,,,solucionado,2026-04-20 12:20:00,2026-05-04 17:45:00,4,3,
DQ102178,soporte_remoto,call_center,internet,LENTITUD E INTERMITENCIA,,cerrado_sin_contacto,2026-04-20 12:30:00,2026-04-21 09:00:00,5,2,
C102181,soporte_remoto,call_center,tv,CANALES FALTANTES,,solucionado,2026-04-20 12:30:00,2026-04-20 12:30:00,25,1,
CH100055,soporte_remoto,call_center,tv,CANALES FALTANTES,,cancelado,2026-04-20 13:10:00,2026-04-20 16:40:00,2,1,
TC100437,sin_internet,call_center,internet,,MTU 1500,solucionado,2026-04-20 13:20:00,2026-04-21 08:55:00,18,0,
VG104050,cambio_titular,call_center,,,,solucionado,2026-04-20 14:30:00,2026-04-28 11:40:00,6,5,
SG100438,sin_internet,caja,internet,,MTU 1500,solucionado,2026-04-20 14:40:00,2026-04-20 15:55:00,3,0,
VG100439,sin_internet,call_center,internet,,BLOQUEO DE EQUIPO,solucionado,2026-04-20 14:45:00,2026-04-20 16:10:00,6,0,
SR102182,soporte_remoto,whatsapp,tv,CANALES FALTANTES,,solucionado,2026-04-20 14:45:00,2026-04-20 16:30:00,20,1,
VG104049,cambio_titular,caja,,,,solucionado,2026-04-20 15:30:00,2026-04-28 11:30:00,6,5,
DQ102183,soporte_remoto,whatsapp,internet,LENTITUD E INTERMITENCIA,,solucionado,2026-04-20 15:45:00,2026-04-21 09:00:00,5,2,
SR104051,cambio_titular,whatsapp,,,,solucionado,2026-04-20 15:45:00,2026-04-28 11:50:00,1,5,
SG103703,cambio_plan,call_center,,,,solucionado,2026-04-20 16:00:00,2026-04-23 14:55:00,3,3,
SR100441,sin_internet,caja,internet,,WIFI DESACTIVADO,solucionado,2026-04-20 16:10:00,2026-04-20 16:55:00,14,0,
TC102184,soporte_remoto,call_center,tv,LENTITUD E INTERMITENCIA,,solucionado,2026-04-20 16:30:00,2026-04-21 16:40:00,4,0,
TC102185,soporte_remoto,call_center,tv,CANALES FALTANTES,,cerrado_sin_contacto,2026-04-20 16:30:00,2026-04-27 09:50:00,0,0,
TCF102186,soporte_remoto,whatsapp,internet,LENTITUD E INTERMITENCIA,,solucionado,2026-04-20 16:35:00,2026-04-24 10:45:00,4,0,
VG102187,soporte_remoto,caja,internet,LENTITUD E INTERMITENCIA,,solucionado,2026-04-20 16:35:00,2026-04-20 16:35:00,6,1,
CH100442,sin_internet,caja,internet,,WIFI DESACTIVADO,solucionado,2026-04-20 16:55:00,2026-04-20 17:25:00,2,0,
TC102188,soporte_remoto,call_center,internet_tv,LENTITUD E INTERMITENCIA,,seguimiento,2026-04-20 17:55:00,,0,0,
DQ102189,soporte_remoto,whatsapp,internet,LENTITUD E INTERMITENCIA,,solucionado,2026-04-20 18:00:00,2026-04-21 17:55:00,21,2,
TC102190,soporte_remoto,call_center,tv,PROGRAMACIÓN DE TV,,solucionado,2026-04-20 19:00:00,2026-04-21 15:55:00,21,9,
DQ102191,soporte_remoto,whatsapp,internet_tv,LENTITUD E INTERMITENCIA,,solucionado,2026-04-21 08:20:00,2026-04-21 09:00:00,11,2,
DQ100443,sin_internet,caja,internet,,,solucionado,2026-04-21 08:25:00,2026-04-21 09:00:00,5,0,
CH102193,soporte_remoto,caja,internet,PROBLEMAS CON TEST DE VELOCIDAD,,solucionado,2026-04-21 09:05:00,2026-04-21 10:20:00,25,1,
SR100582,soporte_remoto,call_center,internet_tv,FALLAS CON LA TV,,cerrado_sin_contacto,2026-04-21 09:30:00,2026-04-21 16:55:00,14,1,
SG102194,soporte_remoto,call_center,internet,LENTITUD E INTERMITENCIA,,solucionado,2026-04-21 09:45:00,2026-04-27 10:20:00,3,1,
DQ101305,soporte_remoto,call_center,tv,CANALES LLUVIOSOS/PIXELADOS,,cerrado_sin_contacto,2026-04-21 09:50:00,2026-04-28 17:45:00,4,0,
SG103704,cambio_plan,whatsapp,,,,solucionado,2026-04-21 09:50:00,2026-04-23 14:55:00,9,3,
SR102195,soporte_remoto,call_center,tv,SIN SEÑAL DE TV,,solucionado,2026-04-21 10:05:00,2026-04-21 12:10:00,14,1,
C102196,soporte_remoto,call_center,internet_tv,FALLAS CON LA TV,,cerrado_sin_contacto,2026-04-21 10:35:00,2026-04-21 10:35:00,13,1,
TC102197,soporte_remoto,call_center,internet_tv,LENTITUD E INTERMITENCIA,,solucionado,2026-04-21 10:50:00,2026-04-24 11:10:00,4,0,
TC102198,soporte_remoto,call_center,internet,LENTITUD E INTERMITENCIA,,solucionado,2026-04-21 11:05:00,2026-04-21 17:35:00,0,0,
TC102048,soporte_remoto,call_center,internet,HABILITACIÓN DE PUERTOS,,cancelado,2026-04-21 11:10:00,2026-04-21 12:10:00,0,0,
SR102199,soporte_remoto,whatsapp,tv,SIN SEÑAL DE TV,,cerrado_sin_contacto,2026-04-21 11:15:00,2026-04-21 11:15:00,25,1,
TC102200,soporte_remoto,call_center,tv,CANALES FALTANTES,,solucionado,2026-04-21 11:20:00,2026-04-21 11:20:00,27,0,
DQ102201,soporte_remoto,whatsapp,internet,LENTITUD E INTERMITENCIA,,solucionado,2026-04-21 11:25:00,2026-04-22 17:30:00,5,0,
TC100444,sin_internet,call_center,internet,,FALLA DE FIBRA,solucionado,2026-04-21 11:45:00,2026-04-21 16:30:00,7,0,
C102202,soporte_remoto,call_center,internet,PROBLEMAS CON CÁMARAS/DVR,,solucionado,2026-04-21 11:50:00,2026-04-21 12:40:00,16,1,
SR102203,soporte_remoto,whatsapp,internet,LENTITUD E INTERMITENCIA,,cerrado_sin_contacto,2026-04-21 15:20:00,2026-04-21 15:20:00,14,1,
TC103705,cambio_plan,call_center,,,,solucionado,2026-04-21 16:45:00,2026-05-04 09:25:00,21,3,
SG103706,cambio_plan,call_center,,,,solucionado,2026-04-21 17:00:00,2026-04-24 11:10:00,9,3,
SG101304,soporte_remoto,caja,internet,LENTITUD E INTERMITENCIA,,cerrado_sin_contacto,2026-04-21 17:10:00,2026-04-22 09:20:00,3,1,
C104053,cambio_titular,call_center,,,,solucionado,2026-04-21 17:40:00,2026-04-28 12:00:00,15,5,
TCF103707,cambio_plan,call_center,,,,solucionado,2026-04-21 18:40:00,2026-05-04 09:25:00,21,3,
C103708,cambio_plan,call_center,,,,solucionado,2026-04-21 18:45:00,2026-04-21 18:45:00,21,8,
TC103709,cambio_plan,whatsapp,,,,solucionado,2026-04-21 18:50:00,2026-04-21 18:50:00,21,8,
SR100352,sin_internet,whatsapp,internet,,,cerrado_sin_contacto,2026-04-22 09:05:00,2026-04-22 09:05:00,1,4,
TC100445,sin_internet,whatsapp,internet,,EQUIPO NO ENGANCHA,solucionado,2026-04-22 10:35:00,2026-04-22 12:00:00,16,4,
TCF102204,soporte_remoto,whatsapp,tv,SIN SEÑAL DE TV,,cerrado_sin_contacto,2026-04-22 12:35:00,2026-04-30 10:00:00,4,0,
DQ103710,cambio_plan,call_center,,,,solucionado,2026-04-22 13:00:00,2026-05-02 09:30:00,12,3,
TC102205,soporte_remoto,whatsapp,internet_tv,LENTITUD E INTERMITENCIA,,solucionado,2026-04-22 14:20:00,2026-08-23 09:25:00,18,0,
TC102206,soporte_remoto,call_center,tv,CANALES FALTANTES,,solucionado,2026-04-22 14:25:00,2026-04-30 10:10:00,0,0,
TCF102207,soporte_remoto,call_center,internet_tv,LENTITUD E INTERMITENCIA,,solucionado,2026-04-22 14:55:00,2026-04-23 10:25:00,4,0,
SG102208,soporte_remoto,whatsapp,internet,LENTITUD E INTERMITENCIA,,cerrado_sin_contacto,2026-04-22 15:25:00,2026-04-22 15:25:00,3,1,
CH102209,soporte_remoto,whatsapp,internet,LENTITUD E INTERMITENCIA,,cerrado_sin_contacto,2026-04-22 15:45:00,2026-04-22 15:45:00,2,1,
TC102210,soporte_remoto,whatsapp,internet,LENTITUD E INTERMITENCIA,,solucionado,2026-04-22 15:45:00,2026-04-24 11:25:00,7,0,
TCF102211,soporte_remoto,call_center,tv,CANALES FALTANTES,,solucionado,2026-04-22 16:15:00,2026-04-23 11:35:00,4,0,
TC101880,soporte_remoto,call_center,internet,LENTITUD E INTERMITENCIA,,seguimiento,2026-04-22 16:55:00,,16,0,
DQ102212,soporte_remoto,call_center,internet_tv,LENTITUD E INTERMITENCIA,,cerrado_sin_contacto,2026-04-22 17:20:00,2026-04-30 10:45:00,5,0,
DQ102213,soporte_remoto,whatsapp,tv,FALLAS CON LA TV,,cerrado_sin_contacto,2026-04-22 17:30:00,2026-04-30 10:45:00,12,0,
DQ103711,cambio_plan,whatsapp,,,,solucionado,2026-04-22 19:00:00,2026-05-02 09:30:00,21,3,
VG102214,soporte_remoto,call_center,internet,LENTITUD E INTERMITENCIA,,solucionado,2026-04-23 08:50:00,2026-04-24 12:10:00,6,0,
VG102215,soporte_remoto,call_center,tv,PROGRAMACIÓN DE TV,,cerrado_sin_contacto,2026-04-23 09:20:00,2026-04-30 10:45:00,6,0,
TC102216,soporte_remoto,whatsapp,internet_tv,LENTITUD E INTERMITENCIA,,solucionado,2026-04-23 09:30:00,2026-04-30 11:00:00,18,0,
C103712,cambio_plan,call_center,,,,solucionado,2026-04-23 09:50:00,2026-05-02 09:30:00,15,3,
CH100905,soporte_remoto,call_center,internet_tv,LENTITUD E INTERMITENCIA,,solucionado,2026-04-23 09:55:00,2026-04-23 12:25:00,2,4,
TC102217,soporte_remoto,whatsapp,internet,LENTITUD E INTERMITENCIA,,solucionado,2026-04-23 09:55:00,2026-04-24 12:40:00,0,0,
SR102218,soporte_remoto,call_center,internet,LENTITUD E INTERMITENCIA,,cerrado_sin_contacto,2026-04-23 10:00:00,2026-04-23 12:30:00,1,4,
VG100419,soporte_remoto,whatsapp,internet,PROBLEMAS CON TEST DE VELOCIDAD,,solucionado,2026-04-23 10:15:00,2026-04-23 16:55:00,6,0,
TC102219,soporte_remoto,call_center,tv,CANALES FALTANTES,,solucionado,2026-04-23 10:50:00,2026-04-27 10:35:00,0,0,
TCF103713,cambio_plan,whatsapp,,,,solucionado,2026-04-23 11:05:00,2026-05-02 09:35:00,4,3,
TC102220,soporte_remoto,whatsapp,tv,CANALES FALTANTES,,cerrado_sin_contacto,2026-04-23 11:15:00,2026-04-30 11:20:00,0,0,
CH102221,soporte_remoto,whatsapp,internet,LENTITUD E INTERMITENCIA,,cerrado_sin_contacto,2026-04-23 11:15:00,2026-04-30 11:25:00,2,0,
CH102222,soporte_remoto,call_center,internet_tv,LENTITUD E INTERMITENCIA,,solucionado,2026-04-23 11:25:00,2026-04-24 15:45:00,2,0,
TC103714,cambio_plan,whatsapp,,,,solucionado,2026-04-23 11:50:00,2026-05-02 09:35:00,24,3,
SG102812,cambio_plan,call_center,,,,solucionado,2026-04-23 11:50:00,2026-04-24 11:15:00,3,3,
TC100448,sin_internet,call_center,internet,,FALLA DE FIBRA,solucionado,2026-04-23 12:25:00,2026-04-24 17:00:00,7,4,
TCF100449,sin_internet,call_center,internet,,,solucionado,2026-04-23 13:15:00,2026-04-24 17:15:00,4,4,
TC102223,soporte_remoto,whatsapp,internet,STREAMING CON FALLAS,,solucionado,2026-04-23 13:25:00,2026-04-24 16:10:00,21,0,
DQ102224,soporte_remoto,call_center,internet,STREAMING CON FALLAS,,cerrado_sin_contacto,2026-04-23 13:25:00,2026-04-30 15:50:00,21,0,
TC100447,sin_internet,call_center,internet,,,cerrado_sin_contacto,2026-04-23 15:00:00,2026-04-23 15:00:00,0,4,
TC100142,sin_internet,whatsapp,internet,,,cerrado_sin_contacto,2026-04-23 15:10:00,2026-04-24 15:50:00,0,4,
TC101925,soporte_remoto,whatsapp,internet,LENTITUD E INTERMITENCIA,,cerrado_sin_contacto,2026-04-23 15:10:00,2026-04-30 16:00:00,0,0,
C102225,soporte_remoto,call_center,internet,PROBLEMAS CON TEST DE VELOCIDAD,,solucionado,2026-04-23 15:10:00,2026-04-27 11:40:00,15,0,
DQ104054,cambio_titular,whatsapp,,,,solucionado,2026-04-23 15:15:00,2026-04-28 12:05:00,5,5,
DQ100394,sin_internet,whatsapp,internet,,,solucionado,2026-04-23 15:25:00,2026-04-23 16:30:00,4,4,
SR102226,soporte_remoto,caja,internet,PROBLEMAS CON CÁMARAS/DVR,,solucionado,2026-04-23 15:30:00,2026-04-24 17:20:00,1,0,
SG102228,soporte_remoto,call_center,internet_tv,LENTITUD E INTERMITENCIA,,cancelado,2026-04-23 16:00:00,2026-04-24 17:40:00,9,0,
SR102227,soporte_remoto,call_center,tv,FALLAS CON LA TV,,solucionado,2026-04-23 16:05:00,2026-04-27 12:00:00,1,0,
C103715,cambio_plan,whatsapp,,,,solucionado,2026-04-23 16:05:00,2026-04-24 11:15:00,15,3,
C103715,cambio_titular,call_center,,,,solucionado,2026-04-23 16:05:00,2026-04-28 12:05:00,15,5,
VG102229,soporte_remoto,caja,internet,LENTITUD E INTERMITENCIA,,cerrado_sin_contacto,2026-04-23 16:25:00,2026-04-27 10:35:00,6,1,
SR102230,soporte_remoto,call_center,internet,ERROR EN INGRESO A PÁGINAS,,cerrado_sin_contacto,2026-04-23 18:20:00,2026-04-27 10:40:00,20,1,
DQ102231,soporte_remoto,caja,tv,PROGRAMACIÓN DE TV,,solucionado,2026-04-24 08:00:00,2026-04-27 16:55:00,5,1,
VG100446,sin_internet,whatsapp,internet,,,solucionado,2026-04-24 08:15:00,2026-04-24 08:20:00,6,4,
TC103985,cambio_titular,caja,,,,solucionado,2026-04-24 08:40:00,2026-04-28 12:15:00,18,5,
VG102232,soporte_remoto,call_center,internet,LENTITUD E INTERMITENCIA,,solucionado,2026-04-24 09:05:00,2026-04-27 12:35:00,6,1,
VG100084,soporte_remoto,whatsapp,internet,LENTITUD E INTERMITENCIA,,solucionado,2026-04-24 09:05:00,2026-04-27 13:00:00,6,1,
TCF102233,soporte_remoto,whatsapp,internet_tv,LENTITUD E INTERMITENCIA,,solucionado,2026-04-24 09:50:00,2026-04-27 13:25:00,4,1,
SG102234,soporte_remoto,call_center,internet,LENTITUD E INTERMITENCIA,,cerrado_sin_contacto,2026-04-24 09:50:00,2026-04-30 16:05:00,9,0,
C102235,soporte_remoto,whatsapp,internet,HABILITACIÓN DE PUERTOS,,solucionado,2026-04-24 09:50:00,2026-04-30 16:20:00,15,0,
SR103716,cambio_plan,call_center,,,,solucionado,2026-04-24 10:55:00,2026-04-24 11:20:00,1,3,
TCF102236,soporte_remoto,call_center,internet,PROBLEMAS CON TEST DE VELOCIDAD,,solucionado,2026-04-24 11:20:00,2026-04-30 16:40:00,24,0,
SR102237,soporte_remoto,whatsapp,tv,PROGRAMACIÓN DE TV,,solucionado,2026-04-24 11:30:00,2026-04-27 15:25:00,1,0,
SG102238,soporte_remoto,call_center,internet,LENTITUD E INTERMITENCIA,,cerrado_sin_contacto,2026-04-24 13:00:00,2026-04-30 17:00:00,9,0,
TC103717,cambio_plan,call_center,,,,solucionado,2026-04-24 13:05:00,2026-04-24 13:05:00,21,8,
C103718,cambio_plan,whatsapp,,,,solucionado,2026-04-24 13:40:00,2026-05-02 09:40:00,20,3,
DQ103719,cambio_plan,call_center,,,,solucionado,2026-04-24 14:05:00,2026-05-02 09:45:00,16,3,
CH102239,soporte_remoto,call_center,internet,LENTITUD E INTERMITENCIA,,solucionado,2026-04-24 14:35:00,2026-04-27 13:30:00,2,1,
C102240,soporte_remoto,call_center,internet,LENTITUD E INTERMITENCIA,,solucionado,2026-04-24 14:45:00,2026-04-27 15:55:00,13,1,
TC102241,soporte_remoto,call_center,tv,SIN SEÑAL DE TV,,solucionado,2026-04-24 14:45:00,2026-04-27 16:00:00,0,1,
DQ102242,soporte_remoto,whatsapp,internet_tv,LENTITUD E INTERMITENCIA,,solucionado,2026-04-24 15:00:00,2026-04-27 16:05:00,12,1,
SG102243,soporte_remoto,whatsapp,internet,LENTITUD E INTERMITENCIA,,solucionado,2026-04-24 15:00:00,2026-04-27 16:30:00,3,1,
VG102244,soporte_remoto,whatsapp,internet,LENTITUD E INTERMITENCIA,,solucionado,2026-04-24 16:05:00,2026-05-04 09:50:00,6,0,
SG103720,cambio_plan,call_center,,,,solucionado,2026-04-24 16:20:00,2026-05-04 09:45:00,16,3,
DQ102245,soporte_remoto,call_center,internet,LENTITUD E INTERMITENCIA,,solucionado,2026-04-24 16:30:00,2026-04-30 17:30:00,5,0,
C100450,sin_internet,call_center,internet,,,solucionado,2026-04-24 16:40:00,2026-04-24 16:40:00,13,4,
SR103721,cambio_plan,whatsapp,,,,solucionado,2026-04-24 16:45:00,2026-05-04 09:45:00,1,3,
SG104055,cambio_titular,whatsapp,,,,solucionado,2026-04-24 17:00:00,2026-04-28 12:30:00,9,5,
DQ102102,soporte_remoto,call_center,tv,LENTITUD E INTERMITENCIA,,cerrado_sin_contacto,2026-04-24 18:25:00,2026-05-04 10:25:00,5,0,
TC102246,soporte_remoto,call_center,internet,ERROR EN INGRESO A PÁGINAS,,cerrado_sin_contacto,2026-04-24 18:45:00,2026-05-04 10:50:00,21,0,
C102247,soporte_remoto,call_center,tv,PROGRAMACIÓN DE TV,,solucionado,2026-04-25 10:25:00,2026-05-04 11:05:00,21,0,
TC103722,cambio_plan,caja,,,,solucionado,2026-04-25 10:55:00,2026-05-04 09:50:00,21,3,
DQ102248,soporte_remoto,call_center,internet_tv,LENTITUD E INTERMITENCIA,,cerrado_sin_contacto,2026-04-27 08:40:00,2026-05-05 08:50:00,12,0,
CH101139,soporte_remoto,call_center,internet_tv,LENTITUD E INTERMITENCIA,,cerrado_sin_contacto,2026-04-27 08:40:00,2026-04-27 16:25:00,2,1,
TC100452,sin_internet,whatsapp,internet,,,solucionado,2026-04-27 08:50:00,2026-04-27 11:00:00,7,4,
TCF102249,soporte_remoto,call_center,internet,LENTITUD E INTERMITENCIA,,solucionado,2026-04-27 08:50:00,2026-04-27 10:15:00,4,1,
TC104056,cambio_titular,call_center,,,,solucionado,2026-04-27 08:50:00,2026-04-28 12:30:00,7,5,
DQ102250,soporte_remoto,call_center,internet_tv,LENTITUD E INTERMITENCIA,,solucionado,2026-04-27 09:00:00,2026-04-27 17:35:00,12,1,
TC102251,soporte_remoto,call_center,internet_tv,LENTITUD E INTERMITENCIA,,solucionado,2026-04-27 09:00:00,2026-04-27 10:45:00,18,1,
SG103723,cambio_plan,call_center,,,,solucionado,2026-04-27 09:15:00,2026-05-22 11:50:00,3,3,
TC103724,cambio_plan,call_center,,,,solucionado,2026-04-27 09:15:00,2026-05-04 09:50:00,0,3,
TC102252,soporte_remoto,call_center,tv,SIN SEÑAL DE TV,,cerrado_sin_contacto,2026-04-27 09:20:00,2026-04-27 09:20:00,18,0,
TC100451,sin_internet,caja,internet,,,solucionado,2026-04-27 09:40:00,2026-04-27 16:00:00,14,4,
TC102053,soporte_remoto,whatsapp,internet,LENTITUD E INTERMITENCIA,,cerrado_sin_contacto,2026-04-27 10:00:00,2026-05-05 09:05:00,29,0,
TC102253,soporte_remoto,caja,tv,PROGRAMACIÓN DE TV,,solucionado,2026-04-27 10:05:00,2026-04-28 10:50:00,0,0,
TC100989,soporte_remoto,whatsapp,internet_tv,LENTITUD E INTERMITENCIA,,cerrado_sin_contacto,2026-04-27 10:10:00,2026-05-05 09:15:00,0,0,
DQ102254,soporte_remoto,call_center,internet,LENTITUD E INTERMITENCIA,,cancelado,2026-04-27 10:30:00,2026-04-28 11:30:00,4,0,
DQ102255,soporte_remoto,whatsapp,internet,LENTITUD E INTERMITENCIA,,solucionado,2026-04-27 10:40:00,2026-04-28 11:15:00,12,1,
TC103725,cambio_plan,whatsapp,,,,solucionado,2026-04-27 10:55:00,2026-05-22 12:15:00,0,3,
CH100900,soporte_remoto,call_center,internet_tv,LENTITUD E INTERMITENCIA,,cerrado_sin_contacto,2026-04-27 11:10:00,2026-04-28 10:15:00,2,1,
TC102256,soporte_remoto,call_center,internet,LENTITUD E INTERMITENCIA,,cerrado_sin_contacto,2026-04-27 11:25:00,2026-04-28 10:20:00,0,1,
TC103726,cambio_plan,whatsapp,,,,solucionado,2026-04-27 11:30:00,2026-05-04 09:55:00,24,3,
TC100453,sin_internet,call_center,internet,,FALLA DE FIBRA,solucionado,2026-04-27 11:35:00,2026-04-27 16:05:00,0,4,
TC100454,sin_internet,whatsapp,internet,,FALLA MASIVA,solucionado,2026-04-27 11:40:00,2026-04-27 16:05:00,7,4,
DQ102257,soporte_remoto,whatsapp,internet_tv,LENTITUD E INTERMITENCIA,,solucionado,2026-04-27 11:40:00,2026-04-28 09:25:00,12,1,
SR100455,sin_internet,call_center,internet,,BLOQUEO DE EQUIPO,solucionado,2026-04-27 11:50:00,2026-04-27 16:10:00,14,4,
SR102258,soporte_remoto,call_center,internet,LENTITUD E INTERMITENCIA,,solucionado,2026-04-27 11:50:00,2026-04-28 15:40:00,1,1,
DQ102259,soporte_remoto,call_center,internet,LENTITUD E INTERMITENCIA,,solucionado,2026-04-27 11:50:00,2026-04-28 09:30:00,5,1,
C103727,cambio_plan,call_center,,,,solucionado,2026-04-27 11:50:00,2026-05-22 12:15:00,21,3,
DQ102260,soporte_remoto,call_center,internet_tv,LENTITUD E INTERMITENCIA,,solucionado,2026-04-27 12:15:00,2026-04-28 09:40:00,12,1,
TC100456,sin_internet,whatsapp,internet,,FALLA MASIVA,solucionado,2026-04-27 12:45:00,2026-04-27 16:15:00,0,4,
VG102261,soporte_remoto,call_center,internet,ERROR EN INGRESO A PÁGINAS,,solucionado,2026-04-27 13:00:00,2026-04-28 09:45:00,16,1,
SR102262,soporte_remoto,whatsapp,internet,LENTITUD E INTERMITENCIA,,cerrado_sin_contacto,2026-04-27 13:10:00,2026-05-05 09:30:00,14,0,
TC100457,sin_internet,whatsapp,internet,,FALLA DE FIBRA,solucionado,2026-04-27 13:15:00,2026-04-27 16:20:00,7,4,
TC100458,sin_internet,caja,internet,,FALLA DE FIBRA,solucionado,2026-04-27 14:30:00,2026-04-27 16:25:00,0,4,
C100459,sin_internet,call_center,internet,,,cerrado_sin_contacto,2026-04-27 14:35:00,2026-04-27 16:30:00,13,4,
CH102057,soporte_remoto,whatsapp,internet,LENTITUD E INTERMITENCIA,,solucionado,2026-04-27 14:40:00,2026-04-28 16:40:00,2,0,
C103728,cambio_plan,call_center,,,,solucionado,2026-04-27 14:50:00,2026-05-04 09:55:00,13,3,
C103728,cambio_titular,call_center,,,,solucionado,2026-04-27 14:50:00,2026-04-28 12:30:00,13,5,
TC100460,sin_internet,whatsapp,internet,,WIFI DESACTIVADO,solucionado,2026-04-27 15:20:00,2026-04-27 15:20:00,0,4,
DQ101017,soporte_remoto,whatsapp,internet_tv,LENTITUD E INTERMITENCIA,,solucionado,2026-04-27 15:30:00,2026-04-28 16:55:00,12,0,
TC101113,soporte_remoto,caja,internet,LENTITUD E INTERMITENCIA,,solucionado,2026-04-27 15:35:00,2026-05-05 10:05:00,0,0,
CH101535,soporte_remoto,call_center,internet_tv,LENTITUD E INTERMITENCIA,,solucionado,2026-04-27 15:40:00,2026-04-29 09:10:00,2,0,
SR102264,soporte_remoto,whatsapp,internet,LENTITUD E INTERMITENCIA,,solucionado,2026-04-27 16:10:00,2026-05-05 10:25:00,1,0,
VG102263,soporte_remoto,whatsapp,internet,LENTITUD E INTERMITENCIA,,solucionado,2026-04-27 16:25:00,2026-05-05 09:40:00,6,0,
TC102265,soporte_remoto,caja,internet,LENTITUD E INTERMITENCIA,,cerrado_sin_contacto,2026-04-27 16:25:00,2026-04-28 15:00:00,18,1,
SR102230,soporte_remoto,whatsapp,internet,LENTITUD E INTERMITENCIA,,cerrado_sin_contacto,2026-04-27 16:30:00,2026-04-28 10:40:00,1,1,
CH102266,soporte_remoto,call_center,internet,LENTITUD E INTERMITENCIA,,cerrado_sin_contacto,2026-04-27 16:30:00,2026-04-28 15:05:00,2,1,
DQ102267,soporte_remoto,whatsapp,tv,CANALES LLUVIOSOS/PIXELADOS,,cerrado_sin_contacto,2026-04-27 17:20:00,2026-04-28 15:15:00,12,1,
TC100461,sin_internet,call_center,internet,,,cerrado_sin_contacto,2026-04-27 17:25:00,2026-04-27 17:30:00,5,4,
TCF102268,soporte_remoto,call_center,tv,CANALES LLUVIOSOS/PIXELADOS,,solucionado,2026-04-27 17:30:00,2026-04-27 17:30:00,4,0,
C102269,soporte_remoto,call_center,internet,LENTITUD E INTERMITENCIA,,solucionado,2026-04-27 17:30:00,2026-05-04 15:55:00,13,0,
CH102830,cambio_plan,call_center,,,,solucionado,2026-04-27 18:00:00,2026-05-04 10:00:00,2,3,
DQ103729,cambio_plan,call_center,,,,solucionado,2026-04-27 18:20:00,2026-05-04 10:30:00,16,3,
TCF102270,soporte_remoto,whatsapp,internet,LENTITUD E INTERMITENCIA,,cerrado_sin_contacto,2026-04-28 08:25:00,2026-05-07 08:10:00,4,0,
TC100462,sin_internet,call_center,internet,,FALLA DE FIBRA,solucionado,2026-04-28 08:30:00,2026-04-28 09:00:00,7,4,
TC102271,soporte_remoto,whatsapp,internet,LENTITUD E INTERMITENCIA,,solucionado,2026-04-28 08:40:00,2026-05-04 16:40:00,12,0,
TC101943,soporte_remoto,call_center,internet,LENTITUD E INTERMITENCIA,,solucionado,2026-04-28 08:45:00,2026-04-29 17:30:00,7,0,
SR102272,soporte_remoto,call_center,internet_tv,LENTITUD E INTERMITENCIA,,solucionado,2026-04-28 08:50:00,2026-05-04 17:30:00,1,0,
SR102273,soporte_remoto,whatsapp,internet,LENTITUD E INTERMITENCIA,,cerrado_sin_contacto,2026-04-28 08:55:00,2026-04-28 10:25:00,1,1,
TC102216,soporte_remoto,whatsapp,internet_tv,LENTITUD E INTERMITENCIA,,solucionado,2026-04-28 09:00:00,2026-05-04 17:35:00,0,0,
DQ102274,soporte_remoto,call_center,internet,LENTITUD E INTERMITENCIA,,cerrado_sin_contacto,2026-04-28 10:25:00,2026-04-29 09:05:00,5,1,
C102275,soporte_remoto,whatsapp,internet_tv,LENTITUD E INTERMITENCIA,,solucionado,2026-04-28 10:50:00,2026-04-29 09:10:00,7,1,
VG103730,cambio_plan,call_center,,,,solucionado,2026-04-28 10:50:00,2026-05-04 10:40:00,6,3,
SR102276,soporte_remoto,whatsapp,internet,ERROR EN INGRESO A PÁGINAS,,solucionado,2026-04-28 11:00:00,2026-04-29 10:00:00,25,0,
TC102277,soporte_remoto,caja,internet,LENTITUD E INTERMITENCIA,,cerrado_sin_contacto,2026-04-28 11:05:00,2026-05-05 11:20:00,0,0,
CH102278,soporte_remoto,call_center,internet,LENTITUD E INTERMITENCIA,,solucionado,2026-04-28 11:10:00,2026-04-29 11:15:00,2,0,
DQ100463,sin_internet,call_center,internet,,,solucionado,2026-04-28 11:20:00,2026-04-28 11:20:00,4,4,
TC102279,soporte_remoto,whatsapp,internet,LENTITUD E INTERMITENCIA,,solucionado,2026-04-28 11:25:00,2026-05-05 11:45:00,7,0,
CH102193,cambio_plan,whatsapp,,,,solucionado,2026-04-28 11:40:00,2026-05-04 10:40:00,2,3,
TC101666,soporte_remoto,whatsapp,internet,HABILITACIÓN DE PUERTOS,,solucionado,2026-04-28 12:30:00,2026-04-29 16:10:00,25,1,1
SR102280,soporte_remoto,call_center,internet,ERROR EN INGRESO A PÁGINAS,,cerrado_sin_contacto,2026-04-28 13:30:00,2026-04-29 09:15:00,27,1,
DQ101696,soporte_remoto,call_center,internet,LENTITUD E INTERMITENCIA,,solucionado,2026-04-28 13:35:00,2026-04-29 13:20:00,5,1,
SG102281,soporte_remoto,call_center,internet,PROBLEMAS CON CÁMARAS/DVR,,solucionado,2026-04-28 13:50:00,2026-05-05 12:00:00,3,0,
TC100464,sin_internet,call_center,internet,,,solucionado,2026-04-28 14:10:00,2026-04-28 14:10:00,18,4,
TC100468,soporte_remoto,whatsapp,tv,SIN SEÑAL DE TV,,solucionado,2026-04-28 14:20:00,2026-04-29 11:40:00,12,0,
C100465,sin_internet,call_center,internet,,,solucionado,2026-04-28 14:30:00,2026-04-28 17:40:00,15,4,
TC103427,cambio_plan,call_center,,,,solucionado,2026-04-28 14:50:00,2026-05-07 11:15:00,0,3,
SR102282,soporte_remoto,call_center,internet,LENTITUD E INTERMITENCIA,,cerrado_sin_contacto,2026-04-28 14:55:00,2026-05-07 08:15:00,14,0,
SR101045,soporte_remoto,call_center,internet,LENTITUD E INTERMITENCIA,,solucionado,2026-04-28 14:55:00,2026-04-29 11:55:00,14,1,
SG101287,soporte_remoto,call_center,internet,LENTITUD E INTERMITENCIA,,solucionado,2026-04-28 15:10:00,2026-04-29 12:15:00,3,1,
SR102283,soporte_remoto,whatsapp,internet,ERROR EN INGRESO A PÁGINAS,,solucionado,2026-04-28 15:20:00,2026-04-28 15:20:00,23,4,1
CH101029,soporte_remoto,whatsapp,internet_tv,LENTITUD E INTERMITENCIA,,solucionado,2026-04-28 15:25:00,2026-05-07 08:20:00,2,0,
CH102284,soporte_remoto,caja,internet_tv,LENTITUD E INTERMITENCIA,,cerrado_sin_contacto,2026-04-28 15:40:00,2026-05-07 08:30:00,2,0,
CH102285,soporte_remoto,call_center,internet,LENTITUD E INTERMITENCIA,,solucionado,2026-04-28 16:05:00,2026-05-07 08:40:00,2,0,
C103731,cambio_plan,whatsapp,,,,solucionado,2026-04-28 16:15:00,2026-05-04 10:55:00,8,3,
DQ102286,soporte_remoto,call_center,internet_tv,LENTITUD E INTERMITENCIA,,cerrado_sin_contacto,2026-04-28 16:35:00,2026-04-29 11:45:00,20,1,
DQ102287,soporte_remoto,caja,internet,LENTITUD E INTERMITENCIA,,cerrado_sin_contacto,2026-04-28 16:40:00,2026-04-29 11:55:00,10,1,
SR102288,soporte_remoto,call_center,tv,CANALES FALTANTES,,solucionado,2026-04-28 17:15:00,2026-04-30 14:00:00,1,1,
TC102731,cambio_plan,call_center,,,,solucionado,2026-04-28 17:20:00,2026-05-04 10:55:00,12,3,
TC102289,soporte_remoto,call_center,tv,CANALES FALTANTES,,cerrado_sin_contacto,2026-04-28 17:25:00,2026-05-07 08:45:00,0,0,
TC103732,cambio_plan,call_center,,,,solucionado,2026-04-28 17:30:00,2026-04-29 12:15:00,7,3,
TC100471,sin_internet,whatsapp,internet,,FALLA MASIVA,solucionado,2026-04-29 09:00:00,2026-04-29 09:00:00,22,4,
TC102316,soporte_remoto,whatsapp,internet,LENTITUD E INTERMITENCIA,,solucionado,2026-04-29 09:00:00,2026-05-06 09:00:00,12,0,
DQ103733,cambio_plan,call_center,,,,solucionado,2026-04-29 09:05:00,2026-05-04 11:10:00,5,3,
CH100130,soporte_remoto,call_center,internet_tv,LENTITUD E INTERMITENCIA,,cerrado_sin_contacto,2026-04-29 09:30:00,2026-05-07 08:50:00,2,0,
TCF102290,soporte_remoto,call_center,tv,CANALES INTERMITENTES,,solucionado,2026-04-29 09:30:00,2026-04-30 14:05:00,22,1,
TCF102291,soporte_remoto,call_center,tv,CANALES INTERMITENTES,,cerrado_sin_contacto,2026-04-29 09:30:00,2026-04-30 13:00:00,22,1,
DQ102292,soporte_remoto,call_center,tv,CANALES FALTANTES,,cerrado_sin_contacto,2026-04-29 09:30:00,2026-04-30 13:15:00,22,1,
VG100467,sin_internet,caja,internet,,BLOQUEO DE EQUIPO,solucionado,2026-04-29 10:30:00,2026-04-29 10:30:00,6,4,
TC100468,sin_internet,call_center,internet,,,solucionado,2026-04-29 10:30:00,2026-04-29 10:30:00,7,4,
TC100468,sin_internet,caja,internet,,,solucionado,2026-04-29 10:30:00,2026-05-04 09:00:00,7,4,
VG102293,soporte_remoto,call_center,internet,LENTITUD E INTERMITENCIA,,solucionado,2026-04-29 10:30:00,2026-04-30 16:00:00,6,1,
TC102294,soporte_remoto,call_center,tv,SIN SEÑAL DE TV,,cerrado_sin_contacto,2026-04-29 10:35:00,2026-04-30 15:30:00,0,1,
TC100466,sin_internet,call_center,internet,,FALLA MASIVA,solucionado,2026-04-29 10:40:00,2026-04-29 10:40:00,7,4,
DQ100469,sin_internet,call_center,internet,,,solucionado,2026-04-29 10:40:00,2026-04-29 10:40:00,10,4,
TC100470,sin_internet,whatsapp,internet,,,solucionado,2026-04-29 10:50:00,2026-04-29 10:50:00,7,4,
DQ102295,soporte_remoto,whatsapp,internet,LENTITUD E INTERMITENCIA,,cerrado_sin_contacto,2026-04-29 10:50:00,2026-04-30 15:40:00,5,1,
SR102296,soporte_remoto,whatsapp,internet,LENTITUD E INTERMITENCIA,,solucionado,2026-04-29 11:00:00,2026-04-30 13:00:00,1,1,
C102297,soporte_remoto,whatsapp,internet,LENTITUD E INTERMITENCIA,,cerrado_sin_contacto,2026-04-29 11:00:00,2026-05-04 08:40:00,20,1,
TC102298,soporte_remoto,call_center,tv,CANALES FALTANTES,,solucionado,2026-04-29 11:00:00,2026-05-04 15:45:00,0,1,
DQ100472,sin_internet,call_center,internet,,FALLA DE FIBRA,solucionado,2026-04-29 11:40:00,2026-04-29 11:40:00,10,4,
TC100473,sin_internet,call_center,internet,,,cerrado_sin_contacto,2026-04-29 11:40:00,2026-04-29 11:40:00,22,4,
TC100474,sin_internet,whatsapp,internet,,,cerrado_sin_contacto,2026-04-29 11:40:00,2026-04-29 11:40:00,22,4,
TC103734,cambio_plan,whatsapp,,,,solucionado,2026-04-29 11:40:00,2026-05-04 11:15:00,20,3,
TC103735,cambio_plan,call_center,,,,solucionado,2026-04-29 11:40:00,2026-05-04 11:20:00,22,3,
DQ102299,soporte_remoto,call_center,tv,CANALES LLUVIOSOS/PIXELADOS,,cerrado_sin_contacto,2026-04-29 11:45:00,2026-05-04 08:45:00,5,1,
DQ100837,soporte_remoto,call_center,tv,CANALES FALTANTES,,cerrado_sin_contacto,2026-04-29 11:45:00,2026-05-04 08:55:00,5,1,
TC102300,soporte_remoto,call_center,tv,PROGRAMACIÓN DE TV,,solucionado,2026-04-29 12:00:00,2026-05-05 15:35:00,0,0,
TC102301,soporte_remoto,whatsapp,tv,SIN SEÑAL DE TV,,solucionado,2026-04-29 12:35:00,2026-05-05 15:50:00,18,0,
TC100456,sin_internet,call_center,internet,,FALLA MASIVA,solucionado,2026-04-29 12:45:00,2026-04-29 12:45:00,7,4,
TC102302,soporte_remoto,call_center,internet_tv,LENTITUD E INTERMITENCIA,,solucionado,2026-04-29 12:45:00,2026-05-07 08:55:00,18,0,
SG102303,soporte_remoto,caja,internet,LENTITUD E INTERMITENCIA,,solucionado,2026-04-29 12:50:00,2026-05-05 16:35:00,9,0,
TC101855,soporte_remoto,whatsapp,internet_tv,LENTITUD E INTERMITENCIA,,cerrado_sin_contacto,2026-04-29 13:00:00,2026-05-07 09:00:00,0,0,
C102304,soporte_remoto,call_center,internet_tv,FALLAS CON LA TV,,solucionado,2026-04-29 13:05:00,2026-05-05 16:15:00,8,1,
TC102305,soporte_remoto,call_center,tv,PROGRAMACIÓN DE TV,,solucionado,2026-04-29 13:05:00,2026-05-05 08:30:00,22,1,
TCF102236,cambio_plan,call_center,,,,solucionado,2026-04-29 13:30:00,2026-05-07 11:20:00,27,3,
SR100076,soporte_remoto,call_center,internet,LENTITUD E INTERMITENCIA,,solucionado,2026-04-29 13:35:00,2026-05-05 16:15:00,1,1,
SR103736,cambio_plan,call_center,,,,solucionado,2026-04-29 14:05:00,2026-05-22 12:20:00,1,3,
SR103736,cambio_titular,whatsapp,,,,solucionado,2026-04-29 14:05:00,2026-04-30 09:05:00,1,5,
VG102781,cambio_plan,call_center,,,,solucionado,2026-04-29 14:15:00,2026-05-04 08:20:00,6,6,
DQ102306,soporte_remoto,call_center,internet,LENTITUD E INTERMITENCIA,,cerrado_sin_contacto,2026-04-29 14:20:00,2026-05-05 08:15:00,10,1,
TC103737,cambio_plan,call_center,,,,solucionado,2026-04-29 14:30:00,2026-05-04 11:20:00,24,3,
TC102307,soporte_remoto,whatsapp,internet_tv,LENTITUD E INTERMITENCIA,,solucionado,2026-04-29 14:45:00,2026-05-05 09:25:00,0,1,
TC100454,sin_internet,whatsapp,internet,,FALLA MASIVA,solucionado,2026-04-29 15:10:00,2026-04-29 15:10:00,7,4,
DQ102308,soporte_remoto,call_center,internet,LENTITUD E INTERMITENCIA,,cerrado_sin_contacto,2026-04-29 15:25:00,2026-05-05 08:25:00,10,1,
TC102309,soporte_remoto,whatsapp,internet_tv,LENTITUD E INTERMITENCIA,,solucionado,2026-04-29 15:30:00,2026-05-05 09:10:00,18,1,
CH100475,sin_internet,call_center,internet,,BLOQUEO DE EQUIPO,solucionado,2026-04-29 15:40:00,2026-04-29 15:40:00,2,4,
C103738,cambio_plan,whatsapp,,,,solucionado,2026-04-29 15:55:00,2026-05-04 11:30:00,27,3,
SR102310,soporte_remoto,call_center,internet,LENTITUD E INTERMITENCIA,,cancelado,2026-04-29 16:00:00,2026-05-05 09:25:00,1,1,
C103739,cambio_plan,call_center,,,,solucionado,2026-04-29 16:00:00,2026-05-22 12:20:00,21,3,
SG102311,soporte_remoto,call_center,internet,LENTITUD E INTERMITENCIA,,cerrado_sin_contacto,2026-04-29 16:20:00,2026-05-05 08:35:00,3,1,
DQ102312,soporte_remoto,caja,internet,LENTITUD E INTERMITENCIA,,cerrado_sin_contacto,2026-04-29 16:30:00,2026-05-09 08:20:00,1,0,
SR101909,soporte_remoto,whatsapp,internet,LENTITUD E INTERMITENCIA,,cerrado_sin_contacto,2026-04-29 16:30:00,2026-05-09 08:30:00,1,0,
DQ102313,soporte_remoto,call_center,tv,CANALES FALTANTES,,solucionado,2026-04-29 16:30:00,2026-05-06 08:35:00,22,0,
SG102314,soporte_remoto,whatsapp,internet,LENTITUD E INTERMITENCIA,,cerrado_sin_contacto,2026-04-29 17:00:00,2026-05-09 08:40:00,9,0,
TC103740,cambio_plan,whatsapp,,,,solucionado,2026-04-29 17:00:00,2026-05-04 11:30:00,21,3,
SG102315,soporte_remoto,whatsapp,internet,LENTITUD E INTERMITENCIA,,solucionado,2026-04-29 17:15:00,2026-05-07 09:20:00,9,0,
C103741,cambio_plan,whatsapp,,,,solucionado,2026-04-29 17:30:00,2026-05-04 11:30:00,13,3,
TC102064,cambio_plan,whatsapp,,,,solucionado,2026-04-29 17:55:00,2026-05-04 11:35:00,5,3,
TC102317,soporte_remoto,whatsapp,internet,LENTITUD E INTERMITENCIA,,solucionado,2026-04-29 18:20:00,2026-05-09 08:45:00,23,0,
DQ102318,soporte_remoto,whatsapp,tv,PROGRAMACIÓN DE TV,,solucionado,2026-04-29 18:35:00,,5,0,
TC100476,sin_internet,whatsapp,internet,,FALLA DE FIBRA,solucionado,2026-04-30 08:20:00,2026-04-30 09:00:00,0,4,
C102319,soporte_remoto,call_center,internet_tv,LENTITUD E INTERMITENCIA,,solucionado,2026-04-30 08:40:00,2026-05-06 10:40:00,8,0,
DQ102320,soporte_remoto,caja,internet,LENTITUD E INTERMITENCIA,,solucionado,2026-04-30 08:45:00,2026-05-09 08:55:00,12,0,
SG102321,soporte_remoto,call_center,internet_tv,LENTITUD E INTERMITENCIA,,cerrado_sin_contacto,2026-04-30 08:45:00,2026-05-09 09:00:00,26,0,
CH100693,cambio_plan,whatsapp,,,,solucionado,2026-04-30 08:45:00,2026-05-04 11:35:00,2,3,
SG103742,cambio_plan,whatsapp,,,,solucionado,2026-04-30 09:00:00,2026-05-04 11:40:00,9,3,
SG101315,cambio_plan,call_center,,,,solucionado,2026-04-30 09:00:00,2026-05-04 11:45:00,9,3,
C102322,soporte_remoto,call_center,internet,LENTITUD E INTERMITENCIA,,solucionado,2026-04-30 09:10:00,2026-05-06 11:25:00,10,0,
CH100693,soporte_remoto,whatsapp,internet,LENTITUD E INTERMITENCIA,,solucionado,2026-04-30 09:30:00,2026-05-06 11:35:00,2,0,
TCF102323,soporte_remoto,whatsapp,internet,LENTITUD E INTERMITENCIA,,cerrado_sin_contacto,2026-04-30 09:30:00,2026-05-09 10:05:00,22,0,
CH101529,soporte_remoto,whatsapp,internet,LENTITUD E INTERMITENCIA,,solucionado,2026-04-30 09:30:00,2026-05-09 10:15:00,2,0,
C102324,soporte_remoto,call_center,tv,LENTITUD E INTERMITENCIA,,solucionado,2026-04-30 09:50:00,2026-05-07 09:40:00,8,0,
TC101492,soporte_remoto,call_center,internet,LENTITUD E INTERMITENCIA,,cerrado_sin_contacto,2026-04-30 10:05:00,2026-05-09 10:20:00,0,0,
SR102325,soporte_remoto,call_center,internet,LENTITUD E INTERMITENCIA,,solucionado,2026-04-30 10:15:00,2026-05-06 16:15:00,14,0,
TCF102326,soporte_remoto,caja,internet_tv,LENTITUD E INTERMITENCIA,,solucionado,2026-04-30 10:15:00,2026-05-06 16:40:00,22,0,
TC100830,soporte_remoto,whatsapp,internet_tv,LENTITUD E INTERMITENCIA,,cerrado_sin_contacto,2026-04-30 10:30:00,2026-05-09 10:25:00,0,0,
DQ103203,cambio_titular,call_center,,,,solucionado,2026-04-30 10:30:00,2026-05-05 12:25:00,17,5,
C100477,sin_internet,call_center,internet,,FALLA DE FIBRA,solucionado,2026-04-30 10:40:00,2026-04-30 10:40:00,13,4,
DQ100061,cambio_plan,whatsapp,,,,solucionado,2026-04-30 11:20:00,2026-05-04 11:40:00,12,3,
SR102327,soporte_remoto,whatsapp,tv,PROGRAMACIÓN DE TV,,cerrado_sin_contacto,2026-04-30 11:35:00,2026-05-09 10:30:00,1,0,
SG102328,soporte_remoto,call_center,internet,LENTITUD E INTERMITENCIA,,solucionado,2026-04-30 12:30:00,2026-05-06 16:50:00,3,0,
TC102329,soporte_remoto,call_center,internet,LENTITUD E INTERMITENCIA,,solucionado,2026-04-30 12:45:00,2026-05-07 09:50:00,0,0,
DQ102330,soporte_remoto,call_center,internet_tv,LENTITUD E INTERMITENCIA,,solucionado,2026-04-30 12:55:00,2026-05-06 17:20:00,5,0,
TC104057,cambio_titular,call_center,,,,solucionado,2026-04-30 13:00:00,2026-04-30 16:40:00,7,5,
TC100775,soporte_remoto,call_center,internet,LENTITUD E INTERMITENCIA,,cancelado,2026-04-30 14:05:00,2026-05-05 10:10:00,0,1,
TC100080,soporte_remoto,call_center,internet,LENTITUD E INTERMITENCIA,,solucionado,2026-04-30 14:30:00,2026-05-06 12:10:00,7,1,
VG102331,soporte_remoto,caja,internet,LENTITUD E INTERMITENCIA,,solucionado,2026-04-30 14:35:00,2026-05-06 10:25:00,6,1,
TC100478,sin_internet,whatsapp,internet,,FALLA MASIVA,solucionado,2026-04-30 14:40:00,2026-04-30 14:40:00,7,4,
TC100479,sin_internet,call_center,internet,,FALLA MASIVA,solucionado,2026-04-30 14:40:00,2026-04-30 14:40:00,7,4,
SR102332,soporte_remoto,whatsapp,internet,LENTITUD E INTERMITENCIA,,solucionado,2026-04-30 14:45:00,2026-05-05 10:35:00,1,1,
SR102333,soporte_remoto,whatsapp,internet,LENTITUD E INTERMITENCIA,,solucionado,2026-04-30 14:45:00,2026-05-05 10:50:00,1,1,
C102334,soporte_remoto,call_center,internet_tv,LENTITUD E INTERMITENCIA,,solucionado,2026-04-30 14:55:00,2026-05-05 11:00:00,8,1,
SG101851,soporte_remoto,caja,internet,PROBLEMAS CON TEST DE VELOCIDAD,,solucionado,2026-04-30 15:00:00,2026-05-05 11:05:00,16,1,
TC100330,soporte_remoto,call_center,internet,ERROR EN INGRESO A PÁGINAS,,cerrado_sin_contacto,2026-04-30 15:00:00,2026-05-06 08:20:00,7,1,
TC100480,sin_internet,whatsapp,internet,,FALLA MASIVA,solucionado,2026-04-30 15:05:00,2026-04-30 15:05:00,7,4,
C102335,soporte_remoto,call_center,tv,FALLAS CON LA TV,,solucionado,2026-04-30 15:10:00,2026-05-06 12:55:00,8,1,
TC102336,soporte_remoto,whatsapp,internet,LENTITUD E INTERMITENCIA,,solucionado,2026-04-30 15:10:00,2026-05-06 11:45:00,7,1,
TC102337,soporte_remoto,whatsapp,internet_tv,LENTITUD E INTERMITENCIA,,solucionado,2026-04-30 15:10:00,2026-05-06 12:00:00,18,1,
TC100481,sin_internet,call_center,internet,,FALLA MASIVA,solucionado,2026-04-30 15:15:00,2026-04-30 15:15:00,7,4,
C100482,sin_internet,caja,internet,,FALLA DE FIBRA,solucionado,2026-04-30 15:40:00,2026-04-30 15:40:00,7,4,
TC102338,soporte_remoto,whatsapp,internet,LENTITUD E INTERMITENCIA,,cerrado_sin_contacto,2026-04-30 15:55:00,2026-05-06 08:25:00,0,1,
VG102339,soporte_remoto,call_center,internet,LENTITUD E INTERMITENCIA,,solucionado,2026-04-30 16:00:00,2026-05-06 17:35:00,6,0,
DQ102340,soporte_remoto,call_center,internet,LENTITUD E INTERMITENCIA,,cerrado_sin_contacto,2026-04-30 16:00:00,2026-05-12 15:00:00,22,0,
CH102341,soporte_remoto,whatsapp,internet_tv,LENTITUD E INTERMITENCIA,,cerrado_sin_contacto,2026-04-30 16:00:00,2026-05-12 15:10:00,2,0,
VG102342,soporte_remoto,call_center,internet,LENTITUD E INTERMITENCIA,,cerrado_sin_contacto,2026-04-30 16:00:00,2026-05-12 15:15:00,6,0,
TC102083,soporte_remoto,call_center,internet,LENTITUD E INTERMITENCIA,,solucionado,2026-04-30 16:05:00,2026-05-07 10:30:00,7,0,
CH102343,soporte_remoto,caja,tv,PROGRAMACIÓN DE TV,,cancelado,2026-04-30 16:05:00,2026-05-06 12:30:00,2,1,
SR102030,soporte_remoto,whatsapp,tv,CANALES INTERMITENTES,,solucionado,2026-04-30 16:10:00,2026-05-06 08:40:00,1,1,
VG102344,soporte_remoto,caja,internet,LENTITUD E INTERMITENCIA,,solucionado,2026-04-30 16:15:00,2026-05-06 16:15:00,6,1,
VG103761,cambio_titular,whatsapp,,,,solucionado,2026-04-30 16:20:00,2026-04-30 16:40:00,6,5,
TC102345,soporte_remoto,call_center,tv,PROGRAMACIÓN DE TV,,solucionado,2026-04-30 16:30:00,2026-05-06 12:45:00,18,1,
SR100455,soporte_remoto,whatsapp,internet,LENTITUD E INTERMITENCIA,,solucionado,2026-04-30 16:40:00,2026-05-04 13:10:00,14,1,
VG102346,soporte_remoto,call_center,tv,SIN SEÑAL DE TV,,solucionado,2026-04-30 16:40:00,2026-05-06 08:45:00,6,1,
SG102161,soporte_remoto,whatsapp,internet,LENTITUD E INTERMITENCIA,,solucionado,2026-04-30 16:40:00,2026-05-06 08:55:00,3,1,
TC102348,soporte_remoto,call_center,internet_tv,LENTITUD E INTERMITENCIA,,solucionado,2026-04-30 16:50:00,2026-05-06 16:45:00,18,1,
DQ100483,sin_internet,call_center,internet,,,solucionado,2026-04-30 16:55:00,2026-04-30 16:55:00,0,4,
DQ102349,soporte_remoto,whatsapp,tv,PROGRAMACIÓN DE TV,,cerrado_sin_contacto,2026-04-30 16:55:00,2026-05-06 09:05:00,5,1,
TC102350,soporte_remoto,call_center,tv,CANALES FALTANTES,,solucionado,2026-04-30 17:00:00,2026-05-06 09:10:00,18,1,
C104058,cambio_titular,whatsapp,,,,solucionado,2026-04-30 17:00:00,2026-04-30 17:00:00,8,5,
DQ102351,soporte_remoto,call_center,tv,LENTITUD E INTERMITENCIA,,solucionado,2026-04-30 17:05:00,2026-05-06 17:20:00,5,1,
TC102352,soporte_remoto,whatsapp,internet,LENTITUD E INTERMITENCIA,,cerrado_sin_contacto,2026-04-30 17:20:00,2026-05-06 09:15:00,18,1,
TCF102353,soporte_remoto,call_center,internet,LENTITUD E INTERMITENCIA,,solucionado,2026-04-30 17:20:00,2026-05-06 17:40:00,22,1,
TC102354,soporte_remoto,call_center,internet,LENTITUD E INTERMITENCIA,,cerrado_sin_contacto,2026-04-30 17:30:00,2026-05-12 15:20:00,18,0,
DQ102347,soporte_remoto,call_center,internet,LENTITUD E INTERMITENCIA,,cerrado_sin_contacto,2026-04-30 17:45:00,2026-05-06 09:00:00,5,1,
SG102356,soporte_remoto,whatsapp,internet,LENTITUD E INTERMITENCIA,,solucionado,2026-04-30 17:50:00,2026-05-07 10:50:00,3,0,
CH102285,cambio_plan,call_center,,,,solucionado,2026-04-30 17:50:00,2026-05-04 11:40:00,2,3,
DQ103743,cambio_plan,whatsapp,,,,solucionado,2026-04-30 18:15:00,2026-05-04 11:45:00,17,3,
SG103676,cambio_plan,whatsapp,,,,solucionado,2026-04-30 18:20:00,2026-05-04 11:50:00,3,3,
SG102355,soporte_remoto,call_center,internet,LENTITUD E INTERMITENCIA,,cerrado_sin_contacto,2026-04-30 18:40:00,2026-05-12 15:25:00,3,0,
CH100956,soporte_remoto,whatsapp,internet,LENTITUD E INTERMITENCIA,,solucionado,2026-05-01 08:00:00,2026-06-01 12:00:00,2,1,
C103791,cambio_plan,call_center,,,,solucionado,2026-05-01 16:05:00,2026-05-12 16:10:00,21,8,
DQ102357,soporte_remoto,whatsapp,internet,STREAMING CON FALLAS,,cerrado_sin_contacto,2026-05-01 17:45:00,2026-05-12 15:35:00,20,0,
DQ102358,soporte_remoto,call_center,internet,HABILITACIÓN DE PUERTOS,,solucionado,2026-05-03 10:25:00,2026-05-07 09:35:00,24,0,1
VG102359,soporte_remoto,whatsapp,internet,LENTITUD E INTERMITENCIA,,solucionado,2026-05-04 08:05:00,2026-05-09 11:35:00,6,0,
CH100903,soporte_remoto,whatsapp,internet,LENTITUD E INTERMITENCIA,,solucionado,2026-05-04 08:20:00,2026-05-07 12:20:00,2,1,
TC100484,sin_internet,call_center,internet,,FALLA DE FIBRA,solucionado,2026-05-04 08:25:00,2026-05-04 09:00:00,18,4,
TCF102360,soporte_remoto,whatsapp,internet,LENTITUD E INTERMITENCIA,,solucionado,2026-05-04 08:25:00,2026-05-07 09:40:00,4,1,
CH100485,sin_internet,call_center,internet,,EQUIPO NO ENGANCHA,solucionado,2026-05-04 08:40:00,2026-05-04 10:20:00,2,4,
CH102362,soporte_remoto,whatsapp,internet,LENTITUD E INTERMITENCIA,,cerrado_sin_contacto,2026-05-04 08:45:00,2026-05-07 09:40:00,2,1,
TC102363,soporte_remoto,call_center,internet,LENTITUD E INTERMITENCIA,,cerrado_sin_contacto,2026-05-04 08:45:00,2026-05-07 10:10:00,18,1,
DQ100486,sin_internet,caja,internet,,WIFI DESACTIVADO,solucionado,2026-05-04 08:50:00,2026-05-04 10:25:00,5,4,
TC100488,sin_internet,whatsapp,internet,,FALLA MASIVA,solucionado,2026-05-04 08:55:00,2026-05-04 10:40:00,7,4,
TC101977,soporte_remoto,whatsapp,internet_tv,LENTITUD E INTERMITENCIA,,solucionado,2026-05-04 08:55:00,2026-05-07 09:50:00,7,1,
DQ102365,soporte_remoto,call_center,tv,PROGRAMACIÓN DE TV,,cerrado_sin_contacto,2026-05-04 08:55:00,2026-05-12 15:30:00,5,0,
SR102364,soporte_remoto,whatsapp,internet,LENTITUD E INTERMITENCIA,,cerrado_sin_contacto,2026-05-04 09:00:00,2026-05-07 10:20:00,14,1,
TC100487,sin_internet,whatsapp,internet,,EQUIPO NO ENGANCHA,solucionado,2026-05-04 09:05:00,2026-05-04 10:30:00,18,4,
DQ100489,sin_internet,whatsapp,internet,,,solucionado,2026-05-04 09:10:00,2026-05-04 10:50:00,4,4,
DQ102366,soporte_remoto,call_center,internet_tv,LENTITUD E INTERMITENCIA,,solucionado,2026-05-04 09:10:00,2026-05-07 11:45:00,4,0,
TC102367,soporte_remoto,call_center,tv,FALLAS CON LA TV,,solucionado,2026-05-04 09:10:00,2026-05-07 11:55:00,18,0,
SR102368,soporte_remoto,whatsapp,internet,LENTITUD E INTERMITENCIA,,solucionado,2026-05-04 09:10:00,2026-05-07 12:05:00,1,0,
TC102369,soporte_remoto,call_center,internet_tv,LENTITUD E INTERMITENCIA,,solucionado,2026-05-04 09:15:00,2026-05-07 12:15:00,0,0,
TCF102370,soporte_remoto,call_center,internet_tv,LENTITUD E INTERMITENCIA,,cerrado_sin_contacto,2026-05-04 09:25:00,2026-05-12 15:35:00,6,0,
TC100490,sin_internet,caja,internet,,,solucionado,2026-05-04 09:45:00,2026-05-04 10:55:00,7,4,
TCF100491,sin_internet,caja,internet,,WIFI DESACTIVADO,solucionado,2026-05-04 09:50:00,2026-05-04 11:00:00,4,4,
C100492,sin_internet,caja,internet,,BLOQUEO DE EQUIPO,solucionado,2026-05-04 09:50:00,2026-05-04 11:05:00,8,4,
DQ100493,sin_internet,call_center,internet,,,solucionado,2026-05-04 09:55:00,2026-05-04 09:55:00,5,4,
DQ102371,soporte_remoto,call_center,internet,ERROR EN INGRESO A PÁGINAS,,solucionado,2026-05-04 10:00:00,2026-05-09 11:50:00,5,0,
DQ102372,soporte_remoto,whatsapp,tv,PROGRAMACIÓN DE TV,,solucionado,2026-05-04 10:00:00,2026-05-07 11:40:00,5,1,
C102373,soporte_remoto,whatsapp,internet_tv,LENTITUD E INTERMITENCIA,,solucionado,2026-05-04 10:00:00,2026-05-07 12:10:00,8,1,
C100494,sin_internet,call_center,internet,,WIFI DESACTIVADO,solucionado,2026-05-04 10:05:00,2026-05-04 10:05:00,8,4,
C103744,cambio_plan,call_center,,,,solucionado,2026-05-04 10:15:00,2026-05-04 11:55:00,8,3,
DQ103745,cambio_plan,call_center,,,,solucionado,2026-05-04 10:15:00,2026-05-04 12:00:00,12,3,
TC102374,soporte_remoto,call_center,tv,FALLAS CON LA TV,,cerrado_sin_contacto,2026-05-04 10:25:00,2026-05-07 10:35:00,18,1,
DQ102375,soporte_remoto,call_center,tv,PROGRAMACIÓN DE TV,,cerrado_sin_contacto,2026-05-04 10:25:00,2026-05-07 10:40:00,5,1,
TC102376,soporte_remoto,whatsapp,internet,LENTITUD E INTERMITENCIA,,solucionado,2026-05-04 10:30:00,2026-05-07 13:00:00,4,1,
CH101144,soporte_remoto,call_center,internet_tv,LENTITUD E INTERMITENCIA,,cerrado_sin_contacto,2026-05-04 10:30:00,2026-05-07 10:05:00,2,1,
DQ102377,soporte_remoto,whatsapp,internet,ERROR EN INGRESO A PÁGINAS,,cerrado_sin_contacto,2026-05-04 10:30:00,2026-05-07 11:05:00,4,1,
VG102378,soporte_remoto,caja,internet,LENTITUD E INTERMITENCIA,,cerrado_sin_contacto,2026-05-04 10:30:00,2026-05-12 15:45:00,6,0,
C103746,cambio_plan,call_center,,,,solucionado,2026-05-04 10:30:00,2026-05-04 12:05:00,15,3,
VG102379,soporte_remoto,call_center,internet_tv,LENTITUD E INTERMITENCIA,,solucionado,2026-05-04 10:35:00,2026-05-07 15:25:00,6,0,
CH102380,soporte_remoto,caja,internet,LENTITUD E INTERMITENCIA,,solucionado,2026-05-04 10:40:00,2026-05-09 12:10:00,2,0,
TC102381,soporte_remoto,whatsapp,internet_tv,LENTITUD E INTERMITENCIA,,solucionado,2026-05-04 10:45:00,2026-05-07 15:40:00,18,0,
CH101090,soporte_remoto,call_center,internet_tv,LENTITUD E INTERMITENCIA,,cerrado_sin_contacto,2026-05-04 10:45:00,2026-05-12 16:00:00,2,0,
DQ102382,soporte_remoto,caja,tv,CANALES LLUVIOSOS/PIXELADOS,,solucionado,2026-05-04 10:45:00,2026-05-09 12:45:00,12,0,
CH100220,soporte_remoto,call_center,internet_tv,LENTITUD E INTERMITENCIA,,cerrado_sin_contacto,2026-05-04 11:00:00,2026-05-12 16:00:00,2,0,
C102383,soporte_remoto,whatsapp,internet,LENTITUD E INTERMITENCIA,,solucionado,2026-05-04 11:00:00,2026-05-07 11:20:00,15,1,
VG102384,soporte_remoto,whatsapp,tv,SIN SEÑAL DE TV,,solucionado,2026-05-04 11:05:00,2026-05-07 16:00:00,6,1,
TC102385,soporte_remoto,whatsapp,internet_tv,LENTITUD E INTERMITENCIA,,cancelado,2026-05-04 11:20:00,2026-05-07 16:10:00,18,1,
DQ100495,sin_internet,call_center,internet,,,solucionado,2026-05-04 11:25:00,2026-05-04 11:25:00,5,4,
C102386,soporte_remoto,caja,internet,LENTITUD E INTERMITENCIA,,solucionado,2026-05-04 11:35:00,2026-05-07 17:00:00,8,1,
DQ103747,cambio_plan,call_center,,,,solucionado,2026-05-04 11:35:00,2026-05-06 11:20:00,17,3,
C102386,cambio_plan,call_center,,,,solucionado,2026-05-04 11:35:00,2026-05-06 11:25:00,8,3,
DQ103748,cambio_plan,call_center,,,,solucionado,2026-05-04 11:35:00,2026-05-22 12:25:00,17,3,
C102387,soporte_remoto,call_center,internet_tv,CANALES LLUVIOSOS/PIXELADOS,,cerrado_sin_contacto,2026-05-04 11:40:00,2026-05-07 11:00:00,8,1,
CH102388,soporte_remoto,call_center,internet,LENTITUD E INTERMITENCIA,,cerrado_sin_contacto,2026-05-04 11:45:00,2026-05-07 11:10:00,2,1,
CH102389,soporte_remoto,whatsapp,internet,LENTITUD E INTERMITENCIA,,cerrado_sin_contacto,2026-05-04 11:45:00,2026-05-07 11:20:00,2,1,
SR102390,soporte_remoto,call_center,internet,LENTITUD E INTERMITENCIA,,solucionado,2026-05-04 11:45:00,2026-05-07 16:30:00,1,0,
C102391,soporte_remoto,call_center,internet,LENTITUD E INTERMITENCIA,,solucionado,2026-05-04 11:50:00,2026-05-07 16:40:00,15,0,
DQ102371,soporte_remoto,whatsapp,internet,LENTITUD E INTERMITENCIA,,solucionado,2026-05-04 12:00:00,2026-05-09 13:00:00,18,0,
SR102392,soporte_remoto,caja,internet_tv,SIN SEÑAL DE TV,,solucionado,2026-05-04 12:00:00,2026-05-08 10:00:00,14,0,
TC102393,soporte_remoto,whatsapp,internet_tv,LENTITUD E INTERMITENCIA,,solucionado,2026-05-04 12:10:00,2026-05-09 13:30:00,0,0,
TC102394,soporte_remoto,call_center,internet,LENTITUD E INTERMITENCIA,,cerrado_sin_contacto,2026-05-04 12:15:00,2026-05-12 16:05:00,0,0,
C102407,soporte_remoto,call_center,internet,LENTITUD E INTERMITENCIA,,solucionado,2026-05-04 13:00:00,2026-05-13 09:25:00,20,0,
DQ103749,cambio_plan,caja,,,,solucionado,2026-05-04 13:00:00,2026-05-22 12:25:00,17,3,
VG104059,cambio_titular,whatsapp,,,,solucionado,2026-05-04 13:05:00,2026-05-05 11:00:00,6,5,
DQ102395,soporte_remoto,caja,tv,CANALES LLUVIOSOS/PIXELADOS,,cerrado_sin_contacto,2026-05-04 13:10:00,2026-05-12 16:10:00,12,0,
C100496,sin_internet,caja,internet,,BLOQUEO DE EQUIPO,solucionado,2026-05-04 13:15:00,2026-05-05 09:00:00,10,4,
SR102396,soporte_remoto,call_center,internet_tv,LENTITUD E INTERMITENCIA,,solucionado,2026-05-04 13:15:00,2026-05-07 17:30:00,1,1,
VG102398,soporte_remoto,call_center,internet_tv,LENTITUD E INTERMITENCIA,,solucionado,2026-05-04 13:45:00,2026-05-07 11:50:00,6,1,
SR102399,soporte_remoto,whatsapp,internet,LENTITUD E INTERMITENCIA,,cerrado_sin_contacto,2026-05-04 14:05:00,2026-05-08 08:15:00,14,1,
C103750,cambio_plan,call_center,,,,solucionado,2026-05-04 14:05:00,2026-05-06 11:25:00,8,3,
TCF102400,soporte_remoto,call_center,internet,LENTITUD E INTERMITENCIA,,solucionado,2026-05-04 14:15:00,2026-05-08 12:00:00,4,1,
TC102401,soporte_remoto,whatsapp,tv,CANALES LLUVIOSOS/PIXELADOS,,solucionado,2026-05-04 14:15:00,2026-05-08 12:30:00,18,1,
TCF101356,soporte_remoto,call_center,internet,LENTITUD E INTERMITENCIA,,solucionado,2026-05-04 14:25:00,2026-05-08 10:05:00,4,1,
SG102402,soporte_remoto,whatsapp,internet,LENTITUD E INTERMITENCIA,,solucionado,2026-05-04 14:25:00,2026-05-08 12:20:00,3,1,
TCF102403,soporte_remoto,call_center,internet,LENTITUD E INTERMITENCIA,,cerrado_sin_contacto,2026-05-04 14:45:00,2026-05-12 16:20:00,4,0,
C102404,soporte_remoto,call_center,internet,LENTITUD E INTERMITENCIA,,cerrado_sin_contacto,2026-05-04 14:45:00,2026-05-12 16:30:00,8,0,
C104060,cambio_titular,caja,,,,solucionado,2026-05-04 14:45:00,2026-05-05 11:35:00,15,5,
CH102405,soporte_remoto,whatsapp,internet_tv,LENTITUD E INTERMITENCIA,,cerrado_sin_contacto,2026-05-04 14:50:00,2026-05-12 16:40:00,2,0,
DQ102406,soporte_remoto,whatsapp,internet,LENTITUD E INTERMITENCIA,,cerrado_sin_contacto,2026-05-04 14:55:00,2026-05-12 17:30:00,4,0,
SR101995,soporte_remoto,whatsapp,internet,LENTITUD E INTERMITENCIA,,solucionado,2026-05-04 14:55:00,2026-05-09 15:00:00,1,0,
SG103751,cambio_plan,call_center,,,,solucionado,2026-05-04 15:00:00,2026-05-04 15:05:00,25,14,
DQ102408,soporte_remoto,call_center,tv,PROGRAMACIÓN DE TV,,solucionado,2026-05-04 15:05:00,2026-05-08 09:35:00,5,1,
DQ101883,soporte_remoto,call_center,internet,LENTITUD E INTERMITENCIA,,solucionado,2026-05-04 15:10:00,2026-05-08 09:40:00,4,1,
CH102409,soporte_remoto,caja,internet_tv,LENTITUD E INTERMITENCIA,,cerrado_sin_contacto,2026-05-04 15:10:00,2026-05-08 08:20:00,2,1,
SR103752,cambio_plan,whatsapp,,,,solucionado,2026-05-04 15:10:00,2026-05-22 12:30:00,1,3,
CH100652,soporte_remoto,call_center,internet,LENTITUD E INTERMITENCIA,,solucionado,2026-05-04 15:15:00,2026-05-08 09:10:00,2,1,
TC102397,soporte_remoto,call_center,internet,LENTITUD E INTERMITENCIA,,solucionado,2026-05-04 15:30:00,2026-05-07 17:45:00,16,1,
C102410,soporte_remoto,call_center,internet,LENTITUD E INTERMITENCIA,,solucionado,2026-05-04 15:35:00,2026-05-08 10:20:00,8,1,
SR102411,soporte_remoto,call_center,internet,LENTITUD E INTERMITENCIA,,cerrado_sin_contacto,2026-05-04 15:40:00,2026-05-08 08:25:00,1,1,
TC100497,sin_internet,caja,internet,,,solucionado,2026-05-04 15:50:00,2026-05-05 09:00:00,0,4,
SG102412,soporte_remoto,call_center,internet,LENTITUD E INTERMITENCIA,,cancelado,2026-05-04 15:50:00,2026-05-08 10:40:00,3,1,
SR102413,soporte_remoto,call_center,internet,LENTITUD E INTERMITENCIA,,cerrado_sin_contacto,2026-05-04 15:50:00,2026-05-08 08:30:00,1,1,
C102414,soporte_remoto,whatsapp,internet,LENTITUD E INTERMITENCIA,,cerrado_sin_contacto,2026-05-04 16:10:00,2026-05-13 09:55:00,10,0,
C102415,soporte_remoto,caja,internet,LENTITUD E INTERMITENCIA,,cerrado_sin_contacto,2026-05-04 16:10:00,2026-05-13 10:00:00,8,0,
VG102416,soporte_remoto,whatsapp,internet,LENTITUD E INTERMITENCIA,,solucionado,2026-05-04 16:10:00,2026-05-09 15:35:00,6,0,
VG102229,soporte_remoto,whatsapp,internet,LENTITUD E INTERMITENCIA,,solucionado,2026-05-04 16:15:00,2026-05-08 11:50:00,6,0,
C101251,soporte_remoto,call_center,internet,LENTITUD E INTERMITENCIA,,cerrado_sin_contacto,2026-05-04 16:15:00,2026-05-08 09:00:00,10,0,
CH101138,soporte_remoto,call_center,internet_tv,LENTITUD E INTERMITENCIA,,cerrado_sin_contacto,2026-05-04 16:20:00,2026-05-08 09:00:00,2,0,
SR100498,sin_internet,caja,internet,,,solucionado,2026-05-04 16:25:00,2026-05-05 09:00:00,19,4,
SR102417,soporte_remoto,whatsapp,internet,LENTITUD E INTERMITENCIA,,solucionado,2026-05-04 16:25:00,2026-05-08 14:30:00,1,1,
SR102418,soporte_remoto,call_center,internet_tv,FALLAS CON LA TV,,cancelado,2026-05-04 16:30:00,2026-05-08 11:35:00,14,1,
SR100499,sin_internet,call_center,internet,,,solucionado,2026-05-04 16:35:00,2026-05-05 09:00:00,1,4,
C103753,cambio_plan,call_center,,,,solucionado,2026-05-04 16:40:00,2026-05-06 11:40:00,8,3,
SR102419,soporte_remoto,call_center,internet,LENTITUD E INTERMITENCIA,,solucionado,2026-05-04 16:50:00,2026-05-08 14:35:00,14,1,
CH101777,soporte_remoto,call_center,tv,PROGRAMACIÓN DE TV,,cancelado,2026-05-04 16:50:00,2026-05-08 11:50:00,2,1,
TC103754,cambio_plan,call_center,,,,solucionado,2026-05-04 16:50:00,2026-05-04 16:50:00,16,6,
SR102420,soporte_remoto,call_center,tv,SIN SEÑAL DE TV,,solucionado,2026-05-04 16:55:00,2026-05-04 16:55:00,1,1,
C104061,cambio_titular,whatsapp,,,,solucionado,2026-05-04 17:00:00,2026-05-05 11:50:00,15,5,
CH102421,soporte_remoto,call_center,internet_tv,LENTITUD E INTERMITENCIA,,cerrado_sin_contacto,2026-05-04 17:05:00,2026-05-08 08:35:00,2,1,
SR101503,soporte_remoto,call_center,tv,CANALES INTERMITENTES,,cerrado_sin_contacto,2026-05-04 17:10:00,2026-05-08 09:45:00,1,1,
VG102422,soporte_remoto,call_center,internet_tv,LENTITUD E INTERMITENCIA,,cerrado_sin_contacto,2026-05-04 17:15:00,2026-05-13 11:20:00,6,0,
C102415,cambio_plan,call_center,,,,solucionado,2026-05-04 17:15:00,2026-05-06 13:00:00,8,3,
DQ101210,soporte_remoto,whatsapp,internet,LENTITUD E INTERMITENCIA,,solucionado,2026-05-04 17:20:00,2026-05-08 12:15:00,12,1,
SG103755,cambio_plan,call_center,,,,solucionado,2026-05-04 17:20:00,2026-05-22 12:40:00,3,3,
TC102015,soporte_remoto,whatsapp,tv,CANALES LLUVIOSOS/PIXELADOS,,solucionado,2026-05-04 17:25:00,2026-05-08 12:20:00,0,0,
DQ102423,soporte_remoto,caja,internet_tv,CANALES INTERMITENTES,,cerrado_sin_contacto,2026-05-04 17:30:00,2026-05-08 08:40:00,12,1,
VG103756,cambio_plan,call_center,,,,solucionado,2026-05-04 17:55:00,2026-05-06 13:05:00,6,3,
TC104062,cambio_titular,call_center,,,,solucionado,2026-05-04 18:00:00,2026-05-05 11:55:00,4,5,
DQ103757,cambio_plan,call_center,,,,solucionado,2026-05-04 18:20:00,2026-05-22 12:45:00,20,3,
TCF100132,soporte_remoto,whatsapp,tv,SIN SEÑAL DE TV,,cerrado_sin_contacto,2026-05-05 08:00:00,2026-05-08 09:00:00,10,0,
TC101966,soporte_remoto,call_center,internet_tv,LENTITUD E INTERMITENCIA,,solucionado,2026-05-05 08:30:00,2026-05-08 15:00:00,18,1,
SR102424,soporte_remoto,call_center,tv,CANALES FALTANTES,,solucionado,2026-05-05 08:30:00,2026-05-08 16:35:00,1,1,
C103758,cambio_plan,call_center,,,,solucionado,2026-05-05 08:35:00,2026-05-06 13:10:00,15,3,
CH101729,soporte_remoto,call_center,tv,CANALES INTERMITENTES,,solucionado,2026-05-05 08:40:00,2026-05-08 15:30:00,2,1,
VG100872,cambio_plan,call_center,,,,solucionado,2026-05-05 08:45:00,2026-05-06 13:15:00,6,3,
SG101868,soporte_remoto,call_center,internet,LENTITUD E INTERMITENCIA,,solucionado,2026-05-05 08:50:00,2026-05-08 10:00:00,3,1,
VG102425,soporte_remoto,caja,internet,LENTITUD E INTERMITENCIA,,solucionado,2026-05-05 08:55:00,2026-05-08 15:15:00,6,1,
DQ101912,soporte_remoto,call_center,tv,FALLAS CON LA TV,,solucionado,2026-05-05 09:00:00,2026-05-08 12:00:00,1,1,
TC100500,sin_internet,call_center,internet,,,solucionado,2026-05-05 09:05:00,2026-05-05 09:05:00,0,4,
DQ102426,soporte_remoto,call_center,internet_tv,LENTITUD E INTERMITENCIA,,solucionado,2026-05-05 09:05:00,2026-05-08 15:25:00,4,1,
VG102427,soporte_remoto,call_center,internet_tv,LENTITUD E INTERMITENCIA,,cerrado_sin_contacto,2026-05-05 09:05:00,2026-05-08 08:20:00,6,1,
TC100480,sin_internet,call_center,internet,,,cerrado_sin_contacto,2026-05-05 09:10:00,2026-05-05 09:10:00,0,4,
SR100501,sin_internet,whatsapp,internet,,,solucionado,2026-05-05 09:20:00,2026-05-05 09:20:00,1,4,
TC100502,sin_internet,call_center,internet,,FALLA DE FIBRA,solucionado,2026-05-05 09:20:00,2026-05-06 09:00:00,22,4,
DQ101559,soporte_remoto,call_center,internet_tv,LENTITUD E INTERMITENCIA,,solucionado,2026-05-05 09:30:00,2026-05-13 12:45:00,12,1,
TC101260,cambio_plan,call_center,,,,solucionado,2026-05-05 09:50:00,2026-05-06 13:20:00,0,3,
TC102428,soporte_remoto,caja,internet_tv,LENTITUD E INTERMITENCIA,,cerrado_sin_contacto,2026-05-05 10:15:00,2026-05-08 08:25:00,7,1,
TC102429,soporte_remoto,whatsapp,internet,ERROR EN INGRESO A PÁGINAS,,solucionado,2026-05-05 10:20:00,2026-05-09 12:20:00,7,1,
TC102430,soporte_remoto,call_center,internet,ERROR EN INGRESO A PÁGINAS,,solucionado,2026-05-05 10:20:00,2026-05-09 12:50:00,7,1,
TC102431,soporte_remoto,call_center,internet,LENTITUD E INTERMITENCIA,,solucionado,2026-05-05 10:25:00,2026-05-09 12:30:00,7,1,
TCF100263,soporte_remoto,whatsapp,internet_tv,LENTITUD E INTERMITENCIA,,solucionado,2026-05-05 10:25:00,2026-05-08 15:50:00,10,1,
TC102432,soporte_remoto,caja,internet,LENTITUD E INTERMITENCIA,,solucionado,2026-05-05 10:25:00,2026-05-09 12:35:00,0,1,
TC100664,soporte_remoto,call_center,internet_tv,PROGRAMACIÓN DE TV,,solucionado,2026-05-05 10:30:00,2026-05-08 15:55:00,7,1,
TCF102433,soporte_remoto,call_center,internet,LENTITUD E INTERMITENCIA,,solucionado,2026-05-05 10:30:00,2026-05-09 16:05:00,16,1,
SR102434,soporte_remoto,call_center,tv,SIN SEÑAL DE TV,,solucionado,2026-05-05 10:30:00,2026-05-08 16:15:00,14,1,
SR104064,cambio_titular,call_center,,,,solucionado,2026-05-05 10:30:00,2026-05-09 11:55:00,1,5,
SG101579,soporte_remoto,whatsapp,internet,LENTITUD E INTERMITENCIA,,solucionado,2026-05-05 11:15:00,2026-05-09 09:20:00,3,1,
TC102435,soporte_remoto,whatsapp,internet,LENTITUD E INTERMITENCIA,,cerrado_sin_contacto,2026-05-05 11:15:00,2026-05-09 08:30:00,28,1,
C104063,cambio_titular,call_center,,,,solucionado,2026-05-05 11:15:00,2026-05-05 12:35:00,15,5,
SG102436,soporte_remoto,caja,internet,LENTITUD E INTERMITENCIA,,cerrado_sin_contacto,2026-05-05 11:20:00,2026-05-09 08:35:00,3,1,
SR103759,cambio_plan,call_center,,,,solucionado,2026-05-05 11:45:00,2026-05-25 10:55:00,1,3,
TC102437,soporte_remoto,whatsapp,internet,ERROR EN INGRESO A PÁGINAS,,solucionado,2026-05-05 11:50:00,2026-05-11 17:45:00,25,1,
DQ102438,soporte_remoto,whatsapp,tv,CANALES FALTANTES,,cerrado_sin_contacto,2026-05-05 12:45:00,2026-05-09 08:40:00,4,1,
TC102439,soporte_remoto,whatsapp,internet,LENTITUD E INTERMITENCIA,,cerrado_sin_contacto,2026-05-05 12:45:00,2026-05-12 16:50:00,22,0,
TC100503,sin_internet,call_center,internet,,,solucionado,2026-05-05 13:20:00,2026-05-06 09:00:00,0,4,
TCF100504,sin_internet,call_center,internet,,,cerrado_sin_contacto,2026-05-05 13:20:00,2026-05-06 09:00:00,22,4,
TC100397,soporte_remoto,call_center,internet,LENTITUD E INTERMITENCIA,,solucionado,2026-05-05 14:00:00,2026-05-09 16:00:00,28,0,
TC100505,sin_internet,whatsapp,internet,,WIFI DESACTIVADO,solucionado,2026-05-05 14:10:00,2026-05-06 09:00:00,7,4,
TC102440,soporte_remoto,call_center,internet,LENTITUD E INTERMITENCIA,,solucionado,2026-05-05 14:10:00,2026-05-08 16:25:00,23,0,
CH102441,soporte_remoto,caja,tv,PROGRAMACIÓN DE TV,,cerrado_sin_contacto,2026-05-05 14:10:00,2026-05-12 17:15:00,2,0,
DQ101608,soporte_remoto,call_center,internet_tv,LENTITUD E INTERMITENCIA,,solucionado,2026-05-05 14:20:00,2026-05-14 15:50:00,12,0,
TC100506,sin_internet,whatsapp,internet,,,solucionado,2026-05-05 15:10:00,2026-05-06 09:00:00,0,4,
TC103760,cambio_plan,call_center,,,,solucionado,2026-05-05 15:30:00,2026-05-07 09:10:00,18,3,
TC102018,soporte_remoto,call_center,internet,LENTITUD E INTERMITENCIA,,solucionado,2026-05-05 15:40:00,2026-05-08 17:55:00,0,0,
SR102443,soporte_remoto,call_center,internet_tv,LENTITUD E INTERMITENCIA,,cerrado_sin_contacto,2026-05-05 15:40:00,2026-05-15 08:10:00,1,0,
SR102444,soporte_remoto,whatsapp,internet_tv,LENTITUD E INTERMITENCIA,,solucionado,2026-05-05 16:05:00,2026-05-14 16:00:00,1,0,
CH100213,soporte_remoto,call_center,internet,LENTITUD E INTERMITENCIA,,solucionado,2026-05-05 16:10:00,2026-05-13 11:35:00,2,0,
SR102445,soporte_remoto,call_center,internet,LENTITUD E INTERMITENCIA,,cerrado_sin_contacto,2026-05-05 16:10:00,2026-05-15 08:20:00,1,0,
VG102442,soporte_remoto,call_center,internet_tv,LENTITUD E INTERMITENCIA,,cerrado_sin_contacto,2026-05-05 16:20:00,2026-05-12 17:20:00,6,0,
DQ102446,soporte_remoto,whatsapp,tv,PROGRAMACIÓN DE TV,,solucionado,2026-05-05 16:20:00,2026-05-11 08:50:00,4,0,
DQ102447,soporte_remoto,call_center,tv,PROGRAMACIÓN DE TV,,cerrado_sin_contacto,2026-05-05 16:20:00,2026-05-15 08:25:00,4,0,
TC100507,sin_internet,call_center,internet,,,solucionado,2026-05-05 16:25:00,2026-05-06 09:00:00,7,4,
SR102448,soporte_remoto,caja,tv,CANALES LLUVIOSOS/PIXELADOS,,solucionado,2026-05-05 16:25:00,2026-05-11 10:10:00,1,0,
DQ102449,soporte_remoto,call_center,internet,LENTITUD E INTERMITENCIA,,solucionado,2026-05-05 16:30:00,2026-05-13 12:15:00,21,0,
DQ102450,soporte_remoto,call_center,internet_tv,LENTITUD E INTERMITENCIA,,solucionado,2026-05-05 16:30:00,2026-05-14 16:10:00,4,0,
SR101990,soporte_remoto,whatsapp,internet,LENTITUD E INTERMITENCIA,,solucionado,2026-05-05 16:30:00,2026-05-11 10:55:00,1,0,
VG103761,cambio_plan,call_center,,,,solucionado,2026-05-05 16:30:00,2026-05-07 09:15:00,6,3,
SG103762,cambio_plan,call_center,,,,solucionado,2026-05-05 16:50:00,2026-05-07 09:45:00,3,3,
SG103763,cambio_plan,whatsapp,,,,solucionado,2026-05-05 16:50:00,2026-05-07 09:50:00,3,3,
C102451,soporte_remoto,call_center,internet,PROBLEMAS CON CÁMARAS/DVR,,cerrado_sin_contacto,2026-05-05 17:00:00,2026-05-15 08:45:00,20,0,
DQ102452,soporte_remoto,call_center,internet,LENTITUD E INTERMITENCIA,,solucionado,2026-05-05 17:15:00,2026-05-13 15:25:00,4,0,
TC102453,soporte_remoto,call_center,internet_tv,LENTITUD E INTERMITENCIA,,cerrado_sin_contacto,2026-05-05 17:25:00,2026-05-20 10:55:00,10,0,
SG103764,cambio_plan,caja,,,,solucionado,2026-05-05 18:00:00,2026-05-07 09:55:00,9,3,
VG102454,soporte_remoto,call_center,internet,LENTITUD E INTERMITENCIA,,cerrado_sin_contacto,2026-05-05 18:45:00,2026-05-20 11:00:00,19,0,
TC100508,sin_internet,whatsapp,internet,,FALLA DE FIBRA,solucionado,2026-05-06 08:20:00,2026-05-06 09:00:00,7,4,
VG102455,soporte_remoto,whatsapp,internet_tv,LENTITUD E INTERMITENCIA,,solucionado,2026-05-06 09:15:00,2026-05-11 09:10:00,6,1,
SG103765,cambio_plan,call_center,,,,solucionado,2026-05-06 09:15:00,2026-05-25 11:00:00,3,3,
VG102456,soporte_remoto,call_center,internet,LENTITUD E INTERMITENCIA,,solucionado,2026-05-06 09:20:00,2026-05-11 15:25:00,6,1,
C102457,soporte_remoto,call_center,tv,FALLAS CON LA TV,,solucionado,2026-05-06 09:25:00,2026-05-11 13:20:00,15,1,
VG100509,sin_internet,call_center,internet,,,cerrado_sin_contacto,2026-05-06 09:55:00,2026-05-06 09:55:00,6,4,
SG103766,cambio_plan,caja,,,,solucionado,2026-05-06 10:00:00,2026-05-08 10:55:00,3,3,
CH102458,soporte_remoto,call_center,internet,LENTITUD E INTERMITENCIA,,solucionado,2026-05-06 10:15:00,2026-05-11 11:45:00,2,1,
SR100501,sin_internet,call_center,internet,,,solucionado,2026-05-06 10:25:00,2026-05-06 10:25:00,4,4,
DQ102459,soporte_remoto,call_center,internet,LENTITUD E INTERMITENCIA,,solucionado,2026-05-06 10:25:00,2026-05-11 12:50:00,12,1,
SR102460,soporte_remoto,whatsapp,tv,SIN SEÑAL DE TV,,cerrado_sin_contacto,2026-05-06 10:30:00,2026-05-11 10:05:00,4,1,
VG102461,soporte_remoto,whatsapp,internet,LENTITUD E INTERMITENCIA,,solucionado,2026-05-06 10:55:00,2026-05-11 09:25:00,6,1,
TC100510,sin_internet,call_center,internet,,WIFI DESACTIVADO,cerrado_sin_contacto,2026-05-06 11:05:00,2026-05-06 11:05:00,0,4,
TC100511,sin_internet,whatsapp,internet,,WIFI DESACTIVADO,cerrado_sin_contacto,2026-05-06 11:05:00,2026-05-06 11:05:00,0,4,
TC102462,soporte_remoto,whatsapp,internet,LENTITUD E INTERMITENCIA,,cerrado_sin_contacto,2026-05-06 11:05:00,2026-05-11 10:20:00,10,1,
TC102463,soporte_remoto,call_center,internet,LENTITUD E INTERMITENCIA,,cerrado_sin_contacto,2026-05-06 11:05:00,2026-05-11 10:10:00,10,1,
TC102464,soporte_remoto,call_center,internet,LENTITUD E INTERMITENCIA,,cerrado_sin_contacto,2026-05-06 11:05:00,2026-05-11 10:15:00,10,1,
VG102465,soporte_remoto,whatsapp,internet,LENTITUD E INTERMITENCIA,,cerrado_sin_contacto,2026-05-06 11:10:00,2026-05-11 10:25:00,6,1,
C102112,cambio_titular,call_center,,,,solucionado,2026-05-06 11:50:00,2026-05-09 12:00:00,15,5,
TC102466,soporte_remoto,call_center,internet_tv,LENTITUD E INTERMITENCIA,,solucionado,2026-05-06 11:55:00,2026-05-13 16:20:00,10,1,
SG102467,soporte_remoto,call_center,internet,LENTITUD E INTERMITENCIA,,cerrado_sin_contacto,2026-05-06 12:15:00,2026-05-11 10:30:00,3,1,
SG100862,cambio_plan,call_center,,,,solucionado,2026-05-06 12:30:00,2026-05-25 11:05:00,3,3,
DQ102468,soporte_remoto,whatsapp,internet,LENTITUD E INTERMITENCIA,,cerrado_sin_contacto,2026-05-06 12:35:00,2026-05-11 10:35:00,1,1,
TCF103767,cambio_plan,call_center,,,,solucionado,2026-05-06 12:35:00,2026-05-30 14:30:00,16,3,
TC102693,soporte_remoto,call_center,internet_tv,LENTITUD E INTERMITENCIA,,cerrado_sin_contacto,2026-05-06 13:30:00,2026-05-28 16:00:00,28,2,
DQ101641,soporte_remoto,call_center,internet,LENTITUD E INTERMITENCIA,,solucionado,2026-05-06 14:00:00,2026-05-11 12:05:00,1,0,
C102469,soporte_remoto,call_center,tv,CANALES FALTANTES,,cerrado_sin_contacto,2026-05-06 14:25:00,2026-05-15 08:50:00,19,0,
SR100512,sin_internet,whatsapp,internet,,,solucionado,2026-05-06 14:30:00,2026-05-06 14:30:00,4,4,
VG102470,soporte_remoto,call_center,internet_tv,LENTITUD E INTERMITENCIA,,solucionado,2026-05-06 14:35:00,2026-05-11 15:55:00,6,0,
SG102471,soporte_remoto,call_center,internet,LENTITUD E INTERMITENCIA,,cerrado_sin_contacto,2026-05-06 15:20:00,2026-05-12 09:05:00,3,0,
DQ102472,soporte_remoto,call_center,internet,LENTITUD E INTERMITENCIA,,solucionado,2026-05-06 15:45:00,2026-05-11 16:35:00,12,0,
TC102473,soporte_remoto,call_center,tv,SIN SEÑAL DE TV,,solucionado,2026-05-06 15:55:00,2026-05-12 08:35:00,0,0,
TC103768,cambio_plan,call_center,,,,solucionado,2026-05-06 16:35:00,2026-05-06 16:40:00,25,14,
C102474,soporte_remoto,call_center,internet_tv,FALLAS CON LA TV,,solucionado,2026-05-06 16:40:00,2026-05-12 08:50:00,13,0,
TC102475,soporte_remoto,whatsapp,internet,LENTITUD E INTERMITENCIA,,cerrado_sin_contacto,2026-05-06 16:40:00,2026-05-15 09:30:00,0,0,
DQ102619,cambio_plan,caja,,,,solucionado,2026-05-06 16:40:00,2026-05-06 16:40:00,19,11,
TCF100513,sin_internet,whatsapp,internet,,WIFI DESACTIVADO,solucionado,2026-05-06 17:10:00,2026-05-07 09:00:00,10,4,
TC102476,soporte_remoto,call_center,internet_tv,LENTITUD E INTERMITENCIA,,cerrado_sin_contacto,2026-05-06 17:20:00,2026-05-15 09:45:00,28,0,
SR102477,soporte_remoto,call_center,internet,LENTITUD E INTERMITENCIA,,cerrado_sin_contacto,2026-05-06 17:25:00,2026-05-15 10:50:00,14,0,
SR102030,soporte_remoto,call_center,tv,SIN SEÑAL DE TV,,cerrado_sin_contacto,2026-05-06 17:30:00,2026-05-12 09:00:00,4,0,
DQ102478,soporte_remoto,whatsapp,internet,LENTITUD E INTERMITENCIA,,solucionado,2026-05-06 17:40:00,2026-05-13 16:20:00,20,0,
SG103769,cambio_plan,call_center,,,,solucionado,2026-05-06 18:00:00,2026-05-08 11:00:00,3,3,
DQ102479,soporte_remoto,call_center,internet,LENTITUD E INTERMITENCIA,,solucionado,2026-05-06 18:30:00,2026-05-12 10:20:00,1,0,
TC100514,sin_internet,call_center,internet,,,solucionado,2026-05-06 18:35:00,2026-05-07 09:00:00,28,4,
DQ102480,soporte_remoto,whatsapp,internet,LENTITUD E INTERMITENCIA,,cerrado_sin_contacto,2026-05-07 08:00:00,2026-05-11 09:15:00,12,1,
SR102167,soporte_remoto,call_center,tv,CANALES FALTANTES,,solucionado,2026-05-07 08:25:00,2026-05-11 09:00:00,1,1,
SR103770,cambio_plan,call_center,,,,solucionado,2026-05-07 09:15:00,2026-05-25 11:10:00,1,3,
VG102481,soporte_remoto,call_center,tv,PROGRAMACIÓN DE TV,,solucionado,2026-05-07 09:30:00,2026-05-11 11:50:00,6,1,
TC102482,soporte_remoto,call_center,tv,SIN SEÑAL DE TV,,solucionado,2026-05-07 09:30:00,2026-05-11 10:20:00,22,1,
TC102483,soporte_remoto,whatsapp,internet_tv,SIN SEÑAL DE TV,,solucionado,2026-05-07 09:30:00,2026-05-11 10:25:00,22,1,
C103771,cambio_plan,call_center,,,,solucionado,2026-05-07 10:10:00,2026-05-08 11:10:00,15,3,
C102485,soporte_remoto,caja,internet,LENTITUD E INTERMITENCIA,,cerrado_sin_contacto,2026-05-07 10:30:00,2026-05-11 09:25:00,27,1,
TC102486,soporte_remoto,whatsapp,tv,PROGRAMACIÓN DE TV,,cerrado_sin_contacto,2026-05-07 10:30:00,2026-05-11 09:30:00,7,1,
TC102487,soporte_remoto,caja,internet,LENTITUD E INTERMITENCIA,,cerrado_sin_contacto,2026-05-07 11:10:00,2026-05-11 09:35:00,20,1,
DQ102306,cambio_plan,call_center,,,,solucionado,2026-05-07 11:10:00,2026-05-08 11:55:00,4,3,
SG102488,soporte_remoto,caja,internet,LENTITUD E INTERMITENCIA,,cerrado_sin_contacto,2026-05-07 11:20:00,2026-05-12 09:40:00,3,1,
TC102489,soporte_remoto,call_center,tv,CANALES FALTANTES,,cerrado_sin_contacto,2026-05-07 11:25:00,2026-05-12 09:45:00,25,1,
TC102490,soporte_remoto,whatsapp,internet_tv,LENTITUD E INTERMITENCIA,,solucionado,2026-05-07 11:55:00,2026-05-14 17:10:00,28,0,
TC102492,soporte_remoto,whatsapp,tv,SIN SEÑAL DE TV,,solucionado,2026-05-07 13:30:00,2026-05-13 12:15:00,0,0,
DQ103772,cambio_plan,call_center,,,,solucionado,2026-05-07 13:30:00,2026-05-28 10:25:00,0,3,
TC104065,cambio_titular,whatsapp,,,,solucionado,2026-05-07 13:30:00,2026-05-09 12:00:00,0,5,
SG102491,soporte_remoto,whatsapp,internet,LENTITUD E INTERMITENCIA,,solucionado,2026-05-07 13:45:00,2026-05-14 17:50:00,3,0,
TC100617,soporte_remoto,whatsapp,internet,LENTITUD E INTERMITENCIA,,solucionado,2026-05-07 13:55:00,2026-05-13 11:10:00,28,0,
SR100515,sin_internet,call_center,internet,,,solucionado,2026-05-07 14:00:00,2026-05-07 15:40:00,1,4,
TC102493,soporte_remoto,call_center,tv,CANALES LLUVIOSOS/PIXELADOS,,cerrado_sin_contacto,2026-05-07 14:10:00,2026-05-15 11:05:00,0,0,
SG103773,cambio_plan,caja,,,,solucionado,2026-05-07 14:15:00,2026-05-08 11:05:00,3,3,
C102494,soporte_remoto,call_center,internet,LENTITUD E INTERMITENCIA,,solucionado,2026-05-07 15:10:00,2026-05-13 12:45:00,44,0,
TC102495,soporte_remoto,call_center,internet_tv,LENTITUD E INTERMITENCIA,,cerrado_sin_contacto,2026-05-07 15:15:00,2026-05-19 11:00:00,0,0,
TC102496,soporte_remoto,call_center,internet,PROBLEMAS CON TEST DE VELOCIDAD,,solucionado,2026-05-07 16:25:00,2026-05-15 11:45:00,16,0,
TC103249,cambio_plan,caja,,,,solucionado,2026-05-07 16:50:00,2026-05-08 12:00:00,20,3,
TC100516,sin_internet,whatsapp,internet,,FALLA DE FIBRA,solucionado,2026-05-07 17:10:00,2026-05-07 17:10:00,7,4,
SR102497,soporte_remoto,call_center,internet,LENTITUD E INTERMITENCIA,,solucionado,2026-05-07 17:35:00,2026-05-14 09:10:00,14,0,
TC100129,soporte_remoto,whatsapp,tv,CANALES FALTANTES,,solucionado,2026-05-07 18:00:00,2026-05-13 11:35:00,0,2,
C100517,sin_internet,caja,internet,,,cerrado_sin_contacto,2026-05-08 08:45:00,2026-05-08 09:00:00,8,4,
TC100520,sin_internet,caja,internet,,FALLA MASIVA,cerrado_sin_contacto,2026-05-08 09:15:00,2026-05-12 08:00:00,0,4,
TC102499,soporte_remoto,call_center,internet,ERROR EN INGRESO A PÁGINAS,,solucionado,2026-05-08 09:55:00,2026-05-12 13:00:00,7,1,
VG102498,soporte_remoto,call_center,internet,LENTITUD E INTERMITENCIA,,solucionado,2026-05-08 10:10:00,2026-05-12 12:00:00,6,1,
DQ102500,soporte_remoto,call_center,tv,PROGRAMACIÓN DE TV,,solucionado,2026-05-08 10:20:00,2026-05-12 12:30:00,16,1,
SR102501,soporte_remoto,call_center,internet,LENTITUD E INTERMITENCIA,,solucionado,2026-05-08 10:20:00,2026-05-13 16:15:00,1,1,
DQ103774,cambio_plan,whatsapp,,,,solucionado,2026-05-08 11:00:00,2026-05-28 11:00:00,23,3,
VG102502,soporte_remoto,whatsapp,internet,LENTITUD E INTERMITENCIA,,cerrado_sin_contacto,2026-05-08 11:25:00,2026-05-19 11:00:00,6,0,
TCF103775,cambio_plan,call_center,,,,solucionado,2026-05-08 11:25:00,2026-05-08 11:30:00,21,8,
DQ103776,cambio_plan,call_center,,,,solucionado,2026-05-08 13:15:00,2026-05-08 13:15:00,19,11,
C100518,sin_internet,call_center,internet,,BLOQUEO DE EQUIPO,solucionado,2026-05-08 14:10:00,2026-05-08 16:10:00,13,4,
SG103777,cambio_plan,call_center,,,,solucionado,2026-05-08 16:50:00,2026-05-09 15:00:00,3,4,
SG103777,cambio_titular,whatsapp,,,,solucionado,2026-05-08 16:50:00,2026-05-09 12:15:00,3,5,
C100519,sin_internet,call_center,internet,,,solucionado,2026-05-08 17:20:00,2026-05-09 08:00:00,8,4,
SR102503,soporte_remoto,call_center,internet,LENTITUD E INTERMITENCIA,,solucionado,2026-05-08 17:50:00,2026-05-14 09:55:00,1,0,
SG103778,cambio_plan,call_center,,,,solucionado,2026-05-08 17:55:00,2026-05-09 15:00:00,3,4,
SG103779,cambio_plan,whatsapp,,,,solucionado,2026-05-08 17:55:00,2026-05-12 16:40:00,9,3,
SR102504,soporte_remoto,call_center,internet,ERROR EN INGRESO A PÁGINAS,,pendiente,2026-05-09 13:10:00,,27,4,
TC102505,soporte_remoto,call_center,internet,PROBLEMAS CON TEST DE VELOCIDAD,,solucionado,2026-05-10 09:40:00,2026-05-13 09:15:00,23,2,
CH102516,soporte_remoto,whatsapp,internet,LENTITUD E INTERMITENCIA,,cerrado_sin_contacto,2026-05-11 09:00:00,2026-05-13 08:35:00,19,2,
SR102522,soporte_remoto,whatsapp,tv,CANALES INTERMITENTES,,solucionado,2026-05-11 09:00:00,2026-05-13 17:00:00,1,2,
TCF102506,soporte_remoto,call_center,internet,LENTITUD E INTERMITENCIA,,solucionado,2026-05-11 09:15:00,2026-05-13 09:30:00,19,2,
SR100521,sin_internet,caja,internet,,,cerrado_sin_contacto,2026-05-11 10:30:00,2026-05-12 08:00:00,1,4,
C102551,cambio_plan,caja,,,,solucionado,2026-05-11 10:50:00,2026-05-28 12:10:00,15,3,
C102551,cambio_titular,caja,,,,solucionado,2026-05-11 10:50:00,2026-05-15 12:35:00,15,5,
TC102507,soporte_remoto,call_center,internet,LENTITUD E INTERMITENCIA,,solucionado,2026-05-11 11:00:00,2026-05-13 13:05:00,7,2,
TC102508,soporte_remoto,call_center,internet_tv,LENTITUD E INTERMITENCIA,,solucionado,2026-05-11 11:05:00,2026-05-13 10:10:00,7,2,
TC102509,soporte_remoto,call_center,internet,LENTITUD E INTERMITENCIA,,solucionado,2026-05-11 11:15:00,2026-05-13 13:15:00,0,2,
TC103780,cambio_plan,whatsapp,,,,solucionado,2026-05-11 11:50:00,,24,,
TC103781,cambio_plan,call_center,,,,solucionado,2026-05-11 11:50:00,2026-06-01 10:30:00,22,3,
SG100522,sin_internet,whatsapp,internet,,,solucionado,2026-05-11 12:15:00,2026-05-11 15:35:00,3,0,
DQ102510,soporte_remoto,whatsapp,internet,LENTITUD E INTERMITENCIA,,solucionado,2026-05-11 12:15:00,2026-05-13 10:35:00,19,2,
TC103782,cambio_plan,call_center,,,,solucionado,2026-05-11 12:45:00,2026-05-11 12:45:00,7,12,
TC102511,soporte_remoto,call_center,internet_tv,CANALES INTERMITENTES,,solucionado,2026-05-11 12:55:00,2026-05-13 15:25:00,31,2,
TCF100222,soporte_remoto,caja,internet,LENTITUD E INTERMITENCIA,,cerrado_sin_contacto,2026-05-11 12:55:00,2026-05-13 17:45:00,25,2,
TC101155,soporte_remoto,call_center,internet,ERROR EN INGRESO A PÁGINAS,,solucionado,2026-05-11 13:10:00,2026-05-13 11:20:00,7,2,
SG100523,sin_internet,call_center,internet,,FALLA DE FIBRA,solucionado,2026-05-11 14:00:00,2026-05-11 15:35:00,3,0,
SR101035,soporte_remoto,call_center,internet,LENTITUD E INTERMITENCIA,,solucionado,2026-05-11 14:00:00,2026-05-13 11:35:00,1,2,
SG103784,cambio_plan,whatsapp,,,,solucionado,2026-05-11 14:00:00,2026-05-28 12:25:00,3,3,
DQ103783,cambio_plan,caja,,,,solucionado,2026-05-11 14:10:00,2026-05-11 14:10:00,19,11,
TC100129,soporte_remoto,whatsapp,internet,LENTITUD E INTERMITENCIA,,solucionado,2026-05-11 14:40:00,2026-05-13 12:10:00,7,2,
TC102512,soporte_remoto,whatsapp,internet_tv,LENTITUD E INTERMITENCIA,,solucionado,2026-05-11 14:45:00,2026-05-13 08:30:00,28,2,
VG103224,cambio_plan,call_center,,,,solucionado,2026-05-11 14:50:00,2026-05-12 16:45:00,6,3,
SG102513,soporte_remoto,whatsapp,internet_tv,LENTITUD E INTERMITENCIA,,cerrado_sin_contacto,2026-05-11 15:15:00,2026-05-13 13:20:00,9,2,
DQ102514,soporte_remoto,call_center,internet,LENTITUD E INTERMITENCIA,,solucionado,2026-05-11 15:15:00,2026-05-13 13:00:00,20,2,
TC102515,soporte_remoto,whatsapp,internet,LENTITUD E INTERMITENCIA,,solucionado,2026-05-11 15:40:00,2026-05-13 17:05:00,0,2,
VG101196,cambio_titular,call_center,,,,solucionado,2026-05-11 15:50:00,2026-05-17 10:40:00,6,5,
VG100621,soporte_remoto,whatsapp,internet,LENTITUD E INTERMITENCIA,,solucionado,2026-05-11 15:55:00,2026-05-13 13:30:00,6,2,
SR101695,soporte_remoto,whatsapp,tv,CANALES FALTANTES,,solucionado,2026-05-11 15:55:00,2026-05-13 11:55:00,1,2,
SG103184,cambio_plan,whatsapp,,,,solucionado,2026-05-11 16:00:00,2026-05-28 12:25:00,3,3,
C103785,cambio_plan,caja,,,,solucionado,2026-05-11 16:10:00,2026-05-12 17:20:00,8,3,
C103785,cambio_titular,call_center,,,,solucionado,2026-05-11 16:10:00,,8,,
DQ101249,soporte_remoto,caja,internet,LENTITUD E INTERMITENCIA,,solucionado,2026-05-11 16:15:00,2026-05-13 17:45:00,12,2,
TC103786,cambio_plan,call_center,,,,solucionado,2026-05-11 16:20:00,2026-05-11 16:20:00,23,12,
TC102517,soporte_remoto,call_center,internet,LENTITUD E INTERMITENCIA,,solucionado,2026-05-11 16:40:00,2026-05-14 17:15:00,28,2,
SG102513,cambio_plan,whatsapp,,,,solucionado,2026-05-11 16:40:00,2026-05-12 18:00:00,9,3,
C102518,soporte_remoto,whatsapp,internet,LENTITUD E INTERMITENCIA,,cerrado_sin_contacto,2026-05-11 16:45:00,2026-05-14 08:40:00,28,2,
TC102519,soporte_remoto,call_center,internet,LENTITUD E INTERMITENCIA,,solucionado,2026-05-11 16:55:00,2026-05-13 17:55:00,20,2,
C103787,cambio_plan,caja,,,,solucionado,2026-05-11 17:25:00,2026-05-28 17:50:00,27,3,
CH102520,soporte_remoto,whatsapp,internet,LENTITUD E INTERMITENCIA,,solucionado,2026-05-11 17:45:00,2026-05-13 08:45:00,2,2,
DQ102521,soporte_remoto,call_center,internet,PROBLEMAS CON TEST DE VELOCIDAD,,solucionado,2026-05-11 19:10:00,2026-05-14 08:55:00,25,2,
TC100524,sin_internet,whatsapp,internet,,,cerrado_sin_contacto,2026-05-12 08:25:00,2026-05-13 10:00:00,0,4,
DQ103747,cambio_plan,call_center,,,,solucionado,2026-05-12 08:30:00,2026-05-14 12:35:00,4,3,
DQ103788,cambio_plan,whatsapp,,,,solucionado,2026-05-12 08:40:00,2026-05-14 12:40:00,4,3,
TC100525,sin_internet,call_center,internet,,BLOQUEO DE EQUIPO,solucionado,2026-05-12 08:55:00,2026-05-13 08:30:00,0,4,
TC102523,soporte_remoto,call_center,internet,LENTITUD E INTERMITENCIA,,solucionado,2026-05-12 10:40:00,2026-05-14 10:05:00,31,2,
SG102311,soporte_remoto,call_center,internet,LENTITUD E INTERMITENCIA,,cerrado_sin_contacto,2026-05-12 11:00:00,2026-05-14 09:00:00,9,2,
DQ101370,soporte_remoto,call_center,internet,LENTITUD E INTERMITENCIA,,solucionado,2026-05-12 11:50:00,2026-05-14 12:45:00,4,2,
TC100526,sin_internet,whatsapp,internet,,,solucionado,2026-05-12 12:15:00,2026-05-13 11:00:00,0,4,
TC102524,soporte_remoto,whatsapp,internet_tv,LENTITUD E INTERMITENCIA,,solucionado,2026-05-12 12:15:00,2026-05-14 12:55:00,28,2,
C102525,soporte_remoto,caja,internet,PROBLEMAS CON TEST DE VELOCIDAD,,solucionado,2026-05-12 12:25:00,2026-05-12 12:50:00,17,1,
C103790,cambio_plan,whatsapp,,,,solucionado,2026-05-12 13:10:00,2026-05-12 15:15:00,47,19,
C102526,soporte_remoto,call_center,tv,PROGRAMACIÓN DE TV,,solucionado,2026-05-12 14:10:00,2026-05-14 17:30:00,15,2,
C102527,soporte_remoto,caja,tv,PROGRAMACIÓN DE TV,,solucionado,2026-05-12 14:40:00,2026-05-14 13:05:00,17,2,
TC100864,soporte_remoto,whatsapp,internet,LENTITUD E INTERMITENCIA,,solucionado,2026-05-12 14:50:00,2026-05-14 13:20:00,28,2,
TC102348,soporte_remoto,call_center,internet,LENTITUD E INTERMITENCIA,,cerrado_sin_contacto,2026-05-12 14:50:00,2026-05-14 09:10:00,31,2,
C102528,soporte_remoto,call_center,internet,LENTITUD E INTERMITENCIA,,solucionado,2026-05-12 15:00:00,2026-05-14 16:30:00,23,2,
TC102529,soporte_remoto,whatsapp,internet,ERROR EN INGRESO A PÁGINAS,,cerrado_sin_contacto,2026-05-12 15:05:00,2026-05-14 08:50:00,27,4,
C103789,cambio_plan,whatsapp,,,,solucionado,2026-05-12 15:05:00,2026-05-19 12:20:00,19,11,
SR102530,soporte_remoto,call_center,internet,LENTITUD E INTERMITENCIA,,solucionado,2026-05-12 15:20:00,2026-05-14 17:40:00,1,2,
DQ100527,sin_internet,call_center,internet,,,solucionado,2026-05-12 15:30:00,2026-05-13 11:25:00,4,4,
SR102531,soporte_remoto,call_center,internet,LENTITUD E INTERMITENCIA,,solucionado,2026-05-12 15:30:00,2026-05-14 17:45:00,1,2,
TC102838,cambio_plan,whatsapp,,,,solucionado,2026-05-12 15:30:00,2026-05-12 15:30:00,20,9,
C102532,soporte_remoto,call_center,internet_tv,LENTITUD E INTERMITENCIA,,solucionado,2026-05-12 15:45:00,2026-05-14 09:25:00,7,2,
C100528,sin_internet,call_center,internet,,,solucionado,2026-05-12 16:00:00,2026-05-13 11:30:00,13,4,
TC103792,cambio_plan,call_center,,,,solucionado,2026-05-12 16:20:00,2026-05-12 16:20:00,23,12,
SR102533,soporte_remoto,whatsapp,tv,FALLAS CON LA TV,,cerrado_sin_contacto,2026-05-12 16:50:00,2026-05-14 09:45:00,1,2,
TC102534,soporte_remoto,call_center,internet,LENTITUD E INTERMITENCIA,,solucionado,2026-05-12 17:25:00,2026-05-15 08:15:00,28,2,
DQ100529,sin_internet,whatsapp,internet,,,cerrado_sin_contacto,2026-05-12 17:50:00,2026-05-13 11:35:00,10,4,
C100535,sin_internet,whatsapp,internet,,VLAN DUPLICADA,solucionado,2026-05-13 08:10:00,2026-05-14 10:50:00,8,4,
SR100536,sin_internet,call_center,internet,,,solucionado,2026-05-13 08:50:00,2026-05-14 11:40:00,1,4,
TC101492,soporte_remoto,whatsapp,internet,LENTITUD E INTERMITENCIA,,cerrado_sin_contacto,2026-05-13 08:50:00,2026-05-13 08:50:00,0,0,
C100530,sin_internet,caja,internet,,,cerrado_sin_contacto,2026-05-13 09:00:00,2026-05-13 11:40:00,13,4,
DQ101628,cambio_plan,call_center,,,,solucionado,2026-05-13 09:40:00,2026-05-30 14:45:00,12,3,
SR100531,sin_internet,call_center,internet,,,solucionado,2026-05-13 09:50:00,2026-05-13 11:45:00,1,4,
SR100726,soporte_remoto,call_center,internet,LENTITUD E INTERMITENCIA,,solucionado,2026-05-13 09:50:00,2026-05-14 10:50:00,1,0,
CH100532,sin_internet,whatsapp,internet,,,solucionado,2026-05-13 10:05:00,2026-05-13 11:50:00,2,4,
TC102535,soporte_remoto,whatsapp,tv,FALLAS CON LA TV,,cerrado_sin_contacto,2026-05-13 10:05:00,2026-05-20 09:25:00,18,0,
DQ102536,soporte_remoto,call_center,internet,LENTITUD E INTERMITENCIA,,cerrado_sin_contacto,2026-05-13 10:20:00,2026-05-20 09:30:00,19,0,
VG102537,soporte_remoto,call_center,tv,FALLAS CON LA TV,,solucionado,2026-05-13 10:35:00,2026-05-19 09:05:00,19,0,
DQ102538,soporte_remoto,call_center,internet,LENTITUD E INTERMITENCIA,,solucionado,2026-05-13 10:45:00,2026-05-19 09:25:00,4,0,
VG102539,soporte_remoto,call_center,internet,LENTITUD E INTERMITENCIA,,cerrado_sin_contacto,2026-05-13 11:30:00,2026-05-20 09:35:00,6,0,
SG103656,cambio_plan,call_center,,,,solucionado,2026-05-13 11:30:00,2026-05-19 11:20:00,9,3,
C100533,sin_internet,call_center,internet,,,solucionado,2026-05-13 11:50:00,2026-05-13 11:55:00,15,4,
C102540,soporte_remoto,call_center,tv,PROGRAMACIÓN DE TV,,solucionado,2026-05-13 11:55:00,2026-05-14 12:10:00,17,0,
TC102541,soporte_remoto,whatsapp,internet,ERROR EN INGRESO A PÁGINAS,,solucionado,2026-05-13 12:45:00,2026-05-13 17:20:00,16,4,
SR102542,soporte_remoto,whatsapp,internet,LENTITUD E INTERMITENCIA,,solucionado,2026-05-13 13:20:00,2026-05-14 10:20:00,14,1,
TC102543,soporte_remoto,whatsapp,internet,LENTITUD E INTERMITENCIA,,solucionado,2026-05-13 13:25:00,2026-05-14 10:50:00,0,1,
C102544,soporte_remoto,call_center,internet,LENTITUD E INTERMITENCIA,,solucionado,2026-05-13 14:25:00,2026-05-19 09:30:00,15,1,
DQ102545,soporte_remoto,whatsapp,internet,LENTITUD E INTERMITENCIA,,solucionado,2026-05-13 15:25:00,2026-05-14 11:30:00,17,1,
VG100534,sin_internet,caja,internet,,,solucionado,2026-05-13 15:40:00,2026-05-13 16:20:00,6,4,
SG103793,cambio_plan,whatsapp,,,,solucionado,2026-05-13 15:50:00,2026-05-19 15:25:00,9,3,
DQ102034,soporte_remoto,call_center,internet,PROBLEMAS CON CÁMARAS/DVR,,cerrado_sin_contacto,2026-05-13 15:55:00,2026-05-14 09:00:00,4,1,
SR103794,cambio_plan,call_center,,,,solucionado,2026-05-13 16:05:00,2026-05-28 17:50:00,14,3,
C104066,cambio_titular,whatsapp,,,,solucionado,2026-05-13 16:30:00,2026-05-17 11:20:00,8,5,
TC103795,cambio_plan,whatsapp,,,,solucionado,2026-05-13 16:35:00,2026-05-30 14:45:00,31,3,
TC102546,soporte_remoto,caja,internet,LENTITUD E INTERMITENCIA,,solucionado,2026-05-13 16:40:00,2026-05-14 12:25:00,0,1,
DQ102547,soporte_remoto,whatsapp,internet_tv,LENTITUD E INTERMITENCIA,,solucionado,2026-05-13 16:45:00,2026-05-15 10:00:00,11,2,
SR102062,soporte_remoto,call_center,internet,LENTITUD E INTERMITENCIA,,solucionado,2026-05-13 16:55:00,2026-05-15 09:20:00,23,2,
DQ102548,soporte_remoto,whatsapp,internet,ERROR EN INGRESO A PÁGINAS,,seguimiento,2026-05-13 17:00:00,,20,4,
DQ102189,soporte_remoto,call_center,internet,LENTITUD E INTERMITENCIA,,solucionado,2026-05-13 17:05:00,2026-05-15 09:20:00,17,2,
DQ102189,soporte_remoto,call_center,internet,ERROR EN INGRESO A PÁGINAS,,solucionado,2026-05-13 18:35:00,2026-05-14 08:35:00,27,4,
TC102437,soporte_remoto,call_center,internet,ERROR EN INGRESO A PÁGINAS,,solucionado,2026-05-14 09:05:00,2026-05-14 09:25:00,11,2,
VG102550,soporte_remoto,caja,internet_tv,LENTITUD E INTERMITENCIA,,solucionado,2026-05-14 09:15:00,2026-05-14 17:55:00,6,2,
C100537,sin_internet,caja,internet,,,solucionado,2026-05-14 10:00:00,2026-05-14 11:40:00,13,4,
C100538,sin_internet,call_center,internet,,FALLA MASIVA,solucionado,2026-05-14 10:30:00,2026-05-14 11:40:00,15,4,
TC100539,sin_internet,whatsapp,internet,,FALLA DE FIBRA,solucionado,2026-05-14 10:30:00,2026-05-14 11:40:00,18,4,
TCF100151,sin_internet,caja,internet,,,solucionado,2026-05-14 10:30:00,2026-05-14 15:00:00,22,4,
C102551,soporte_remoto,call_center,internet,PROBLEMAS CON TEST DE VELOCIDAD,,solucionado,2026-05-14 10:30:00,2026-05-14 15:35:00,17,0,
VG102552,soporte_remoto,call_center,internet,LENTITUD E INTERMITENCIA,,solucionado,2026-05-14 10:45:00,2026-05-20 09:55:00,6,0,
DQ102553,soporte_remoto,call_center,internet,LENTITUD E INTERMITENCIA,,solucionado,2026-05-14 13:20:00,2026-05-21 09:20:00,27,1,
C102554,soporte_remoto,call_center,internet_tv,LENTITUD E INTERMITENCIA,,solucionado,2026-05-14 14:20:00,2026-05-14 15:45:00,17,1,
SR102555,soporte_remoto,call_center,internet,LENTITUD E INTERMITENCIA,,cerrado_sin_contacto,2026-05-14 14:30:00,2026-05-15 09:00:00,14,2,
SR103796,cambio_plan,call_center,,,,solucionado,2026-05-14 14:30:00,2026-05-14 14:30:00,23,12,
SR100540,sin_internet,call_center,internet,,,solucionado,2026-05-14 14:50:00,2026-05-14 15:00:00,1,4,
TC100541,sin_internet,whatsapp,internet,,,solucionado,2026-05-14 14:55:00,2026-05-14 15:00:00,0,4,
SG102556,soporte_remoto,whatsapp,internet,LENTITUD E INTERMITENCIA,,cerrado_sin_contacto,2026-05-14 15:00:00,2026-05-15 10:55:00,27,2,
TC104067,cambio_titular,whatsapp,,,,solucionado,2026-05-14 15:15:00,2026-05-17 10:00:00,10,5,
TC102557,soporte_remoto,caja,internet_tv,LENTITUD E INTERMITENCIA,,solucionado,2026-05-14 15:25:00,2026-05-15 12:55:00,0,0,
C102551,cambio_plan,call_center,,,,solucionado,2026-05-14 15:55:00,2026-05-19 15:35:00,15,3,
SG103008,cambio_plan,call_center,,,,solucionado,2026-05-14 16:00:00,2026-05-19 15:30:00,9,3,
SG103008,cambio_titular,call_center,,,,solucionado,2026-05-14 16:00:00,2026-05-17 11:15:00,9,5,
TC104068,cambio_titular,call_center,,,,solucionado,2026-05-14 16:05:00,2026-05-17 11:40:00,18,5,
C103797,cambio_plan,call_center,,,,solucionado,2026-05-14 17:55:00,,28,,
SM102549,soporte_remoto,call_center,internet,LENTITUD E INTERMITENCIA,,seguimiento,2026-05-14 18:40:00,,26,4,
C100542,sin_internet,whatsapp,internet,,BLOQUEO DE EQUIPO,solucionado,2026-05-15 08:50:00,2026-05-15 08:50:00,15,4,
C100543,sin_internet,call_center,internet,,FALLA DE FIBRA,solucionado,2026-05-15 08:55:00,2026-05-15 11:00:00,15,4,
VG102105,soporte_remoto,whatsapp,tv,PROGRAMACIÓN DE TV,,solucionado,2026-05-15 09:25:00,2026-05-15 11:25:00,6,2,
SR100521,sin_internet,call_center,internet,,BLOQUEO DE EQUIPO,solucionado,2026-05-15 09:40:00,2026-05-15 14:00:00,1,4,
VG102558,soporte_remoto,call_center,internet_tv,LENTITUD E INTERMITENCIA,,cerrado_sin_contacto,2026-05-15 09:45:00,2026-05-15 09:45:00,6,2,
SR100544,sin_internet,whatsapp,internet,,BLOQUEO DE EQUIPO,solucionado,2026-05-15 10:35:00,2026-05-15 11:35:00,1,4,
TC100456,sin_internet,call_center,internet,,FALLA MASIVA,solucionado,2026-05-15 10:45:00,2026-05-15 11:45:00,7,4,
DQ102559,soporte_remoto,call_center,tv,SIN SEÑAL DE TV,,cerrado_sin_contacto,2026-05-15 11:05:00,2026-05-21 08:45:00,4,2,
DQ100406,soporte_remoto,caja,internet_tv,LENTITUD E INTERMITENCIA,,solucionado,2026-05-15 11:25:00,2026-05-15 11:35:00,11,2,
TC102560,soporte_remoto,call_center,internet,LENTITUD E INTERMITENCIA,,solucionado,2026-05-15 11:35:00,2026-05-15 12:10:00,31,2,
TC102561,soporte_remoto,call_center,internet,LENTITUD E INTERMITENCIA,,solucionado,2026-05-15 12:05:00,2026-05-15 12:05:00,0,2,
TC102562,soporte_remoto,call_center,internet,LENTITUD E INTERMITENCIA,,solucionado,2026-05-15 12:20:00,2026-05-15 17:00:00,0,1,
TC102563,soporte_remoto,whatsapp,internet_tv,LENTITUD E INTERMITENCIA,,cerrado_sin_contacto,2026-05-15 12:20:00,2026-05-15 12:25:00,28,0,
TC100541,soporte_remoto,call_center,internet,LENTITUD E INTERMITENCIA,,solucionado,2026-05-15 12:35:00,2026-05-19 10:50:00,0,1,
TC102564,soporte_remoto,caja,internet,LENTITUD E INTERMITENCIA,,cerrado_sin_contacto,2026-05-15 13:25:00,2026-05-15 13:25:00,16,1,
C102565,soporte_remoto,whatsapp,internet,LENTITUD E INTERMITENCIA,,solucionado,2026-05-15 14:00:00,2026-05-19 11:20:00,20,1,
TC102566,soporte_remoto,call_center,internet_tv,LENTITUD E INTERMITENCIA,,solucionado,2026-05-15 14:05:00,2026-05-15 17:00:00,18,2,
C104069,cambio_titular,call_center,,,,solucionado,2026-05-15 15:15:00,2026-05-17 11:45:00,15,5,
VG102567,soporte_remoto,call_center,internet,LENTITUD E INTERMITENCIA,,solucionado,2026-05-15 15:20:00,2026-05-15 15:20:00,6,2,
C102568,soporte_remoto,whatsapp,internet,LENTITUD E INTERMITENCIA,,cerrado_sin_contacto,2026-05-15 15:20:00,2026-05-21 08:35:00,8,0,
TC102569,soporte_remoto,call_center,internet,LENTITUD E INTERMITENCIA,,cerrado_sin_contacto,2026-05-15 15:25:00,2026-05-21 08:50:00,7,0,
TC100545,sin_internet,whatsapp,internet,,FALLA MASIVA,solucionado,2026-05-15 15:40:00,2026-05-15 16:00:00,7,4,
TC100454,sin_internet,call_center,internet,,,solucionado,2026-05-15 16:00:00,2026-05-19 08:00:00,0,4,
C102570,soporte_remoto,whatsapp,tv,PROGRAMACIÓN DE TV,,solucionado,2026-05-15 16:05:00,2026-05-15 16:05:00,11,2,
C100546,sin_internet,call_center,internet,,,solucionado,2026-05-15 16:15:00,2026-05-19 08:00:00,15,4,
C100547,sin_internet,call_center,internet,,,solucionado,2026-05-15 16:20:00,2026-05-19 08:00:00,15,4,
DQ101707,soporte_remoto,call_center,internet,LENTITUD E INTERMITENCIA,,solucionado,2026-05-15 17:25:00,2026-05-19 09:05:00,21,2,
TCF104070,cambio_titular,call_center,,,,solucionado,2026-05-15 18:00:00,2026-05-17 11:45:00,10,5,
TC103798,cambio_plan,call_center,,,,solucionado,2026-05-16 13:55:00,2026-05-16 13:55:00,27,15,
TCF102571,soporte_remoto,call_center,internet,LENTITUD E INTERMITENCIA,,cerrado_sin_contacto,2026-05-17 15:00:00,2026-05-21 08:50:00,16,0,
SR102572,soporte_remoto,call_center,internet,LENTITUD E INTERMITENCIA,,solucionado,2026-05-17 15:00:00,2026-05-19 09:25:00,16,2,
DQ102573,soporte_remoto,whatsapp,tv,CANALES LLUVIOSOS/PIXELADOS,,solucionado,2026-05-18 14:00:00,2026-05-19 09:45:00,25,2,
SG100193,soporte_remoto,whatsapp,tv,ERROR EN INGRESO A PÁGINAS,,solucionado,2026-05-19 08:30:00,2026-05-19 08:35:00,11,2,
C102580,soporte_remoto,call_center,internet,LENTITUD E INTERMITENCIA,,solucionado,2026-05-19 09:00:00,2026-05-19 16:10:00,23,1,
TC102574,soporte_remoto,call_center,internet_tv,LENTITUD E INTERMITENCIA,,solucionado,2026-05-19 09:10:00,2026-05-19 10:10:00,28,0,
SR102575,soporte_remoto,call_center,internet,LENTITUD E INTERMITENCIA,,solucionado,2026-05-19 09:20:00,2026-05-19 15:40:00,1,1,
SR102576,soporte_remoto,call_center,internet,LENTITUD E INTERMITENCIA,,solucionado,2026-05-19 09:20:00,2026-05-19 15:40:00,1,1,
TCF104071,cambio_titular,call_center,,,,solucionado,2026-05-19 09:20:00,2026-05-19 10:45:00,10,5,
TC104072,cambio_titular,whatsapp,,,,solucionado,2026-05-19 09:25:00,2026-05-19 10:50:00,0,5,
DQ100921,soporte_remoto,whatsapp,tv,CANALES LLUVIOSOS/PIXELADOS,,solucionado,2026-05-19 09:40:00,2026-05-19 11:20:00,12,2,
DQ103799,cambio_plan,whatsapp,,,,solucionado,2026-05-19 09:45:00,2026-05-20 09:00:00,12,3,
C101784,cambio_plan,call_center,,,,solucionado,2026-05-19 09:45:00,2026-05-30 14:50:00,13,3,
DQ101321,soporte_remoto,whatsapp,internet_tv,LENTITUD E INTERMITENCIA,,solucionado,2026-05-19 10:00:00,2026-05-19 10:50:00,12,2,
DQ102577,soporte_remoto,caja,internet,LENTITUD E INTERMITENCIA,,solucionado,2026-05-19 10:25:00,2026-05-19 10:50:00,4,2,
SR102578,soporte_remoto,whatsapp,internet_tv,ERROR EN INGRESO A PÁGINAS,,solucionado,2026-05-19 10:25:00,2026-05-19 10:35:00,11,2,
C102579,soporte_remoto,call_center,internet,LENTITUD E INTERMITENCIA,,cerrado_sin_contacto,2026-05-19 11:15:00,2026-05-19 16:30:00,8,1,
CH100083,soporte_remoto,call_center,internet,LENTITUD E INTERMITENCIA,,solucionado,2026-05-19 11:20:00,2026-05-19 12:55:00,2,1,
SR102581,soporte_remoto,caja,tv,CANALES INTERMITENTES,,solucionado,2026-05-19 11:30:00,2026-05-19 11:30:00,1,1,
TC103800,cambio_plan,call_center,,,,solucionado,2026-05-19 11:35:00,2026-05-20 09:05:00,10,3,
TC103801,cambio_plan,call_center,,,,solucionado,2026-05-19 11:35:00,2026-05-21 17:50:00,10,3,
SG104073,cambio_titular,call_center,,,,solucionado,2026-05-19 11:35:00,2026-05-19 15:45:00,3,5,
SR102582,soporte_remoto,caja,internet,LENTITUD E INTERMITENCIA,,cerrado_sin_contacto,2026-05-19 11:40:00,2026-05-19 16:30:00,1,1,
SG102583,soporte_remoto,call_center,internet,LENTITUD E INTERMITENCIA,,solucionado,2026-05-19 12:10:00,2026-05-19 12:30:00,3,0,
TC100548,sin_internet,whatsapp,internet,,FALLA DE FIBRA,solucionado,2026-05-19 12:15:00,2026-05-19 12:30:00,4,0,
TC102584,soporte_remoto,whatsapp,internet,LENTITUD E INTERMITENCIA,,solucionado,2026-05-19 12:35:00,2026-05-20 08:15:00,18,0,
TCF103802,cambio_plan,whatsapp,,,,solucionado,2026-05-19 12:40:00,2026-05-28 17:55:00,25,3,
DQ102585,soporte_remoto,call_center,tv,CANALES FALTANTES,,solucionado,2026-05-19 12:55:00,2026-05-20 16:55:00,4,2,
TC101760,soporte_remoto,caja,internet,LENTITUD E INTERMITENCIA,,cerrado_sin_contacto,2026-05-19 13:45:00,2026-05-19 13:45:00,4,0,
TCF101752,soporte_remoto,call_center,internet,LENTITUD E INTERMITENCIA,,solucionado,2026-05-19 14:35:00,2026-05-20 09:05:00,22,0,
DQ102586,soporte_remoto,call_center,internet,PROBLEMAS CON TEST DE VELOCIDAD,,solucionado,2026-05-19 14:40:00,2026-05-20 12:05:00,17,2,
DQ102587,soporte_remoto,call_center,tv,FALLAS CON LA TV,,solucionado,2026-05-19 15:00:00,2026-05-20 08:55:00,12,2,
DQ102588,soporte_remoto,call_center,internet,LENTITUD E INTERMITENCIA,,solucionado,2026-05-19 15:05:00,2026-05-20 09:05:00,12,2,
TC102589,soporte_remoto,call_center,internet,LENTITUD E INTERMITENCIA,,solucionado,2026-05-19 15:20:00,2026-05-21 11:00:00,0,0,
SR102590,soporte_remoto,call_center,tv,PROGRAMACIÓN DE TV,,cerrado_sin_contacto,2026-05-19 15:50:00,2026-05-19 15:50:00,17,1,
CH102591,soporte_remoto,whatsapp,internet,LENTITUD E INTERMITENCIA,,solucionado,2026-05-19 15:50:00,2026-05-20 16:20:00,2,1,
SG102592,soporte_remoto,call_center,internet,LENTITUD E INTERMITENCIA,,solucionado,2026-05-19 15:55:00,2026-05-20 09:30:00,9,2,
CH104074,cambio_titular,call_center,,,,solucionado,2026-05-19 16:00:00,2026-05-19 16:25:00,2,5,
SG103803,cambio_plan,whatsapp,,,,solucionado,2026-05-19 16:20:00,2026-05-21 17:55:00,9,3,
SR101909,soporte_remoto,call_center,internet,LENTITUD E INTERMITENCIA,,cerrado_sin_contacto,2026-05-19 17:10:00,2026-05-20 09:00:00,1,1,
DQ102593,soporte_remoto,call_center,internet,LENTITUD E INTERMITENCIA,,solucionado,2026-05-19 17:15:00,2026-05-20 12:35:00,4,2,
DQ102594,soporte_remoto,call_center,tv,CANALES LLUVIOSOS/PIXELADOS,,solucionado,2026-05-19 17:20:00,2026-05-20 09:15:00,4,2,
TC102595,soporte_remoto,whatsapp,tv,PROGRAMACIÓN DE TV,,solucionado,2026-05-19 17:40:00,2026-05-25 09:25:00,0,0,
SR102596,soporte_remoto,call_center,internet,LENTITUD E INTERMITENCIA,,solucionado,2026-05-19 17:45:00,2026-05-20 16:30:00,1,1,
TC102615,soporte_remoto,whatsapp,internet,LENTITUD E INTERMITENCIA,,cerrado_sin_contacto,2026-05-20 08:20:00,2026-05-21 12:35:00,28,0,
TC101332,soporte_remoto,call_center,internet,LENTITUD E INTERMITENCIA,,solucionado,2026-05-20 08:45:00,2026-05-20 09:25:00,7,0,
TC102597,soporte_remoto,call_center,internet,LENTITUD E INTERMITENCIA,,solucionado,2026-05-20 08:55:00,2026-05-20 09:10:00,11,2,
TC102598,soporte_remoto,whatsapp,internet,LENTITUD E INTERMITENCIA,,cerrado_sin_contacto,2026-05-20 09:20:00,2026-05-25 09:35:00,10,0,
TC100549,sin_internet,caja,internet,,FALLA DE FIBRA,solucionado,2026-05-20 09:35:00,2026-05-20 10:25:00,0,0,
TC102599,soporte_remoto,whatsapp,internet,LENTITUD E INTERMITENCIA,,solucionado,2026-05-20 09:35:00,2026-05-20 09:50:00,11,2,
C102600,soporte_remoto,call_center,tv,CANALES LLUVIOSOS/PIXELADOS,,solucionado,2026-05-20 09:50:00,2026-05-20 10:35:00,8,1,
TC100548,soporte_remoto,whatsapp,internet_tv,ERROR EN INGRESO A PÁGINAS,,solucionado,2026-05-20 10:15:00,2026-05-20 10:20:00,11,2,
TC102080,soporte_remoto,call_center,internet,FALLAS CON LA TV,,solucionado,2026-05-20 10:40:00,2026-05-21 09:10:00,28,0,
SR102601,soporte_remoto,whatsapp,internet,LENTITUD E INTERMITENCIA,,solucionado,2026-05-20 10:55:00,2026-05-20 10:55:00,1,1,
DQ100550,cambio_titular,whatsapp,,,,solucionado,2026-05-20 10:55:00,2026-05-20 10:55:00,4,5,
DQ102602,soporte_remoto,whatsapp,internet,STREAMING CON FALLAS,,solucionado,2026-05-20 11:00:00,2026-05-20 11:00:00,17,2,
DQ100550,sin_internet,whatsapp,internet,,FALLA DE FIBRA,solucionado,2026-05-20 11:20:00,2026-05-20 11:35:00,4,0,
TC103804,cambio_plan,whatsapp,,,,solucionado,2026-05-20 11:40:00,2026-05-22 11:10:00,7,3,
TC102603,soporte_remoto,whatsapp,internet,LENTITUD E INTERMITENCIA,,solucionado,2026-05-20 11:45:00,2026-05-20 11:45:00,11,2,
TCF102604,soporte_remoto,call_center,tv,CANALES LLUVIOSOS/PIXELADOS,,solucionado,2026-05-20 11:45:00,2026-05-20 15:20:00,25,0,
TC100551,sin_internet,whatsapp,internet,,,solucionado,2026-05-20 11:55:00,2026-05-20 12:50:00,0,0,
DQ102605,soporte_remoto,call_center,internet_tv,LENTITUD E INTERMITENCIA,,solucionado,2026-05-20 13:15:00,2026-05-20 13:15:00,4,2,
C102606,soporte_remoto,call_center,internet,LENTITUD E INTERMITENCIA,,solucionado,2026-05-20 14:10:00,2026-05-20 14:10:00,8,1,
C103805,cambio_plan,whatsapp,,,,solucionado,2026-05-20 14:15:00,2026-05-30 14:50:00,27,3,
C102607,soporte_remoto,call_center,internet,ERROR EN INGRESO A PÁGINAS,,solucionado,2026-05-20 14:25:00,2026-05-20 14:25:00,8,1,
SR103806,cambio_plan,call_center,,,,solucionado,2026-05-20 14:35:00,2026-05-30 15:05:00,1,3,
DQ102259,soporte_remoto,call_center,internet,LENTITUD E INTERMITENCIA,,solucionado,2026-05-20 14:45:00,2026-05-20 14:45:00,12,2,
TC102608,soporte_remoto,call_center,internet,LENTITUD E INTERMITENCIA,,solucionado,2026-05-20 15:00:00,2026-05-21 10:40:00,18,0,
TC103807,cambio_plan,caja,,,,solucionado,2026-05-20 15:10:00,2026-05-20 15:10:00,23,12,
TC102609,soporte_remoto,call_center,internet_tv,LENTITUD E INTERMITENCIA,,cerrado_sin_contacto,2026-05-20 15:15:00,2026-05-21 09:25:00,28,0,
DQ100552,sin_internet,whatsapp,internet,,FALLA MASIVA,solucionado,2026-05-20 15:25:00,2026-05-20 16:20:00,22,0,
SR102332,soporte_remoto,call_center,internet,LENTITUD E INTERMITENCIA,,solucionado,2026-05-20 16:05:00,2026-05-20 16:05:00,17,1,
C102610,soporte_remoto,call_center,internet,LENTITUD E INTERMITENCIA,,solucionado,2026-05-20 16:10:00,2026-05-20 16:10:00,8,1,
DQ102611,soporte_remoto,call_center,internet,LENTITUD E INTERMITENCIA,,solucionado,2026-05-20 16:20:00,2026-05-20 16:55:00,12,2,
TC100315,soporte_remoto,caja,internet,LENTITUD E INTERMITENCIA,,cerrado_sin_contacto,2026-05-20 16:25:00,2026-05-27 16:20:00,0,0,
CH100282,cambio_plan,caja,,,,solucionado,2026-05-20 16:30:00,2026-05-28 17:55:00,2,3,
TC100624,cambio_titular,whatsapp,,,,solucionado,2026-05-20 16:35:00,2026-05-21 17:40:00,7,5,
C100016,soporte_remoto,whatsapp,internet,LENTITUD E INTERMITENCIA,,solucionado,2026-05-20 16:45:00,2026-05-21 11:30:00,8,1,
C102612,soporte_remoto,call_center,internet,LENTITUD E INTERMITENCIA,,cerrado_sin_contacto,2026-05-20 16:55:00,2026-05-21 10:25:00,23,1,
SR102613,soporte_remoto,call_center,tv,FALLAS CON LA TV,,solucionado,2026-05-20 17:10:00,2026-05-21 12:00:00,14,1,
DQ102614,soporte_remoto,whatsapp,internet_tv,LENTITUD E INTERMITENCIA,,solucionado,2026-05-20 17:55:00,2026-05-21 17:15:00,4,2,
CH101582,soporte_remoto,call_center,internet_tv,LENTITUD E INTERMITENCIA,,solucionado,2026-05-20 17:55:00,2026-05-21 12:50:00,2,1,
CH100553,sin_internet,whatsapp,internet,,,solucionado,2026-05-21 08:40:00,2026-05-22 09:00:00,2,0,
CH102616,soporte_remoto,call_center,internet,LENTITUD E INTERMITENCIA,,solucionado,2026-05-21 09:00:00,2026-05-21 10:20:00,2,2,
DQ102619,soporte_remoto,call_center,internet,PROBLEMAS CON TRANSMISIONES EN VIVO,,solucionado,2026-05-21 11:00:00,2026-05-21 11:00:00,17,2,
TC102620,soporte_remoto,call_center,internet,LENTITUD E INTERMITENCIA,,solucionado,2026-05-21 11:35:00,2026-05-25 10:15:00,28,0,
C102621,soporte_remoto,call_center,internet_tv,LENTITUD E INTERMITENCIA,,solucionado,2026-05-21 11:50:00,2026-05-21 16:50:00,4,2,
SG103668,cambio_plan,whatsapp,,,,solucionado,2026-05-21 12:10:00,2026-05-22 11:20:00,3,3,
TC102179,soporte_remoto,call_center,tv,FALLAS CON LA TV,,solucionado,2026-05-21 12:45:00,2026-05-21 12:45:00,18,0,
SR103284,cambio_plan,call_center,,,,solucionado,2026-05-21 12:50:00,2026-05-22 12:50:00,25,14,
TC102622,soporte_remoto,call_center,internet,LENTITUD E INTERMITENCIA,,solucionado,2026-05-21 12:55:00,2026-05-21 12:55:00,7,2,
C102624,soporte_remoto,call_center,internet,LENTITUD E INTERMITENCIA,,cerrado_sin_contacto,2026-05-21 14:00:00,2026-05-21 16:15:00,13,1,
C102625,soporte_remoto,call_center,internet,LENTITUD E INTERMITENCIA,,solucionado,2026-05-21 14:00:00,2026-05-21 14:00:00,13,1,
TC102623,soporte_remoto,call_center,internet,LENTITUD E INTERMITENCIA,,cerrado_sin_contacto,2026-05-21 14:05:00,2026-05-21 14:05:00,20,0,
SR101401,soporte_remoto,whatsapp,internet,LENTITUD E INTERMITENCIA,,solucionado,2026-05-21 14:10:00,2026-05-21 14:10:00,1,1,
VG102626,soporte_remoto,call_center,internet,LENTITUD E INTERMITENCIA,,solucionado,2026-05-21 14:45:00,2026-05-22 09:25:00,17,0,
VG102627,soporte_remoto,call_center,internet,LENTITUD E INTERMITENCIA,,solucionado,2026-05-21 14:55:00,2026-05-25 11:15:00,6,0,
VG102628,soporte_remoto,call_center,internet,LENTITUD E INTERMITENCIA,,solucionado,2026-05-21 15:20:00,2026-05-22 09:55:00,6,2,
TC102629,soporte_remoto,call_center,internet,LENTITUD E INTERMITENCIA,,solucionado,2026-05-21 15:25:00,2026-05-22 10:50:00,0,0,
TCF102630,soporte_remoto,caja,internet,LENTITUD E INTERMITENCIA,,solucionado,2026-05-21 15:25:00,2026-05-21 15:25:00,22,2,
CH102632,soporte_remoto,call_center,internet_tv,LENTITUD E INTERMITENCIA,,solucionado,2026-05-21 16:55:00,2026-05-22 10:30:00,2,2,
SR101035,soporte_remoto,caja,internet,LENTITUD E INTERMITENCIA,,cerrado_sin_contacto,2026-05-21 17:05:00,2026-05-22 16:10:00,1,1,
SR102633,soporte_remoto,call_center,tv,PROGRAMACIÓN DE TV,,cancelado,2026-05-21 17:05:00,2026-05-22 13:30:00,17,1,
SG102631,soporte_remoto,whatsapp,tv,PROGRAMACIÓN DE TV,,solucionado,2026-05-21 17:10:00,2026-05-21 17:10:00,17,0,
TC102634,soporte_remoto,caja,internet,LENTITUD E INTERMITENCIA,,cerrado_sin_contacto,2026-05-22 08:50:00,2026-05-22 10:05:00,0,2,
TC102635,soporte_remoto,caja,internet,LENTITUD E INTERMITENCIA,,cerrado_sin_contacto,2026-05-22 09:15:00,2026-05-22 16:25:00,0,0,
TC100554,sin_internet,call_center,internet,,,solucionado,2026-05-22 09:30:00,2026-05-22 09:50:00,10,0,
AL102636,soporte_remoto,whatsapp,tv,SIN SEÑAL DE TV,,solucionado,2026-05-22 09:50:00,2026-05-22 12:55:00,18,0,
SR102637,soporte_remoto,call_center,internet,LENTITUD E INTERMITENCIA,,solucionado,2026-05-22 09:55:00,2026-05-22 13:15:00,1,2,
VG102638,soporte_remoto,caja,internet,LENTITUD E INTERMITENCIA,,solucionado,2026-05-22 10:25:00,2026-05-22 16:25:00,6,0,
DQ102639,soporte_remoto,whatsapp,internet,LENTITUD E INTERMITENCIA,,solucionado,2026-05-22 10:40:00,2026-05-22 10:40:00,12,2,
SR102640,soporte_remoto,whatsapp,tv,FALLAS CON LA TV,,solucionado,2026-05-22 11:25:00,2026-05-22 13:20:00,1,1,
SR100555,sin_internet,call_center,internet,,,cerrado_sin_contacto,2026-05-22 11:50:00,2026-05-22 11:50:00,14,0,
DQ100556,sin_internet,whatsapp,internet,,,solucionado,2026-05-22 12:25:00,2026-05-22 15:25:00,12,0,
TC100154,sin_internet,call_center,internet,,WIFI DESACTIVADO,solucionado,2026-05-22 12:25:00,2026-05-22 12:25:00,22,0,
TC102641,soporte_remoto,call_center,internet_tv,LENTITUD E INTERMITENCIA,,solucionado,2026-05-22 13:15:00,2026-05-22 16:50:00,11,2,
TC102642,soporte_remoto,call_center,internet,LENTITUD E INTERMITENCIA,,cerrado_sin_contacto,2026-05-22 13:55:00,2026-05-22 16:25:00,4,0,
C103809,cambio_plan,call_center,,,,solucionado,2026-05-22 14:05:00,2026-05-30 15:35:00,8,3,
DQ103808,cambio_plan,call_center,,,,solucionado,2026-05-22 14:10:00,2026-05-30 15:30:00,4,3,
DQ102643,soporte_remoto,call_center,internet,LENTITUD E INTERMITENCIA,,solucionado,2026-05-22 15:00:00,2026-05-22 15:00:00,12,2,
TC101955,soporte_remoto,call_center,internet,LENTITUD E INTERMITENCIA,,cerrado_sin_contacto,2026-05-22 15:10:00,2026-05-22 16:25:00,28,0,
DQ102645,soporte_remoto,call_center,internet,ERROR EN INGRESO A PÁGINAS,,solucionado,2026-05-22 15:25:00,2026-05-22 15:25:00,17,2,
DQ102644,soporte_remoto,call_center,internet,LENTITUD E INTERMITENCIA,,solucionado,2026-05-22 15:30:00,2026-05-22 15:30:00,4,2,
DQ104075,cambio_titular,whatsapp,,,,solucionado,2026-05-22 15:40:00,2026-05-25 09:45:00,22,5,
CH103810,cambio_plan,call_center,,,,solucionado,2026-05-22 15:45:00,2026-05-30 15:40:00,2,3,
C104076,cambio_titular,call_center,,,,solucionado,2026-05-22 15:55:00,2026-05-25 09:25:00,15,5,
CH102646,soporte_remoto,whatsapp,internet,LENTITUD E INTERMITENCIA,,solucionado,2026-05-22 16:05:00,2026-05-22 17:20:00,27,1,
SR102227,soporte_remoto,call_center,internet,LENTITUD E INTERMITENCIA,,cerrado_sin_contacto,2026-05-22 16:10:00,2026-05-22 16:10:00,1,1,
SR104077,cambio_titular,whatsapp,,,,solucionado,2026-05-22 16:25:00,2026-05-25 09:35:00,14,5,
C100558,cambio_titular,call_center,,,,solucionado,2026-05-22 16:25:00,2026-05-25 09:45:00,22,5,
TC102647,soporte_remoto,whatsapp,internet,LENTITUD E INTERMITENCIA,,solucionado,2026-05-22 16:45:00,2026-05-25 12:00:00,28,0,
TCF102648,soporte_remoto,call_center,internet,LENTITUD E INTERMITENCIA,,solucionado,2026-05-22 17:05:00,2026-05-29 16:55:00,10,0,
SG102649,soporte_remoto,call_center,internet,LENTITUD E INTERMITENCIA,,solucionado,2026-05-22 17:05:00,2026-05-22 17:05:00,3,2,
TC100557,sin_internet,call_center,internet,,FALLA DE FIBRA,solucionado,2026-05-22 17:10:00,2026-05-25 08:25:00,0,0,
TC100799,soporte_remoto,whatsapp,internet,LENTITUD E INTERMITENCIA,,cerrado_sin_contacto,2026-05-22 17:40:00,2026-05-22 17:40:00,4,0,
C102650,soporte_remoto,caja,internet,PROBLEMAS CON TEST DE VELOCIDAD,,solucionado,2026-05-22 18:25:00,2026-05-23 11:00:00,20,4,
TC102651,soporte_remoto,call_center,internet,PROBLEMAS CON TEST DE VELOCIDAD,,solucionado,2026-05-22 19:05:00,2026-05-25 17:05:00,21,0,
C102652,soporte_remoto,call_center,internet,FALLAS CON LA TV,,solucionado,2026-05-23 08:50:00,2026-05-25 09:30:00,19,1,
TC102653,soporte_remoto,caja,internet,LENTITUD E INTERMITENCIA,,solucionado,2026-05-24 09:35:00,2026-05-25 10:40:00,19,2,
DQ102654,soporte_remoto,call_center,internet,LENTITUD E INTERMITENCIA,,solucionado,2026-05-24 14:15:00,2026-05-25 10:50:00,19,2,
DQ102655,soporte_remoto,call_center,internet,LENTITUD E INTERMITENCIA,,seguimiento,2026-05-24 14:55:00,,19,2,1
C100558,sin_internet,call_center,internet,,,solucionado,2026-05-25 08:10:00,2026-05-25 09:00:00,8,0,
C102656,soporte_remoto,whatsapp,tv,CANALES LLUVIOSOS/PIXELADOS,,solucionado,2026-05-25 08:20:00,2026-05-25 10:05:00,8,1,
C100559,sin_internet,whatsapp,internet,,,cerrado_sin_contacto,2026-05-25 08:55:00,2026-05-25 09:00:00,15,0,
CH100553,soporte_remoto,whatsapp,internet,LENTITUD E INTERMITENCIA,,solucionado,2026-05-25 08:55:00,2026-05-25 10:40:00,2,1,
C102657,soporte_remoto,whatsapp,internet,LENTITUD E INTERMITENCIA,,solucionado,2026-05-25 09:00:00,2026-05-25 11:30:00,17,1,
SG102666,soporte_remoto,call_center,internet,LENTITUD E INTERMITENCIA,,cerrado_sin_contacto,2026-05-25 09:00:00,2026-05-26 12:40:00,3,2,
C102527,soporte_remoto,call_center,internet,LENTITUD E INTERMITENCIA,,solucionado,2026-05-25 09:20:00,2026-05-25 11:50:00,17,1,
SG103811,cambio_plan,call_center,,,,solucionado,2026-05-25 09:25:00,2026-05-28 18:00:00,3,3,
C100560,sin_internet,call_center,internet,,WIFI DESACTIVADO,solucionado,2026-05-25 09:55:00,2026-05-25 17:35:00,15,0,
TC102658,soporte_remoto,whatsapp,internet,LENTITUD E INTERMITENCIA,,cerrado_sin_contacto,2026-05-25 10:00:00,2026-05-26 17:10:00,28,0,
SR102017,soporte_remoto,call_center,internet,LENTITUD E INTERMITENCIA,,solucionado,2026-05-25 10:10:00,2026-05-25 11:50:00,14,1,
C100561,sin_internet,whatsapp,internet,,,cerrado_sin_contacto,2026-05-25 10:15:00,2026-05-25 10:15:00,15,0,
C103812,cambio_plan,call_center,,,,solucionado,2026-05-25 10:30:00,2026-05-30 15:40:00,13,3,
CH102659,soporte_remoto,call_center,internet,LENTITUD E INTERMITENCIA,,solucionado,2026-05-25 11:20:00,2026-05-25 11:50:00,2,2,
TC100145,soporte_remoto,call_center,internet_tv,LENTITUD E INTERMITENCIA,,solucionado,2026-05-25 11:25:00,2026-05-26 10:55:00,0,0,
SG102660,soporte_remoto,call_center,internet_tv,LENTITUD E INTERMITENCIA,,cerrado_sin_contacto,2026-05-25 11:30:00,2026-05-25 11:55:00,3,2,
SG102663,soporte_remoto,caja,internet_tv,LENTITUD E INTERMITENCIA,,solucionado,2026-05-25 11:30:00,2026-05-25 13:15:00,3,2,
TC100909,soporte_remoto,caja,internet_tv,LENTITUD E INTERMITENCIA,,solucionado,2026-05-25 11:40:00,2026-05-26 09:40:00,28,0,
TC104078,cambio_titular,whatsapp,,,,solucionado,2026-05-25 11:45:00,2026-05-27 14:50:00,7,5,
TCF102661,soporte_remoto,call_center,internet_tv,LENTITUD E INTERMITENCIA,,solucionado,2026-05-25 11:50:00,2026-05-25 11:50:00,11,2,
DQ102662,soporte_remoto,call_center,internet,LENTITUD E INTERMITENCIA,,solucionado,2026-05-25 12:00:00,2026-05-25 13:10:00,4,2,
DQ100562,sin_internet,call_center,internet,,,solucionado,2026-05-25 12:10:00,2026-05-25 17:50:00,12,0,
DQ102664,soporte_remoto,call_center,internet,LENTITUD E INTERMITENCIA,,solucionado,2026-05-25 13:00:00,2026-05-25 16:35:00,12,2,
DQ102670,soporte_remoto,whatsapp,internet,LENTITUD E INTERMITENCIA,,solucionado,2026-05-25 14:20:00,2026-05-26 10:10:00,12,2,
VG102665,soporte_remoto,caja,internet,LENTITUD E INTERMITENCIA,,solucionado,2026-05-25 14:40:00,2026-05-26 11:55:00,6,0,
TCF103813,cambio_plan,call_center,,,,solucionado,2026-05-25 14:55:00,2026-05-30 15:45:00,10,3,
TCF102667,soporte_remoto,whatsapp,tv,SIN SEÑAL DE TV,,solucionado,2026-05-25 15:25:00,2026-06-01 10:20:00,0,0,
C102669,soporte_remoto,whatsapp,internet,LENTITUD E INTERMITENCIA,,solucionado,2026-05-25 15:25:00,2026-05-26 12:25:00,8,1,
DQ102664,cambio_plan,caja,,,,solucionado,2026-05-25 15:30:00,2026-05-30 16:20:00,12,3,
SR100563,sin_internet,caja,internet,,ERROR DNS,solucionado,2026-05-25 15:40:00,2026-05-26 10:10:00,1,0,
SR102668,soporte_remoto,whatsapp,internet,LENTITUD E INTERMITENCIA,,cancelado,2026-05-25 15:45:00,2026-05-26 10:50:00,14,1,
TC103814,cambio_plan,call_center,,,,solucionado,2026-05-25 16:05:00,2026-05-30 16:25:00,10,3,
VG102671,soporte_remoto,call_center,internet_tv,LENTITUD E INTERMITENCIA,,solucionado,2026-05-25 16:45:00,2026-05-27 16:45:00,6,0,
VG100273,cambio_plan,call_center,,,,solucionado,2026-05-25 16:45:00,2026-05-30 16:40:00,6,3,
C102672,soporte_remoto,call_center,tv,FALLAS CON LA TV,,cerrado_sin_contacto,2026-05-25 16:50:00,2026-05-26 15:15:00,13,1,
VG102673,soporte_remoto,call_center,internet_tv,LENTITUD E INTERMITENCIA,,solucionado,2026-05-25 17:05:00,2026-05-28 08:40:00,6,0,
TC104079,cambio_titular,call_center,,,,solucionado,2026-05-25 17:35:00,2026-05-27 15:00:00,18,5,
DQ102674,soporte_remoto,call_center,tv,FALLAS CON LA TV,,cerrado_sin_contacto,2026-05-25 18:20:00,2026-05-26 13:35:00,25,2,
CH102675,soporte_remoto,call_center,internet,LENTITUD E INTERMITENCIA,,cerrado_sin_contacto,2026-05-26 08:30:00,2026-05-26 15:25:00,2,1,
TC102676,soporte_remoto,call_center,internet,LENTITUD E INTERMITENCIA,,solucionado,2026-05-26 08:30:00,2026-05-28 09:40:00,18,0,
VG100234,sin_internet,whatsapp,internet,,WIFI DESACTIVADO,solucionado,2026-05-26 08:40:00,2026-05-26 10:35:00,6,0,
VG102677,soporte_remoto,call_center,internet,LENTITUD E INTERMITENCIA,,solucionado,2026-05-26 08:40:00,2026-05-28 09:45:00,6,0,
DQ100964,soporte_remoto,whatsapp,internet,LENTITUD E INTERMITENCIA,,solucionado,2026-05-26 08:55:00,2026-05-26 13:00:00,4,2,
VG102678,soporte_remoto,call_center,internet_tv,LENTITUD E INTERMITENCIA,,solucionado,2026-05-26 08:55:00,2026-05-28 10:10:00,6,0,
CH102679,soporte_remoto,whatsapp,internet,LENTITUD E INTERMITENCIA,,solucionado,2026-05-26 09:00:00,2026-05-26 12:00:00,2,1,
DQ102347,soporte_remoto,call_center,internet,LENTITUD E INTERMITENCIA,,cerrado_sin_contacto,2026-05-26 09:00:00,2026-05-27 09:00:00,4,2,
SR103815,cambio_plan,call_center,,,,solucionado,2026-05-26 09:30:00,2026-05-28 18:00:00,1,3,
C104080,cambio_titular,whatsapp,,,,solucionado,2026-05-26 09:50:00,2026-05-27 16:30:00,8,5,
DQ102680,soporte_remoto,call_center,internet,LENTITUD E INTERMITENCIA,,cerrado_sin_contacto,2026-05-26 10:30:00,2026-05-27 16:30:00,4,2,
C102052,soporte_remoto,whatsapp,internet_tv,LENTITUD E INTERMITENCIA,,solucionado,2026-05-26 10:45:00,2026-05-27 09:30:00,17,1,
TCF104081,cambio_titular,whatsapp,,,,solucionado,2026-05-26 10:50:00,2026-05-27 15:50:00,10,5,
DQ102681,soporte_remoto,whatsapp,internet,LENTITUD E INTERMITENCIA,,solucionado,2026-05-26 10:55:00,2026-05-29 16:35:00,17,2,
C102682,soporte_remoto,caja,internet_tv,LENTITUD E INTERMITENCIA,,cerrado_sin_contacto,2026-05-26 11:05:00,2026-05-27 15:50:00,8,1,
SR102683,soporte_remoto,caja,internet,LENTITUD E INTERMITENCIA,,solucionado,2026-05-26 11:15:00,2026-05-27 10:50:00,14,1,
SG102684,soporte_remoto,call_center,internet,LENTITUD E INTERMITENCIA,,solucionado,2026-05-26 11:15:00,2026-05-28 11:20:00,3,2,
SR102685,soporte_remoto,call_center,internet,LENTITUD E INTERMITENCIA,,solucionado,2026-05-26 11:15:00,2026-05-27 13:00:00,1,1,
CH101440,soporte_remoto,call_center,internet,LENTITUD E INTERMITENCIA,,solucionado,2026-05-26 11:25:00,2026-05-27 15:15:00,2,1,
TC102686,soporte_remoto,call_center,tv,PROGRAMACIÓN DE TV,,solucionado,2026-05-26 11:25:00,2026-05-28 10:55:00,7,0,
SR104083,cambio_titular,call_center,,,,solucionado,2026-05-26 11:30:00,2026-05-27 16:40:00,1,5,
C100564,sin_internet,whatsapp,internet,,BLOQUEO DE EQUIPO,solucionado,2026-05-26 11:55:00,2026-05-27 15:30:00,15,0,
SG101413,soporte_remoto,call_center,internet,LENTITUD E INTERMITENCIA,,solucionado,2026-05-26 11:55:00,2026-05-28 11:25:00,3,2,
DQ102687,soporte_remoto,call_center,internet,LENTITUD E INTERMITENCIA,,solucionado,2026-05-26 12:00:00,2026-05-27 17:10:00,4,2,
SG103816,cambio_plan,whatsapp,,,,solucionado,2026-05-26 12:15:00,2026-06-01 12:00:00,3,3,
DQ101496,soporte_remoto,call_center,internet,LENTITUD E INTERMITENCIA,,solucionado,2026-05-26 12:35:00,2026-05-27 17:30:00,4,2,
TC102688,soporte_remoto,call_center,internet,PROBLEMAS CON TEST DE VELOCIDAD,,solucionado,2026-05-26 13:00:00,2026-05-28 11:55:00,19,2,
VG102689,soporte_remoto,whatsapp,internet,LENTITUD E INTERMITENCIA,,solucionado,2026-05-26 13:10:00,2026-05-28 12:30:00,17,2,
SG103817,cambio_plan,whatsapp,,,,solucionado,2026-05-26 13:10:00,2026-05-29 10:25:00,9,3,
C103818,cambio_plan,call_center,,,,solucionado,2026-05-26 13:10:00,2026-06-01 12:05:00,8,3,
SG103817,cambio_titular,call_center,,,,solucionado,2026-05-26 13:10:00,2026-05-28 17:50:00,9,5,
SR103819,cambio_plan,call_center,,,,solucionado,2026-05-26 13:45:00,2026-06-01 12:10:00,1,3,
TCF102690,soporte_remoto,call_center,internet_tv,LENTITUD E INTERMITENCIA,,solucionado,2026-05-26 13:55:00,2026-05-28 16:05:00,10,2,
TC102691,soporte_remoto,caja,tv,LENTITUD E INTERMITENCIA,,solucionado,2026-05-26 14:00:00,2026-05-28 11:05:00,28,2,
TC102692,soporte_remoto,caja,internet,LENTITUD E INTERMITENCIA,,solucionado,2026-05-26 14:10:00,2026-05-28 10:35:00,7,0,
CH103820,cambio_plan,whatsapp,,,,solucionado,2026-05-26 14:20:00,2026-06-01 12:15:00,16,3,
SR100501,soporte_remoto,whatsapp,tv,CANALES LLUVIOSOS/PIXELADOS,,cerrado_sin_contacto,2026-05-26 14:30:00,2026-05-27 15:05:00,1,1,
DQ102694,soporte_remoto,whatsapp,internet,LENTITUD E INTERMITENCIA,,solucionado,2026-05-26 14:45:00,2026-05-27 16:55:00,4,2,
DQ100924,soporte_remoto,call_center,internet_tv,FALLAS CON LA TV,,solucionado,2026-05-26 14:55:00,2026-05-29 17:55:00,10,2,
SR102695,soporte_remoto,whatsapp,tv,CANALES INTERMITENTES,,solucionado,2026-05-26 15:05:00,2026-05-27 15:30:00,1,1,
SG102696,soporte_remoto,call_center,internet,LENTITUD E INTERMITENCIA,,solucionado,2026-05-26 15:15:00,2026-05-28 17:00:00,3,2,
C102697,soporte_remoto,call_center,internet,LENTITUD E INTERMITENCIA,,solucionado,2026-05-26 15:25:00,2026-05-27 16:15:00,13,1,
C102698,soporte_remoto,caja,internet_tv,LENTITUD E INTERMITENCIA,,cancelado,2026-05-26 15:30:00,2026-05-28 08:35:00,8,1,
DQ100950,cambio_plan,call_center,,,,solucionado,2026-05-26 15:55:00,2026-06-01 12:20:00,4,3,
DQ104082,cambio_titular,whatsapp,,,,solucionado,2026-05-26 16:15:00,2026-05-27 14:25:00,4,5,
TC102699,soporte_remoto,call_center,internet,LENTITUD E INTERMITENCIA,,solucionado,2026-05-26 16:20:00,2026-05-28 10:40:00,18,0,
SR102039,soporte_remoto,whatsapp,internet,LENTITUD E INTERMITENCIA,,solucionado,2026-05-26 16:40:00,2026-05-28 16:25:00,1,1,
TC102700,soporte_remoto,whatsapp,tv,PROGRAMACIÓN DE TV,,solucionado,2026-05-26 16:55:00,2026-05-28 11:30:00,7,0,
C103497,cambio_plan,caja,,,,solucionado,2026-05-26 17:25:00,2026-06-01 12:30:00,16,3,
SG103821,cambio_plan,call_center,,,,solucionado,2026-05-26 17:40:00,2026-06-01 12:30:00,3,3,
C101858,cambio_plan,whatsapp,,,,solucionado,2026-05-26 17:40:00,2026-06-01 12:35:00,13,3,
DQ102701,soporte_remoto,whatsapp,internet_tv,LENTITUD E INTERMITENCIA,,solucionado,2026-05-27 08:20:00,2026-06-01 09:00:00,4,2,
VG102702,soporte_remoto,call_center,tv,PROGRAMACIÓN DE TV,,solucionado,2026-05-27 08:30:00,2026-05-28 11:45:00,17,0,
TC101358,soporte_remoto,whatsapp,internet_tv,LENTITUD E INTERMITENCIA,,solucionado,2026-05-27 08:40:00,2026-05-27 09:05:00,11,2,
SR100565,sin_internet,whatsapp,internet,,BLOQUEO DE EQUIPO,solucionado,2026-05-27 08:55:00,2026-05-27 15:40:00,14,0,
VG102722,soporte_remoto,whatsapp,internet,LENTITUD E INTERMITENCIA,,solucionado,2026-05-27 09:00:00,2026-05-28 17:35:00,6,2,
TC102703,soporte_remoto,call_center,internet,LENTITUD E INTERMITENCIA,,solucionado,2026-05-27 09:10:00,2026-05-27 09:15:00,11,2,
TC102723,soporte_remoto,caja,internet,LENTITUD E INTERMITENCIA,,cerrado_sin_contacto,2026-05-27 09:30:00,2026-05-27 09:30:00,28,1,
DQ102704,soporte_remoto,call_center,tv,SIN SEÑAL DE TV,,solucionado,2026-05-27 09:45:00,2026-06-01 09:20:00,19,2,
TC101022,soporte_remoto,caja,internet_tv,LENTITUD E INTERMITENCIA,,solucionado,2026-05-27 09:50:00,2026-05-28 12:10:00,7,0,
SR100566,sin_internet,caja,internet,,BLOQUEO DE EQUIPO,solucionado,2026-05-27 10:15:00,2026-05-27 16:05:00,1,0,
C102705,soporte_remoto,call_center,internet,LENTITUD E INTERMITENCIA,,solucionado,2026-05-27 10:20:00,2026-05-28 09:50:00,13,1,
C100567,sin_internet,call_center,internet,,,solucionado,2026-05-27 10:50:00,2026-05-27 16:15:00,15,0,
TC102706,soporte_remoto,whatsapp,internet,LENTITUD E INTERMITENCIA,,solucionado,2026-05-27 10:50:00,2026-05-28 10:05:00,19,1,
SR102707,soporte_remoto,call_center,tv,PROGRAMACIÓN DE TV,,solucionado,2026-05-27 10:50:00,2026-05-28 16:35:00,17,1,
TCF102708,soporte_remoto,call_center,tv,FALLAS CON LA TV,,solucionado,2026-05-27 10:50:00,2026-05-28 12:35:00,10,0,
DQ102709,soporte_remoto,call_center,tv,FALLAS CON LA TV,,solucionado,2026-05-27 11:10:00,2026-06-01 09:35:00,25,2,
SR102710,soporte_remoto,whatsapp,internet,LENTITUD E INTERMITENCIA,,solucionado,2026-05-27 11:15:00,2026-05-28 16:50:00,14,1,
TC102711,soporte_remoto,call_center,internet,LENTITUD E INTERMITENCIA,,solucionado,2026-05-27 13:55:00,2026-05-28 10:20:00,17,1,
VG102712,soporte_remoto,whatsapp,tv,SIN SEÑAL DE TV,,solucionado,2026-05-27 13:55:00,2026-05-28 12:55:00,6,0,
SG103822,cambio_plan,whatsapp,,,,solucionado,2026-05-27 13:55:00,2026-06-01 12:40:00,27,3,
SR102713,soporte_remoto,call_center,tv,PROGRAMACIÓN DE TV,,solucionado,2026-05-27 14:00:00,2026-05-28 17:00:00,16,1,
TC100812,soporte_remoto,whatsapp,internet_tv,LENTITUD E INTERMITENCIA,,solucionado,2026-05-27 14:05:00,2026-05-28 10:35:00,28,1,
TC102714,soporte_remoto,whatsapp,internet_tv,LENTITUD E INTERMITENCIA,,cerrado_sin_contacto,2026-05-27 15:10:00,2026-05-28 10:45:00,0,1,
CH100721,soporte_remoto,whatsapp,internet,LENTITUD E INTERMITENCIA,,solucionado,2026-05-27 15:10:00,2026-05-28 17:05:00,2,1,
SR102716,soporte_remoto,whatsapp,internet,LENTITUD E INTERMITENCIA,,cerrado_sin_contacto,2026-05-27 16:05:00,2026-05-28 17:40:00,1,1,
C102717,soporte_remoto,call_center,internet_tv,LENTITUD E INTERMITENCIA,,solucionado,2026-05-27 16:15:00,2026-05-28 17:10:00,11,2,
C102718,soporte_remoto,call_center,internet,LENTITUD E INTERMITENCIA,,solucionado,2026-05-27 16:45:00,2026-05-27 16:45:00,13,1,
TC102715,soporte_remoto,call_center,internet_tv,LENTITUD E INTERMITENCIA,,solucionado,2026-05-27 17:00:00,2026-05-27 17:00:00,11,2,
SR102719,soporte_remoto,whatsapp,internet,LENTITUD E INTERMITENCIA,,cerrado_sin_contacto,2026-05-27 17:10:00,2026-05-28 17:50:00,14,1,
SG102720,soporte_remoto,call_center,internet,LENTITUD E INTERMITENCIA,,solucionado,2026-05-27 17:10:00,2026-05-28 17:20:00,3,2,
DQ102245,soporte_remoto,call_center,internet,LENTITUD E INTERMITENCIA,,solucionado,2026-05-27 17:25:00,2026-06-01 09:45:00,12,2,
DQ104084,cambio_titular,whatsapp,,,,solucionado,2026-05-27 18:00:00,2026-05-28 17:55:00,12,5,
DQ102721,soporte_remoto,call_center,internet,LENTITUD E INTERMITENCIA,,solucionado,2026-05-27 18:05:00,2026-06-01 11:00:00,4,2,
C100568,sin_internet,call_center,internet,,BLOQUEO DE EQUIPO,solucionado,2026-05-28 09:30:00,2026-05-28 09:30:00,13,0,
C102726,soporte_remoto,caja,internet,LENTITUD E INTERMITENCIA,,solucionado,2026-05-28 09:30:00,2026-05-28 12:30:00,17,1,
DQ104087,cambio_titular,whatsapp,,,,solucionado,2026-05-28 09:30:00,2026-06-01 09:35:00,12,5,
C102724,soporte_remoto,caja,internet,LENTITUD E INTERMITENCIA,,solucionado,2026-05-28 09:40:00,2026-05-28 12:05:00,13,1,
C102725,soporte_remoto,call_center,internet,PROBLEMAS CON TEST DE VELOCIDAD,,cerrado_sin_contacto,2026-05-28 09:40:00,2026-05-28 12:15:00,13,1,
C103823,cambio_plan,call_center,,,,solucionado,2026-05-28 09:50:00,2026-06-03 12:30:00,8,3,
C103823,cambio_titular,call_center,,,,solucionado,2026-05-28 09:50:00,2026-05-29 11:25:00,8,5,
TC102733,soporte_remoto,whatsapp,internet,LENTITUD E INTERMITENCIA,,solucionado,2026-05-28 10:00:00,2026-05-29 09:35:00,7,0,
TC103827,cambio_plan,whatsapp,,,,solucionado,2026-05-28 10:00:00,2026-06-01 13:15:00,0,3,
SG102727,soporte_remoto,call_center,internet,LENTITUD E INTERMITENCIA,,solucionado,2026-05-28 10:15:00,2026-05-28 16:00:00,3,2,
SR100563,cambio_plan,call_center,,,,solucionado,2026-05-28 10:25:00,2026-06-01 12:50:00,1,3,
TC102493,soporte_remoto,call_center,tv,CANALES LLUVIOSOS/PIXELADOS,,solucionado,2026-05-28 10:35:00,2026-05-29 08:40:00,0,0,
CH104085,cambio_titular,caja,,,,solucionado,2026-05-28 10:40:00,2026-05-29 11:40:00,2,5,
TCF103098,cambio_plan,call_center,,,,solucionado,2026-05-28 10:45:00,2026-06-02 10:05:00,10,3,
DQ104086,cambio_titular,call_center,,,,solucionado,2026-05-28 11:00:00,2026-05-29 11:00:00,12,5,
SG102728,soporte_remoto,call_center,internet,LENTITUD E INTERMITENCIA,,solucionado,2026-05-28 11:50:00,2026-05-28 11:50:00,3,2,
SG103824,cambio_plan,call_center,,,,solucionado,2026-05-28 12:25:00,2026-06-03 12:30:00,3,3,
SG103824,cambio_titular,whatsapp,,,,solucionado,2026-05-28 12:25:00,2026-06-01 11:35:00,3,5,
TC102729,soporte_remoto,whatsapp,tv,SIN SEÑAL DE TV,,solucionado,2026-05-28 12:30:00,2026-05-28 12:30:00,11,2,
DQ100569,sin_internet,call_center,internet,,,cerrado_sin_contacto,2026-05-28 13:05:00,2026-05-28 15:50:00,5,0,
CH102730,soporte_remoto,call_center,internet_tv,LENTITUD E INTERMITENCIA,,solucionado,2026-05-28 13:20:00,2026-06-01 11:45:00,2,2,
CH100900,soporte_remoto,whatsapp,tv,PROGRAMACIÓN DE TV,,cerrado_sin_contacto,2026-05-28 13:40:00,2026-05-29 09:00:00,2,0,
C100016,sin_internet,call_center,internet,,VLAN DUPLICADA,solucionado,2026-05-28 14:00:00,2026-05-28 15:55:00,13,0,
C100570,sin_internet,call_center,internet,,VLAN DUPLICADA,solucionado,2026-05-28 14:20:00,2026-05-28 16:05:00,13,0,
TC102731,soporte_remoto,call_center,internet_tv,LENTITUD E INTERMITENCIA,,solucionado,2026-05-28 14:45:00,2026-05-29 09:10:00,7,0,
C100571,sin_internet,whatsapp,internet,,VLAN DUPLICADA,solucionado,2026-05-28 14:50:00,2026-05-28 16:10:00,8,0,
SG102732,soporte_remoto,call_center,internet,LENTITUD E INTERMITENCIA,,solucionado,2026-05-28 14:50:00,2026-06-01 12:05:00,3,2,
C100572,sin_internet,call_center,internet,,VLAN DUPLICADA,solucionado,2026-05-28 15:00:00,2026-05-28 16:30:00,15,0,
TCF100573,sin_internet,call_center,internet,,EQUIPO NO ENGANCHA,solucionado,2026-05-28 15:00:00,2026-05-28 16:40:00,10,0,
CH101030,soporte_remoto,call_center,internet,LENTITUD E INTERMITENCIA,,solucionado,2026-05-28 15:00:00,2026-05-29 09:55:00,2,0,
TCF103825,cambio_plan,whatsapp,,,,solucionado,2026-05-28 15:00:00,2026-06-01 12:55:00,10,3,
SR104088,cambio_titular,call_center,,,,solucionado,2026-05-28 15:45:00,2026-06-01 09:55:00,14,5,
DQ102734,soporte_remoto,whatsapp,tv,CANALES FALTANTES,,cerrado_sin_contacto,2026-05-28 15:50:00,2026-06-01 12:00:00,4,2,
CH100574,sin_internet,call_center,internet,,,cerrado_sin_contacto,2026-05-28 15:55:00,2026-05-28 17:05:00,2,0,
DQ102735,soporte_remoto,caja,internet_tv,LENTITUD E INTERMITENCIA,,solucionado,2026-05-28 16:05:00,2026-05-28 16:05:00,4,2,
TC102736,soporte_remoto,call_center,internet,LENTITUD E INTERMITENCIA,,solucionado,2026-05-28 16:10:00,2026-05-29 10:05:00,33,0,
C102737,soporte_remoto,call_center,internet,LENTITUD E INTERMITENCIA,,solucionado,2026-05-28 16:20:00,2026-05-29 16:25:00,8,1,
C100575,sin_internet,call_center,internet,,WIFI DESACTIVADO,solucionado,2026-05-28 16:30:00,2026-05-28 17:15:00,13,0,
CH102738,soporte_remoto,call_center,internet_tv,LENTITUD E INTERMITENCIA,,cerrado_sin_contacto,2026-05-28 16:45:00,2026-05-29 16:40:00,2,1,
TC100576,sin_internet,whatsapp,internet,,ERROR DNS,solucionado,2026-05-28 17:00:00,2026-05-28 17:25:00,18,0,
TC102739,soporte_remoto,call_center,internet_tv,LENTITUD E INTERMITENCIA,,solucionado,2026-05-28 17:00:00,2026-05-29 10:45:00,0,0,
TC102740,soporte_remoto,call_center,internet,LENTITUD E INTERMITENCIA,,cerrado_sin_contacto,2026-05-28 17:05:00,2026-05-29 11:45:00,0,0,
TC102741,soporte_remoto,whatsapp,internet_tv,LENTITUD E INTERMITENCIA,,solucionado,2026-05-28 17:05:00,2026-05-29 12:00:00,7,0,
DQ100577,sin_internet,whatsapp,internet,,WIFI RESETEADO,solucionado,2026-05-28 17:10:00,2026-05-28 17:50:00,10,0,
DQ102742,soporte_remoto,whatsapp,internet,LENTITUD E INTERMITENCIA,,seguimiento,2026-05-28 17:30:00,,12,2,1
TC102744,soporte_remoto,whatsapp,tv,PROGRAMACIÓN DE TV,,solucionado,2026-05-28 18:00:00,2026-05-29 12:15:00,18,0,
DQ103826,cambio_plan,caja,,,,solucionado,2026-05-28 18:25:00,2026-06-01 13:00:00,12,3,
SG102743,soporte_remoto,call_center,internet,LENTITUD E INTERMITENCIA,,solucionado,2026-05-28 18:40:00,2026-05-28 18:40:00,3,2,
C103829,cambio_plan,call_center,,,,solucionado,2026-05-29 07:15:00,2026-06-02 11:10:00,8,3,
C100578,sin_internet,call_center,internet,,VLAN DUPLICADA,solucionado,2026-05-29 08:30:00,2026-05-29 15:15:00,5,0,
TCF100579,sin_internet,call_center,internet,,VLAN DUPLICADA,solucionado,2026-05-29 08:45:00,2026-05-29 15:20:00,10,0,
C102745,soporte_remoto,call_center,internet_tv,LENTITUD E INTERMITENCIA,,cerrado_sin_contacto,2026-05-29 08:45:00,2026-05-29 17:00:00,13,1,
SG102746,soporte_remoto,call_center,internet,LENTITUD E INTERMITENCIA,,solucionado,2026-05-29 08:45:00,2026-05-29 08:45:00,3,2,
SG102747,soporte_remoto,whatsapp,internet,LENTITUD E INTERMITENCIA,,cerrado_sin_contacto,2026-05-29 08:50:00,2026-06-01 13:10:00,3,2,
TC102748,soporte_remoto,caja,internet_tv,LENTITUD E INTERMITENCIA,,solucionado,2026-05-29 09:00:00,2026-05-29 12:25:00,18,0,
TC102751,soporte_remoto,caja,internet_tv,LENTITUD E INTERMITENCIA,,solucionado,2026-05-29 09:00:00,2026-06-01 16:30:00,11,2,
TC100296,sin_internet,call_center,internet,,,cerrado_sin_contacto,2026-05-29 09:25:00,2026-05-29 15:40:00,0,0,
SR100580,sin_internet,call_center,internet,,VLAN DUPLICADA,solucionado,2026-05-29 09:35:00,2026-05-29 15:50:00,14,0,
DQ102749,soporte_remoto,call_center,internet,LENTITUD E INTERMITENCIA,,solucionado,2026-05-29 09:35:00,2026-06-01 13:15:00,7,2,
C100581,sin_internet,call_center,internet,,WIFI DESACTIVADO,solucionado,2026-05-29 09:40:00,2026-05-29 16:00:00,15,0,
DQ101150,soporte_remoto,whatsapp,tv,CANALES FALTANTES,,cerrado_sin_contacto,2026-05-29 09:40:00,2026-06-01 13:15:00,4,2,
DQ102750,soporte_remoto,whatsapp,internet,LENTITUD E INTERMITENCIA,,solucionado,2026-05-29 09:50:00,2026-06-01 13:25:00,11,2,
C102752,soporte_remoto,whatsapp,internet,LENTITUD E INTERMITENCIA,,cerrado_sin_contacto,2026-05-29 10:00:00,2026-05-29 17:30:00,8,1,
DQ102753,soporte_remoto,caja,internet,ERROR EN INGRESO A PÁGINAS,,solucionado,2026-05-29 10:00:00,2026-05-29 10:00:00,11,2,
DQ102754,soporte_remoto,call_center,internet,LENTITUD E INTERMITENCIA,,solucionado,2026-05-29 10:05:00,2026-05-29 10:05:00,11,2,
VG102498,soporte_remoto,call_center,internet,LENTITUD E INTERMITENCIA,,solucionado,2026-05-29 10:05:00,2026-05-29 12:40:00,6,0,
SG102755,soporte_remoto,whatsapp,internet,LENTITUD E INTERMITENCIA,,solucionado,2026-05-29 10:15:00,2026-06-01 16:40:00,9,2,
DQ102756,soporte_remoto,call_center,internet,LENTITUD E INTERMITENCIA,,solucionado,2026-05-29 10:20:00,2026-05-29 10:20:00,11,2,
C100570,soporte_remoto,whatsapp,internet,PROBLEMAS CON CÁMARAS/DVR,,solucionado,2026-05-29 10:25:00,2026-05-29 17:45:00,5,1,
C102757,soporte_remoto,whatsapp,tv,CANALES FALTANTES,,solucionado,2026-05-29 10:25:00,2026-05-29 10:30:00,11,2,
C102758,soporte_remoto,caja,tv,PROGRAMACIÓN DE TV,,solucionado,2026-05-29 10:30:00,2026-05-29 15:45:00,17,1,
CH102759,soporte_remoto,call_center,internet,LENTITUD E INTERMITENCIA,,solucionado,2026-05-29 10:35:00,2026-06-01 10:20:00,2,1,
TC102760,soporte_remoto,call_center,internet,LENTITUD E INTERMITENCIA,,solucionado,2026-05-29 10:35:00,2026-05-29 10:40:00,11,2,
TCF104089,cambio_titular,call_center,,,,solucionado,2026-05-29 10:45:00,2026-06-01 09:40:00,10,5,
SG102761,soporte_remoto,call_center,internet,ERROR EN INGRESO A PÁGINAS,,solucionado,2026-05-29 10:50:00,2026-05-29 11:50:00,9,2,
C101668,soporte_remoto,caja,internet,ERROR EN INGRESO A PÁGINAS,,solucionado,2026-05-29 10:55:00,2026-06-01 10:25:00,8,1,
SR100582,sin_internet,call_center,internet,,WIFI DESACTIVADO,solucionado,2026-05-29 11:40:00,2026-05-29 16:10:00,14,0,
SR100583,sin_internet,caja,internet,,,cerrado_sin_contacto,2026-05-29 11:55:00,2026-05-29 16:10:00,14,0,
SR100842,soporte_remoto,call_center,internet_tv,LENTITUD E INTERMITENCIA,,solucionado,2026-05-29 11:55:00,2026-05-29 12:05:00,11,2,
DQ102762,soporte_remoto,call_center,internet_tv,LENTITUD E INTERMITENCIA,,solucionado,2026-05-29 12:10:00,2026-05-29 12:20:00,11,2,
DQ102763,soporte_remoto,whatsapp,tv,SIN SEÑAL DE TV,,solucionado,2026-05-29 12:45:00,2026-06-01 16:40:00,25,2,
DQ102764,soporte_remoto,call_center,internet,LENTITUD E INTERMITENCIA,,cerrado_sin_contacto,2026-05-29 12:45:00,2026-06-01 16:55:00,22,2,
DQ102765,soporte_remoto,caja,tv,CANALES INTERMITENTES,,solucionado,2026-05-29 13:00:00,2026-06-01 16:55:00,25,2,
TCF102766,soporte_remoto,whatsapp,tv,CANALES FALTANTES,,cerrado_sin_contacto,2026-05-29 13:00:00,2026-05-29 17:50:00,22,0,
C103828,cambio_plan,whatsapp,,,,solucionado,2026-05-29 14:25:00,2026-06-02 10:05:00,8,3,
DQ102767,soporte_remoto,call_center,internet_tv,LENTITUD E INTERMITENCIA,,solucionado,2026-05-29 14:35:00,2026-06-01 17:00:00,4,2,
C102404,soporte_remoto,call_center,internet,LENTITUD E INTERMITENCIA,,cerrado_sin_contacto,2026-05-29 14:45:00,2026-06-01 10:35:00,5,1,
C101854,soporte_remoto,whatsapp,internet,ERROR EN INGRESO A PÁGINAS,,solucionado,2026-05-29 14:55:00,2026-06-01 10:45:00,16,1,
TC102277,soporte_remoto,whatsapp,internet,LENTITUD E INTERMITENCIA,,solucionado,2026-05-29 14:55:00,2026-06-01 15:10:00,18,0,
DQ102768,soporte_remoto,caja,internet,LENTITUD E INTERMITENCIA,,solucionado,2026-05-29 15:05:00,2026-06-02 09:10:00,20,2,
TC102769,soporte_remoto,whatsapp,internet_tv,LENTITUD E INTERMITENCIA,,cerrado_sin_contacto,2026-05-29 15:15:00,2026-06-01 15:15:00,7,0,
TC102770,soporte_remoto,whatsapp,internet,LENTITUD E INTERMITENCIA,,solucionado,2026-05-29 15:35:00,2026-06-01 16:10:00,28,0,
DQ102771,soporte_remoto,call_center,internet,LENTITUD E INTERMITENCIA,,solucionado,2026-05-29 15:55:00,2026-06-02 09:25:00,4,2,
TC101111,soporte_remoto,call_center,internet,LENTITUD E INTERMITENCIA,,solucionado,2026-05-29 16:00:00,2026-06-01 16:20:00,28,0,
SG102772,soporte_remoto,call_center,internet,LENTITUD E INTERMITENCIA,,solucionado,2026-05-29 16:10:00,2026-06-02 10:00:00,3,2,
DQ102349,soporte_remoto,caja,tv,PROGRAMACIÓN DE TV,,solucionado,2026-05-29 16:10:00,2026-06-02 10:15:00,12,2,
SR102774,soporte_remoto,call_center,tv,CANALES FALTANTES,,solucionado,2026-05-29 16:10:00,2026-06-01 11:10:00,1,1,
C102773,soporte_remoto,call_center,tv,PROGRAMACIÓN DE TV,,solucionado,2026-05-29 16:15:00,2026-06-01 10:55:00,5,1,
TC102775,soporte_remoto,whatsapp,internet_tv,LENTITUD E INTERMITENCIA,,solucionado,2026-05-29 16:15:00,2026-06-01 16:30:00,0,0,
SG102776,soporte_remoto,whatsapp,internet,LENTITUD E INTERMITENCIA,,solucionado,2026-05-29 16:20:00,2026-06-02 10:40:00,3,2,
TC102777,soporte_remoto,whatsapp,internet,LENTITUD E INTERMITENCIA,,solucionado,2026-05-29 16:25:00,2026-06-01 18:00:00,0,0,
TC101855,soporte_remoto,call_center,internet,LENTITUD E INTERMITENCIA,,cerrado_sin_contacto,2026-05-29 16:30:00,2026-06-01 17:45:00,28,0,
DQ102778,soporte_remoto,call_center,internet,LENTITUD E INTERMITENCIA,,solucionado,2026-05-29 16:45:00,2026-06-02 11:05:00,17,2,
TCF102779,soporte_remoto,whatsapp,internet_tv,LENTITUD E INTERMITENCIA,,cerrado_sin_contacto,2026-05-29 16:55:00,2026-06-01 15:50:00,19,0,
CH101088,soporte_remoto,call_center,internet,LENTITUD E INTERMITENCIA,,cancelado,2026-05-29 17:05:00,2026-06-01 11:30:00,2,1,
TC101972,soporte_remoto,whatsapp,internet,LENTITUD E INTERMITENCIA,,solucionado,2026-05-29 17:15:00,2026-06-02 10:55:00,0,0,
TC103830,cambio_plan,call_center,,,,solucionado,2026-05-29 17:15:00,2026-05-29 17:15:00,19,12,
TCF104090,cambio_titular,call_center,,,,solucionado,2026-05-29 17:30:00,2026-06-01 10:15:00,10,5,
TC103831,cambio_plan,call_center,,,,solucionado,2026-05-29 17:45:00,2026-06-02 11:15:00,10,3,
C103832,cambio_plan,whatsapp,,,,solucionado,2026-05-29 18:40:00,2026-06-02 09:15:00,24,13,
VG102781,soporte_remoto,call_center,internet,LENTITUD E INTERMITENCIA,,solucionado,2026-05-30 08:00:00,2026-06-02 11:45:00,27,0,
TC102780,soporte_remoto,call_center,internet,LENTITUD E INTERMITENCIA,,solucionado,2026-05-30 13:35:00,2026-06-02 11:10:00,23,0,
TC101801,soporte_remoto,whatsapp,internet,LENTITUD E INTERMITENCIA,,solucionado,2026-05-30 14:25:00,2026-06-02 11:20:00,16,0,
TC103833,cambio_plan,whatsapp,,,,solucionado,2026-05-30 16:50:00,2026-05-30 16:50:00,25,14,
TC102782,soporte_remoto,call_center,internet,ERROR EN INGRESO A PÁGINAS,,solucionado,2026-05-30 17:15:00,2026-06-02 12:10:00,27,0,
CH100681,soporte_remoto,whatsapp,internet,LENTITUD E INTERMITENCIA,,solucionado,2026-06-01 08:05:00,2026-06-01 12:20:00,2,1,
TCF103834,cambio_plan,whatsapp,,,,solucionado,2026-06-01 08:20:00,2026-06-02 17:05:00,22,3,
DQ102783,soporte_remoto,caja,internet_tv,LENTITUD E INTERMITENCIA,,solucionado,2026-06-01 08:30:00,2026-06-02 11:20:00,12,2,
CH100584,sin_internet,call_center,internet,,BLOQUEO DE EQUIPO,solucionado,2026-06-01 08:35:00,2026-06-01 10:00:00,2,4,
C103835,cambio_plan,call_center,,,,pendiente,2026-06-01 09:00:00,,13,,
C103835,cambio_titular,caja,,,,solucionado,2026-06-01 09:00:00,2026-06-01 10:25:00,13,5,
C103836,cambio_plan,call_center,,,,solucionado,2026-06-01 09:15:00,2026-06-02 17:10:00,13,3,
C100585,sin_internet,caja,internet,,FALLA DE FIBRA,solucionado,2026-06-01 09:25:00,2026-06-01 10:10:00,5,4,
TC100586,sin_internet,whatsapp,internet,,BLOQUEO DE EQUIPO,solucionado,2026-06-01 09:25:00,2026-06-01 10:25:00,22,4,
DQ102784,soporte_remoto,call_center,internet_tv,LENTITUD E INTERMITENCIA,,solucionado,2026-06-01 09:25:00,2026-06-02 11:35:00,0,2,
SR102785,soporte_remoto,whatsapp,tv,CANALES INTERMITENTES,,solucionado,2026-06-01 09:30:00,2026-06-01 15:20:00,1,1,
DQ100128,soporte_remoto,whatsapp,tv,LENTITUD E INTERMITENCIA,,solucionado,2026-06-01 09:30:00,2026-06-02 10:50:00,0,2,
SR102786,soporte_remoto,call_center,internet,LENTITUD E INTERMITENCIA,,solucionado,2026-06-01 09:45:00,2026-06-01 15:35:00,1,1,
TCF102787,soporte_remoto,call_center,internet,LENTITUD E INTERMITENCIA,,cerrado_sin_contacto,2026-06-01 09:45:00,2026-06-02 12:25:00,22,0,
DQ102593,soporte_remoto,whatsapp,internet,LENTITUD E INTERMITENCIA,,solucionado,2026-06-01 10:00:00,2026-06-03 11:00:00,12,2,
CH101582,soporte_remoto,call_center,internet_tv,LENTITUD E INTERMITENCIA,,solucionado,2026-06-01 10:05:00,2026-06-01 15:55:00,2,1,
TCF102788,soporte_remoto,call_center,internet,LENTITUD E INTERMITENCIA,,solucionado,2026-06-01 10:05:00,2026-06-02 12:30:00,22,0,
TC102789,soporte_remoto,caja,internet,LENTITUD E INTERMITENCIA,,solucionado,2026-06-01 10:10:00,2026-06-02 12:55:00,28,0,
SR102790,soporte_remoto,whatsapp,internet,LENTITUD E INTERMITENCIA,,solucionado,2026-06-01 10:10:00,2026-06-01 16:20:00,1,1,
TC100414,soporte_remoto,call_center,internet_tv,LENTITUD E INTERMITENCIA,,solucionado,2026-06-01 10:10:00,2026-06-02 15:45:00,18,0,
TC101804,cambio_plan,call_center,,,,solucionado,2026-06-01 10:10:00,2026-06-02 11:45:00,20,9,
TC102791,soporte_remoto,caja,internet,LENTITUD E INTERMITENCIA,,solucionado,2026-06-01 10:20:00,2026-06-02 16:00:00,28,0,
TC102792,soporte_remoto,call_center,internet,LENTITUD E INTERMITENCIA,,solucionado,2026-06-01 10:30:00,2026-06-02 16:25:00,28,0,
C100587,sin_internet,call_center,internet,,WIFI RESETEADO,solucionado,2026-06-01 10:35:00,2026-06-01 13:00:00,5,4,
C102793,soporte_remoto,whatsapp,tv,SIN SEÑAL DE TV,,solucionado,2026-06-01 10:45:00,2026-06-01 16:30:00,5,1,
C100588,sin_internet,caja,internet,,VLAN DUPLICADA,solucionado,2026-06-01 11:00:00,2026-06-01 13:10:00,13,4,
CH102405,soporte_remoto,call_center,internet_tv,LENTITUD E INTERMITENCIA,,solucionado,2026-06-01 11:15:00,2026-06-01 16:40:00,2,1,
VG102794,soporte_remoto,whatsapp,internet,LENTITUD E INTERMITENCIA,,solucionado,2026-06-01 11:15:00,2026-06-02 17:10:00,6,0,
SR102795,soporte_remoto,whatsapp,internet,LENTITUD E INTERMITENCIA,,solucionado,2026-06-01 11:15:00,2026-06-01 17:00:00,1,1,
DQ102796,soporte_remoto,call_center,internet_tv,LENTITUD E INTERMITENCIA,,solucionado,2026-06-01 11:20:00,2026-06-03 11:15:00,0,2,
VG102797,soporte_remoto,call_center,tv,PROGRAMACIÓN DE TV,,solucionado,2026-06-01 11:20:00,2026-06-02 17:20:00,6,0,
DQ102351,soporte_remoto,whatsapp,internet,LENTITUD E INTERMITENCIA,,solucionado,2026-06-01 11:25:00,2026-06-03 11:40:00,12,2,
SR101987,soporte_remoto,whatsapp,internet,LENTITUD E INTERMITENCIA,,solucionado,2026-06-01 11:30:00,2026-06-02 08:30:00,1,1,
TC100589,sin_internet,whatsapp,internet,,,cerrado_sin_contacto,2026-06-01 12:00:00,2026-06-01 16:00:00,18,4,
TCF100590,sin_internet,call_center,internet,,FALLA MASIVA,solucionado,2026-06-01 12:15:00,2026-06-01 17:50:00,10,4,
DQ102798,soporte_remoto,whatsapp,internet,LENTITUD E INTERMITENCIA,,solucionado,2026-06-01 12:40:00,2026-06-03 12:10:00,12,2,
DQ100401,cambio_plan,caja,,,,solucionado,2026-06-01 12:45:00,2026-06-02 17:10:00,10,3,
SR102399,soporte_remoto,call_center,internet_tv,LENTITUD E INTERMITENCIA,,solucionado,2026-06-01 13:05:00,2026-06-02 09:25:00,14,1,
SR102799,soporte_remoto,whatsapp,internet_tv,LENTITUD E INTERMITENCIA,,solucionado,2026-06-01 13:10:00,2026-06-02 09:35:00,14,1,
SR101951,soporte_remoto,caja,internet_tv,LENTITUD E INTERMITENCIA,,cerrado_sin_contacto,2026-06-01 13:10:00,2026-06-02 09:55:00,14,1,
DQ102800,soporte_remoto,call_center,internet,LENTITUD E INTERMITENCIA,,solucionado,2026-06-01 13:10:00,2026-06-03 10:55:00,0,2,
DQ101968,soporte_remoto,whatsapp,internet_tv,LENTITUD E INTERMITENCIA,,solucionado,2026-06-01 13:10:00,2026-06-03 12:25:00,0,2,
DQ102801,soporte_remoto,whatsapp,internet,LENTITUD E INTERMITENCIA,,solucionado,2026-06-01 13:10:00,2026-06-03 12:30:00,0,2,
SR102802,soporte_remoto,whatsapp,internet_tv,LENTITUD E INTERMITENCIA,,cancelado,2026-06-01 13:25:00,2026-06-02 10:10:00,14,1,
TC102803,soporte_remoto,caja,internet,LENTITUD E INTERMITENCIA,,cerrado_sin_contacto,2026-06-01 13:30:00,2026-06-02 17:30:00,18,0,
TC102804,soporte_remoto,whatsapp,internet_tv,LENTITUD E INTERMITENCIA,,solucionado,2026-06-01 13:30:00,2026-06-02 17:40:00,28,0,
DQ100346,soporte_remoto,call_center,internet_tv,LENTITUD E INTERMITENCIA,,solucionado,2026-06-01 13:40:00,2026-06-03 13:00:00,0,2,
DQ102805,soporte_remoto,caja,internet,LENTITUD E INTERMITENCIA,,solucionado,2026-06-01 13:50:00,2026-06-03 13:20:00,0,2,1
TC102806,soporte_remoto,call_center,tv,SIN SEÑAL DE TV,,solucionado,2026-06-01 13:50:00,2026-06-03 08:35:00,22,0,
DQ101146,cambio_plan,call_center,,,,solucionado,2026-06-01 14:05:00,2026-06-02 17:15:00,0,3,
C102527,soporte_remoto,call_center,internet,LENTITUD E INTERMITENCIA,,solucionado,2026-06-01 14:20:00,2026-06-02 10:30:00,13,1,
SR102807,soporte_remoto,caja,internet,LENTITUD E INTERMITENCIA,,cerrado_sin_contacto,2026-06-01 14:20:00,2026-06-02 10:50:00,1,1,
SG102808,soporte_remoto,whatsapp,internet,LENTITUD E INTERMITENCIA,,solucionado,2026-06-01 14:25:00,2026-06-04 11:10:00,3,2,
TC100591,sin_internet,whatsapp,internet,,,solucionado,2026-06-01 14:35:00,2026-06-01 17:50:00,30,4,
C100592,sin_internet,whatsapp,internet,,VLAN DUPLICADA,solucionado,2026-06-01 14:40:00,2026-06-01 17:50:00,5,4,
SR102809,soporte_remoto,whatsapp,internet,LENTITUD E INTERMITENCIA,,solucionado,2026-06-01 14:40:00,2026-06-02 11:10:00,1,1,
DQ102810,soporte_remoto,call_center,internet_tv,LENTITUD E INTERMITENCIA,,cerrado_sin_contacto,2026-06-01 14:45:00,2026-06-04 11:25:00,12,2,
DQ102811,soporte_remoto,whatsapp,internet_tv,LENTITUD E INTERMITENCIA,,cerrado_sin_contacto,2026-06-01 15:00:00,2026-06-04 11:35:00,28,2,
SG102812,soporte_remoto,caja,internet,LENTITUD E INTERMITENCIA,,solucionado,2026-06-01 15:00:00,2026-06-04 11:45:00,3,2,
CH102813,soporte_remoto,call_center,tv,SIN SEÑAL DE TV,,solucionado,2026-06-01 15:00:00,2026-06-02 11:20:00,2,1,
C102814,soporte_remoto,caja,internet,LENTITUD E INTERMITENCIA,,solucionado,2026-06-01 15:05:00,2026-06-02 11:35:00,13,1,
C103837,cambio_titular,call_center,,,,solucionado,2026-06-01 15:20:00,2026-06-02 11:25:00,13,5,
TC102816,soporte_remoto,call_center,internet_tv,LENTITUD E INTERMITENCIA,,solucionado,2026-06-01 15:25:00,2026-06-03 08:45:00,28,0,
C102817,soporte_remoto,call_center,internet_tv,FALLAS CON LA TV,,solucionado,2026-06-01 15:25:00,2026-06-02 12:10:00,13,1,
C103837,cambio_plan,caja,,,,solucionado,2026-06-01 15:25:00,2026-06-02 17:20:00,13,3,
CH103838,cambio_plan,whatsapp,,,,solucionado,2026-06-01 15:30:00,2026-06-02 17:40:00,2,3,
SR102815,soporte_remoto,whatsapp,internet_tv,LENTITUD E INTERMITENCIA,,solucionado,2026-06-01 15:40:00,2026-06-02 11:50:00,14,1,
VG102818,soporte_remoto,call_center,internet_tv,LENTITUD E INTERMITENCIA,,cerrado_sin_contacto,2026-06-01 15:40:00,2026-06-03 09:00:00,6,0,
C102819,soporte_remoto,call_center,internet,LENTITUD E INTERMITENCIA,,cerrado_sin_contacto,2026-06-01 15:40:00,2026-06-02 12:20:00,8,1,
TC101521,soporte_remoto,call_center,internet_tv,LENTITUD E INTERMITENCIA,,solucionado,2026-06-01 15:45:00,2026-06-01 15:45:00,11,2,
SR102820,soporte_remoto,call_center,internet,LENTITUD E INTERMITENCIA,,solucionado,2026-06-01 15:55:00,2026-06-02 12:55:00,1,1,
SR102821,soporte_remoto,whatsapp,internet,LENTITUD E INTERMITENCIA,,cerrado_sin_contacto,2026-06-01 15:55:00,2026-06-03 08:20:00,1,1,
SR102822,soporte_remoto,call_center,internet,LENTITUD E INTERMITENCIA,,solucionado,2026-06-01 16:00:00,2026-06-03 08:40:00,1,1,
DQ102823,soporte_remoto,whatsapp,internet_tv,LENTITUD E INTERMITENCIA,,solucionado,2026-06-01 16:00:00,2026-06-04 11:40:00,0,2,
SG100593,sin_internet,call_center,internet,,,solucionado,2026-06-01 16:05:00,2026-06-01 17:50:00,9,4,
TC102824,soporte_remoto,call_center,internet,LENTITUD E INTERMITENCIA,,solucionado,2026-06-01 16:05:00,2026-06-03 09:10:00,28,0,
SR101169,soporte_remoto,call_center,internet,LENTITUD E INTERMITENCIA,,solucionado,2026-06-01 16:20:00,2026-06-03 09:10:00,1,1,
DQ101580,cambio_plan,call_center,,,,solucionado,2026-06-01 16:25:00,2026-06-02 17:45:00,4,3,
SG102328,soporte_remoto,call_center,internet,LENTITUD E INTERMITENCIA,,solucionado,2026-06-01 16:30:00,2026-06-04 09:00:00,9,2,
VG102825,soporte_remoto,whatsapp,tv,PROGRAMACIÓN DE TV,,cerrado_sin_contacto,2026-06-01 16:30:00,2026-06-03 09:45:00,6,0,
DQ102826,soporte_remoto,whatsapp,tv,PROGRAMACIÓN DE TV,,cerrado_sin_contacto,2026-06-01 16:40:00,2026-06-04 12:05:00,0,2,
CH103839,cambio_plan,call_center,,,,solucionado,2026-06-01 16:50:00,2026-06-09 11:30:00,2,3,
CH103840,cambio_plan,whatsapp,,,,solucionado,2026-06-01 17:05:00,2026-06-02 17:50:00,2,3,
VG102827,soporte_remoto,call_center,internet_tv,LENTITUD E INTERMITENCIA,,solucionado,2026-06-01 17:10:00,2026-06-03 10:05:00,6,0,
TC102828,soporte_remoto,call_center,internet_tv,LENTITUD E INTERMITENCIA,,cerrado_sin_contacto,2026-06-01 17:15:00,2026-06-03 10:35:00,18,0,
VG102344,soporte_remoto,whatsapp,internet,LENTITUD E INTERMITENCIA,,solucionado,2026-06-01 17:15:00,2026-06-03 10:45:00,6,0,
C102829,soporte_remoto,call_center,internet,LENTITUD E INTERMITENCIA,,solucionado,2026-06-01 17:25:00,2026-06-03 09:25:00,13,1,
C104091,cambio_titular,caja,,,,solucionado,2026-06-01 17:35:00,2026-06-02 11:40:00,13,5,
CH102830,soporte_remoto,call_center,tv,CANALES INTERMITENTES,,cancelado,2026-06-01 17:45:00,2026-06-03 09:45:00,2,1,
SG102208,cambio_plan,call_center,,,,solucionado,2026-06-01 17:55:00,2026-06-02 17:50:00,9,3,
TCF103841,cambio_plan,call_center,,,,solucionado,2026-06-01 17:55:00,2026-06-16 16:50:00,10,3,
SG100702,cambio_plan,whatsapp,,,,solucionado,2026-06-01 17:55:00,2026-06-03 10:05:00,3,3,
SG101483,cambio_plan,call_center,,,,solucionado,2026-06-01 17:55:00,2026-06-16 16:55:00,3,3,
TC100594,sin_internet,whatsapp,internet,,,solucionado,2026-06-01 18:55:00,2026-06-02 15:40:00,16,4,
DQ104092,cambio_titular,whatsapp,,,,solucionado,2026-06-02 08:45:00,2026-06-02 11:45:00,12,5,
TC102831,soporte_remoto,whatsapp,internet_tv,LENTITUD E INTERMITENCIA,,cerrado_sin_contacto,2026-06-02 08:50:00,2026-06-03 10:55:00,18,0,
VG100595,sin_internet,caja,internet,,,solucionado,2026-06-02 08:55:00,2026-06-02 15:50:00,6,4,
SR102843,soporte_remoto,call_center,internet,LENTITUD E INTERMITENCIA,,solucionado,2026-06-02 09:00:00,2026-06-03 11:35:00,14,1,
TC102832,soporte_remoto,whatsapp,internet,LENTITUD E INTERMITENCIA,,cerrado_sin_contacto,2026-06-02 09:05:00,2026-06-03 11:05:00,20,0,
DQ100214,soporte_remoto,call_center,internet_tv,LENTITUD E INTERMITENCIA,,solucionado,2026-06-02 09:05:00,2026-06-04 12:15:00,0,2,
DQ101797,soporte_remoto,whatsapp,internet,LENTITUD E INTERMITENCIA,,seguimiento,2026-06-02 09:10:00,,12,2,
TCF104093,cambio_titular,whatsapp,,,,solucionado,2026-06-02 09:25:00,2026-06-02 12:05:00,10,5,
TC102294,soporte_remoto,call_center,internet,LENTITUD E INTERMITENCIA,,solucionado,2026-06-02 09:50:00,2026-06-03 11:20:00,28,0,
TCF102833,soporte_remoto,whatsapp,tv,PROGRAMACIÓN DE TV,,solucionado,2026-06-02 09:50:00,2026-06-03 11:25:00,22,0,
TC102834,soporte_remoto,call_center,internet_tv,LENTITUD E INTERMITENCIA,,solucionado,2026-06-02 09:50:00,2026-06-03 11:35:00,18,0,
SR104094,cambio_titular,call_center,,,,solucionado,2026-06-02 09:50:00,2026-06-02 16:05:00,1,5,
TC102835,soporte_remoto,whatsapp,internet_tv,STREAMING CON FALLAS,,solucionado,2026-06-02 10:10:00,2026-06-03 11:50:00,28,0,
TC102836,soporte_remoto,call_center,internet,LENTITUD E INTERMITENCIA,,cerrado_sin_contacto,2026-06-02 10:15:00,2026-06-03 12:15:00,7,0,
TC102839,soporte_remoto,call_center,internet_tv,LENTITUD E INTERMITENCIA,,cerrado_sin_contacto,2026-06-02 10:35:00,2026-06-03 15:10:00,7,0,
C103842,cambio_plan,call_center,,,,solucionado,2026-06-02 10:35:00,2026-06-03 10:05:00,13,3,
DQ100082,soporte_remoto,whatsapp,internet_tv,LENTITUD E INTERMITENCIA,,solucionado,2026-06-02 10:50:00,2026-06-04 12:45:00,12,2,
CH102837,soporte_remoto,call_center,internet,LENTITUD E INTERMITENCIA,,solucionado,2026-06-02 11:00:00,2026-06-03 10:30:00,2,1,
TC100795,soporte_remoto,call_center,internet,LENTITUD E INTERMITENCIA,,solucionado,2026-06-02 11:00:00,2026-06-03 12:25:00,7,0,
TC102838,soporte_remoto,call_center,internet,LENTITUD E INTERMITENCIA,,solucionado,2026-06-02 11:00:00,2026-06-03 12:40:00,18,0,
DQ101057,soporte_remoto,call_center,internet_tv,LENTITUD E INTERMITENCIA,,solucionado,2026-06-02 11:05:00,2026-06-04 10:20:00,12,2,
TC100596,sin_internet,call_center,internet,,,solucionado,2026-06-02 11:20:00,2026-06-02 16:00:00,4,4,
DQ102844,soporte_remoto,call_center,internet,LENTITUD E INTERMITENCIA,,solucionado,2026-06-02 11:20:00,2026-06-02 11:35:00,11,2,
CH100597,sin_internet,whatsapp,internet,,,solucionado,2026-06-02 11:35:00,2026-06-02 17:00:00,2,4,
SR102413,soporte_remoto,call_center,internet,LENTITUD E INTERMITENCIA,,solucionado,2026-06-02 11:50:00,2026-06-03 10:40:00,1,1,
VG102840,soporte_remoto,call_center,internet,LENTITUD E INTERMITENCIA,,solucionado,2026-06-02 12:00:00,2026-06-03 15:20:00,6,0,
DQ102841,soporte_remoto,call_center,internet,LENTITUD E INTERMITENCIA,,solucionado,2026-06-02 12:45:00,2026-06-04 13:15:00,12,2,
DQ101830,soporte_remoto,whatsapp,internet,LENTITUD E INTERMITENCIA,,cerrado_sin_contacto,2026-06-02 13:20:00,2026-06-04 11:00:00,0,2,
VG102842,soporte_remoto,call_center,internet,LENTITUD E INTERMITENCIA,,solucionado,2026-06-02 13:50:00,2026-06-03 15:35:00,6,0,
DQ101993,soporte_remoto,call_center,internet_tv,LENTITUD E INTERMITENCIA,,solucionado,2026-06-02 13:55:00,2026-06-04 16:30:00,0,2,
C103843,cambio_plan,call_center,,,,solucionado,2026-06-02 14:00:00,2026-06-16 17:00:00,23,3,
TC102845,soporte_remoto,whatsapp,tv,FALLAS CON LA TV,,solucionado,2026-06-02 14:10:00,2026-06-03 16:00:00,18,0,
DQ100429,soporte_remoto,call_center,internet,PROBLEMAS CON TEST DE VELOCIDAD,,solucionado,2026-06-02 14:10:00,2026-06-02 14:10:00,11,2,
TC102394,soporte_remoto,call_center,internet,LENTITUD E INTERMITENCIA,,cerrado_sin_contacto,2026-06-02 14:10:00,2026-06-03 16:40:00,18,0,
TC103844,cambio_plan,whatsapp,,,,solucionado,2026-06-02 14:10:00,2026-06-17 12:05:00,24,3,
DQ102846,soporte_remoto,whatsapp,internet,LENTITUD E INTERMITENCIA,,solucionado,2026-06-02 14:20:00,2026-06-04 11:00:00,20,2,
CH101446,soporte_remoto,call_center,internet_tv,LENTITUD E INTERMITENCIA,,cerrado_sin_contacto,2026-06-02 14:25:00,2026-06-03 12:00:00,2,1,
C102847,soporte_remoto,call_center,tv,FALLAS CON LA TV,,solucionado,2026-06-02 14:40:00,2026-06-03 12:10:00,18,1,
VG102848,soporte_remoto,call_center,internet,LENTITUD E INTERMITENCIA,,cerrado_sin_contacto,2026-06-02 14:40:00,2026-06-04 10:10:00,6,0,
DQ103701,cambio_plan,caja,,,,solucionado,2026-06-02 14:55:00,2026-06-17 12:20:00,25,3,
SR102849,soporte_remoto,whatsapp,internet_tv,CANALES FALTANTES,,cerrado_sin_contacto,2026-06-02 15:15:00,2026-06-03 12:20:00,1,1,
TC100554,soporte_remoto,whatsapp,internet,LENTITUD E INTERMITENCIA,,solucionado,2026-06-02 15:15:00,2026-06-03 17:35:00,10,0,
CH102850,soporte_remoto,caja,tv,PROGRAMACIÓN DE TV,,solucionado,2026-06-02 15:25:00,2026-06-03 12:35:00,2,1,
VG101127,cambio_plan,caja,,,,solucionado,2026-06-02 15:40:00,2026-06-03 17:20:00,6,3,
SR102851,soporte_remoto,call_center,internet,LENTITUD E INTERMITENCIA,,solucionado,2026-06-02 15:45:00,2026-06-04 10:15:00,1,0,
C102852,soporte_remoto,call_center,internet,LENTITUD E INTERMITENCIA,,solucionado,2026-06-02 15:50:00,2026-06-03 12:40:00,13,1,
SR102853,soporte_remoto,call_center,internet,LENTITUD E INTERMITENCIA,,solucionado,2026-06-02 15:50:00,2026-06-03 15:15:00,1,1,
SR101491,soporte_remoto,call_center,internet,LENTITUD E INTERMITENCIA,,solucionado,2026-06-02 15:50:00,2026-06-03 16:00:00,1,1,
SR102854,soporte_remoto,call_center,internet,LENTITUD E INTERMITENCIA,,cerrado_sin_contacto,2026-06-02 15:55:00,2026-06-03 16:15:00,14,1,
SR102855,soporte_remoto,call_center,internet,LENTITUD E INTERMITENCIA,,solucionado,2026-06-02 16:05:00,2026-06-03 16:30:00,1,1,
DQ102856,soporte_remoto,whatsapp,tv,SIN SEÑAL DE TV,,solucionado,2026-06-02 16:15:00,2026-06-04 16:00:00,10,2,
C102857,soporte_remoto,whatsapp,tv,SIN SEÑAL DE TV,,cerrado_sin_contacto,2026-06-02 16:15:00,2026-06-04 08:30:00,8,1,
C102858,soporte_remoto,call_center,tv,PROGRAMACIÓN DE TV,,cerrado_sin_contacto,2026-06-02 16:15:00,2026-06-05 08:50:00,0,2,
SR102859,soporte_remoto,whatsapp,internet,LENTITUD E INTERMITENCIA,,solucionado,2026-06-02 16:15:00,2026-06-04 08:45:00,1,1,
TC102860,soporte_remoto,whatsapp,internet,ERROR EN INGRESO A PÁGINAS,,cerrado_sin_contacto,2026-06-02 16:45:00,2026-06-03 17:55:00,20,0,
TC103845,cambio_plan,whatsapp,,,,solucionado,2026-06-02 17:10:00,2026-06-16 17:55:00,10,3,
CH101583,soporte_remoto,caja,internet_tv,LENTITUD E INTERMITENCIA,,solucionado,2026-06-02 17:15:00,2026-06-04 09:05:00,2,1,
CH101215,soporte_remoto,call_center,internet_tv,LENTITUD E INTERMITENCIA,,solucionado,2026-06-02 17:15:00,2026-06-04 09:20:00,2,1,
CH102421,soporte_remoto,call_center,internet_tv,LENTITUD E INTERMITENCIA,,cerrado_sin_contacto,2026-06-02 17:25:00,2026-06-04 09:35:00,2,1,
VG104095,cambio_titular,whatsapp,,,,solucionado,2026-06-02 17:25:00,2026-06-06 13:00:00,6,5,
SR102861,soporte_remoto,call_center,internet_tv,LENTITUD E INTERMITENCIA,,solucionado,2026-06-02 17:30:00,2026-06-04 09:45:00,1,1,
TC100598,sin_internet,caja,internet,,EQUIPO NO ENGANCHA,solucionado,2026-06-02 17:40:00,2026-06-02 18:00:00,7,4,
DQ102862,soporte_remoto,call_center,internet_tv,LENTITUD E INTERMITENCIA,,cerrado_sin_contacto,2026-06-02 17:50:00,2026-06-04 16:45:00,12,2,
DQ102863,soporte_remoto,call_center,internet_tv,LENTITUD E INTERMITENCIA,,solucionado,2026-06-03 08:30:00,2026-06-05 09:05:00,12,2,
VG102864,soporte_remoto,caja,internet_tv,LENTITUD E INTERMITENCIA,,cerrado_sin_contacto,2026-06-03 08:45:00,2026-06-04 08:30:00,6,0,
DQ102865,soporte_remoto,call_center,internet,LENTITUD E INTERMITENCIA,,solucionado,2026-06-03 08:50:00,2026-06-05 09:15:00,17,2,
SG100599,sin_internet,whatsapp,internet,,,cerrado_sin_contacto,2026-06-03 09:10:00,2026-06-03 09:30:00,9,4,
CH102616,soporte_remoto,whatsapp,internet,LENTITUD E INTERMITENCIA,,cerrado_sin_contacto,2026-06-03 09:10:00,2026-06-04 10:00:00,2,1,
DQ102866,soporte_remoto,caja,internet_tv,LENTITUD E INTERMITENCIA,,solucionado,2026-06-03 09:15:00,2026-06-05 09:30:00,4,2,
TC102867,soporte_remoto,call_center,internet,LENTITUD E INTERMITENCIA,,solucionado,2026-06-03 09:45:00,2026-06-04 08:35:00,0,0,
TC102868,soporte_remoto,call_center,internet_tv,LENTITUD E INTERMITENCIA,,solucionado,2026-06-03 09:45:00,2026-06-04 08:40:00,17,0,
SG100600,sin_internet,call_center,internet,,,cerrado_sin_contacto,2026-06-03 09:50:00,2026-06-03 16:00:00,3,4,
TC102869,soporte_remoto,call_center,internet,PROBLEMAS CON TEST DE VELOCIDAD,,solucionado,2026-06-03 10:00:00,2026-06-04 08:55:00,27,0,
SR102870,soporte_remoto,caja,tv,PROGRAMACIÓN DE TV,,solucionado,2026-06-03 10:05:00,2026-06-04 10:30:00,14,1,
C100605,sin_internet,call_center,internet,,,solucionado,2026-06-03 10:10:00,2026-06-04 10:45:00,13,4,
TC102429,soporte_remoto,whatsapp,internet,ERROR EN INGRESO A PÁGINAS,,solucionado,2026-06-03 10:20:00,2026-06-03 11:20:00,7,1,
SR102871,soporte_remoto,whatsapp,internet,LENTITUD E INTERMITENCIA,,cancelado,2026-06-03 10:30:00,2026-06-04 10:45:00,14,1,
C101775,cambio_plan,call_center,,,,solucionado,2026-06-03 10:30:00,2026-06-04 12:30:00,13,3,
C100601,sin_internet,call_center,internet,,FALLA MASIVA,solucionado,2026-06-03 10:40:00,2026-06-03 16:00:00,13,4,
VG102872,soporte_remoto,call_center,tv,SIN SEÑAL DE TV,,solucionado,2026-06-03 10:40:00,2026-06-04 09:10:00,6,0,
VG103846,cambio_plan,call_center,,,,solucionado,2026-06-03 10:45:00,2026-06-16 18:00:00,6,3,
C100602,sin_internet,whatsapp,internet,,FALLA MASIVA,solucionado,2026-06-03 11:00:00,2026-06-03 16:00:00,15,4,
C100603,sin_internet,whatsapp,internet,,FALLA MASIVA,cerrado_sin_contacto,2026-06-03 11:00:00,2026-06-03 16:00:00,15,4,
DQ101221,soporte_remoto,caja,internet,LENTITUD E INTERMITENCIA,,solucionado,2026-06-03 11:00:00,2026-06-05 09:40:00,4,2,
TC102741,soporte_remoto,call_center,tv,CANALES INTERMITENTES,,solucionado,2026-06-03 11:00:00,2026-06-04 09:25:00,0,0,
DQ102873,soporte_remoto,call_center,internet_tv,LENTITUD E INTERMITENCIA,,solucionado,2026-06-03 11:00:00,2026-07-03 11:05:00,11,2,
SG103472,cambio_plan,whatsapp,,,,solucionado,2026-06-03 11:55:00,2026-06-04 12:50:00,3,3,
TC103847,cambio_plan,call_center,,,,solucionado,2026-06-03 12:00:00,2026-06-04 17:10:00,5,3,
TC100594,soporte_remoto,caja,internet,LENTITUD E INTERMITENCIA,,solucionado,2026-06-03 12:25:00,2026-06-04 09:45:00,5,0,
SR102071,soporte_remoto,call_center,tv,SIN SEÑAL DE TV,,cancelado,2026-06-03 13:35:00,2026-06-04 11:00:00,14,1,
C102875,soporte_remoto,call_center,internet,LENTITUD E INTERMITENCIA,,solucionado,2026-06-03 13:35:00,2026-06-04 10:25:00,22,0,
C102876,soporte_remoto,whatsapp,internet,LENTITUD E INTERMITENCIA,,solucionado,2026-06-03 13:35:00,2026-06-04 10:35:00,22,0,
TC103848,cambio_plan,call_center,,,,solucionado,2026-06-03 14:00:00,2026-06-04 17:35:00,0,3,
DQ102878,soporte_remoto,call_center,tv,CANALES FALTANTES,,solucionado,2026-06-03 14:05:00,2026-06-05 09:50:00,4,2,
TC102879,soporte_remoto,call_center,internet_tv,LENTITUD E INTERMITENCIA,,cerrado_sin_contacto,2026-06-03 14:05:00,2026-06-04 11:10:00,0,0,
C102877,soporte_remoto,whatsapp,tv,PROGRAMACIÓN DE TV,,solucionado,2026-06-03 14:40:00,2026-06-04 10:55:00,5,0,
TC104096,cambio_titular,call_center,,,,solucionado,2026-06-03 14:40:00,2026-06-06 13:55:00,5,5,
C103849,cambio_plan,caja,,,,solucionado,2026-06-03 15:05:00,2026-06-16 18:05:00,15,3,
C102881,soporte_remoto,whatsapp,tv,PROGRAMACIÓN DE TV,,cerrado_sin_contacto,2026-06-03 15:40:00,2026-06-04 11:30:00,7,0,
SR102417,soporte_remoto,call_center,internet,LENTITUD E INTERMITENCIA,,solucionado,2026-06-03 16:15:00,2026-06-04 11:20:00,1,1,
TC102880,soporte_remoto,call_center,internet,STREAMING CON FALLAS,,solucionado,2026-06-03 16:30:00,2026-06-04 11:20:00,16,0,
SG103850,cambio_plan,caja,,,,solucionado,2026-06-03 16:30:00,2026-06-04 17:40:00,9,3,
VG102882,soporte_remoto,whatsapp,internet_tv,LENTITUD E INTERMITENCIA,,solucionado,2026-06-03 16:55:00,2026-06-04 11:45:00,6,0,
SG100604,sin_internet,caja,internet,,,solucionado,2026-06-03 17:10:00,2026-06-03 18:00:00,3,4,
C103851,cambio_plan,whatsapp,,,,solucionado,2026-06-03 17:20:00,2026-06-04 18:00:00,15,3,
VG102883,soporte_remoto,whatsapp,internet,LENTITUD E INTERMITENCIA,,cerrado_sin_contacto,2026-06-03 17:55:00,2026-06-04 12:00:00,6,0,
DQ102884,soporte_remoto,call_center,internet_tv,LENTITUD E INTERMITENCIA,,solucionado,2026-06-03 18:05:00,2026-06-05 10:05:00,4,2,
C102885,soporte_remoto,call_center,internet,HABILITACIÓN DE PUERTOS,,solucionado,2026-06-04 08:05:00,2026-06-04 11:20:00,15,1,
C102886,soporte_remoto,whatsapp,internet,LENTITUD E INTERMITENCIA,,solucionado,2026-06-04 08:25:00,2026-06-04 09:45:00,11,2,
SR101981,soporte_remoto,whatsapp,internet,LENTITUD E INTERMITENCIA,,cerrado_sin_contacto,2026-06-04 08:30:00,2026-06-04 11:40:00,1,1,
SR100607,sin_internet,whatsapp,internet,,,cerrado_sin_contacto,2026-06-04 09:25:00,2026-06-05 08:30:00,1,4,
TC104097,cambio_titular,call_center,,,,solucionado,2026-06-04 10:00:00,2026-06-06 14:05:00,0,5,
TC103852,cambio_plan,call_center,,,,solucionado,2026-06-04 10:05:00,2026-06-05 11:25:00,5,3,
C102887,soporte_remoto,whatsapp,internet,ERROR EN INGRESO A PÁGINAS,,cerrado_sin_contacto,2026-06-04 10:20:00,2026-06-04 12:00:00,15,1,
SR100329,soporte_remoto,whatsapp,internet,LENTITUD E INTERMITENCIA,,solucionado,2026-06-04 10:35:00,2026-06-04 12:20:00,1,1,
TC102099,soporte_remoto,whatsapp,internet,LENTITUD E INTERMITENCIA,,solucionado,2026-06-04 11:05:00,2026-06-04 12:15:00,0,0,
SG102888,soporte_remoto,call_center,internet,LENTITUD E INTERMITENCIA,,cerrado_sin_contacto,2026-06-04 11:20:00,2026-06-05 10:25:00,3,2,
SR100408,sin_internet,whatsapp,internet,,FALLA MASIVA,solucionado,2026-06-04 11:40:00,2026-06-04 13:20:00,1,4,
TC100606,sin_internet,call_center,internet,,VLAN DUPLICADA,cerrado_sin_contacto,2026-06-04 12:05:00,2026-06-04 15:45:00,5,4,
TC103857,cambio_plan,caja,,,,solucionado,2026-06-04 12:10:00,2026-06-09 17:20:00,7,3,
SG103853,cambio_plan,call_center,,,,solucionado,2026-06-04 12:20:00,2026-06-17 12:20:00,3,3,
SG102888,cambio_plan,call_center,,,,solucionado,2026-06-04 12:20:00,2026-06-05 11:30:00,3,3,
TCF103854,cambio_plan,call_center,,,,solucionado,2026-06-04 12:20:00,2026-06-05 12:20:00,22,3,
TCF103855,cambio_plan,whatsapp,,,,solucionado,2026-06-04 12:20:00,2026-06-05 13:25:00,22,3,
TCF103856,cambio_plan,whatsapp,,,,solucionado,2026-06-04 12:20:00,2026-06-05 17:25:00,22,3,
DQ102889,soporte_remoto,call_center,internet,LENTITUD E INTERMITENCIA,,solucionado,2026-06-04 13:45:00,2026-06-05 10:50:00,4,2,
TC102895,soporte_remoto,call_center,internet,LENTITUD E INTERMITENCIA,,solucionado,2026-06-04 13:50:00,2026-06-04 16:00:00,11,2,
TC102890,soporte_remoto,call_center,internet,LENTITUD E INTERMITENCIA,,cerrado_sin_contacto,2026-06-04 14:10:00,2026-06-05 12:35:00,7,0,
TC104098,cambio_titular,caja,,,,solucionado,2026-06-04 14:20:00,2026-06-06 15:05:00,7,,
C103468,cambio_plan,caja,,,,solucionado,2026-06-04 14:25:00,2026-06-04 14:25:00,21,8,
TC102891,soporte_remoto,call_center,internet,LENTITUD E INTERMITENCIA,,solucionado,2026-06-04 14:35:00,2026-06-05 12:45:00,23,0,
DQ102892,soporte_remoto,call_center,internet,LENTITUD E INTERMITENCIA,,solucionado,2026-06-04 14:35:00,2026-06-05 11:00:00,22,2,
DQ103858,cambio_plan,call_center,,,,solucionado,2026-06-04 14:45:00,2026-06-17 12:25:00,12,3,
SG102893,soporte_remoto,call_center,internet,LENTITUD E INTERMITENCIA,,solucionado,2026-06-04 15:00:00,2026-06-05 11:05:00,3,2,
VG102894,soporte_remoto,call_center,internet,LENTITUD E INTERMITENCIA,,cerrado_sin_contacto,2026-06-04 15:00:00,2026-06-05 15:30:00,6,0,
DQ102896,soporte_remoto,call_center,tv,CANALES LLUVIOSOS/PIXELADOS,,solucionado,2026-06-04 16:00:00,2026-06-05 11:25:00,4,2,
DQ102897,soporte_remoto,call_center,internet,ERROR EN INGRESO A PÁGINAS,,solucionado,2026-06-04 16:00:00,2026-06-04 16:10:00,11,2,
VG102442,soporte_remoto,caja,internet_tv,LENTITUD E INTERMITENCIA,,solucionado,2026-06-04 16:45:00,2026-06-05 15:35:00,6,0,
C103335,cambio_plan,whatsapp,,,,solucionado,2026-06-04 17:00:00,2026-06-05 17:30:00,15,3,
VG102898,soporte_remoto,call_center,internet,LENTITUD E INTERMITENCIA,,solucionado,2026-06-04 17:10:00,2026-06-05 09:20:00,6,2,
TC103860,cambio_plan,call_center,,,,solucionado,2026-06-04 18:00:00,2026-06-05 17:45:00,18,3,
SG103859,cambio_plan,whatsapp,,,,solucionado,2026-06-04 18:35:00,2026-06-04 18:35:00,25,14,
TCF102403,soporte_remoto,call_center,internet,LENTITUD E INTERMITENCIA,,solucionado,2026-06-05 08:25:00,2026-06-05 15:40:00,10,0,
TC102899,soporte_remoto,call_center,internet,ERROR EN INGRESO A PÁGINAS,,cerrado_sin_contacto,2026-06-05 08:30:00,2026-06-05 15:30:00,7,0,
DQ102900,soporte_remoto,whatsapp,internet,LENTITUD E INTERMITENCIA,,solucionado,2026-06-05 08:30:00,2026-06-05 11:35:00,11,2,
C103861,cambio_plan,call_center,,,,solucionado,2026-06-05 09:30:00,2026-06-05 17:50:00,13,3,
VG100615,sin_internet,call_center,internet,,,cerrado_sin_contacto,2026-06-05 09:40:00,2026-06-09 16:45:00,6,0,
C100608,sin_internet,call_center,internet,,,cerrado_sin_contacto,2026-06-05 10:10:00,2026-06-05 10:10:00,8,4,
DQ102902,soporte_remoto,whatsapp,internet,LENTITUD E INTERMITENCIA,,solucionado,2026-06-05 10:25:00,2026-06-05 12:00:00,4,2,
TC102903,soporte_remoto,caja,tv,FALLAS CON LA TV,,solucionado,2026-06-05 10:50:00,2026-06-05 15:50:00,5,0,
SR100609,sin_internet,whatsapp,internet,,,solucionado,2026-06-05 11:10:00,2026-06-05 11:10:00,1,4,
SR102904,soporte_remoto,call_center,internet,LENTITUD E INTERMITENCIA,,solucionado,2026-06-05 11:20:00,2026-06-05 15:20:00,14,1,
SR102484,soporte_remoto,whatsapp,tv,FALLAS CON LA TV,,solucionado,2026-06-05 11:20:00,2026-06-05 15:35:00,14,1,
C103862,cambio_plan,call_center,,,,solucionado,2026-06-05 11:20:00,2026-06-17 12:25:00,5,3,
TC102905,soporte_remoto,whatsapp,internet,LENTITUD E INTERMITENCIA,,solucionado,2026-06-05 11:30:00,2026-06-05 16:00:00,20,0,
TCF101184,soporte_remoto,caja,internet,LENTITUD E INTERMITENCIA,,cerrado_sin_contacto,2026-06-05 11:30:00,2026-06-05 16:05:00,22,0,
SG102906,soporte_remoto,call_center,internet,LENTITUD E INTERMITENCIA,,solucionado,2026-06-05 11:50:00,2026-06-05 11:55:00,11,2,
DQ100610,sin_internet,whatsapp,internet,,,solucionado,2026-06-05 12:00:00,2026-06-05 12:00:00,4,4,
DQ102907,soporte_remoto,call_center,internet,LENTITUD E INTERMITENCIA,,solucionado,2026-06-05 12:10:00,2026-06-05 13:00:00,23,2,
C101854,soporte_remoto,call_center,internet,FALLAS CON LA TV,,solucionado,2026-06-05 12:30:00,2026-06-05 15:10:00,12,1,
C103863,cambio_plan,call_center,,,,solucionado,2026-06-05 12:35:00,2026-06-17 12:45:00,16,3,
TC102908,soporte_remoto,whatsapp,internet,LENTITUD E INTERMITENCIA,,solucionado,2026-06-05 12:45:00,2026-06-05 16:10:00,16,0,
TC102909,soporte_remoto,whatsapp,internet,LENTITUD E INTERMITENCIA,,solucionado,2026-06-05 13:35:00,2026-06-05 16:20:00,4,0,
TC102910,soporte_remoto,call_center,internet,LENTITUD E INTERMITENCIA,,solucionado,2026-06-05 13:45:00,2026-06-05 17:05:00,18,0,
C102911,soporte_remoto,whatsapp,internet,LENTITUD E INTERMITENCIA,,solucionado,2026-06-05 13:55:00,2026-06-05 16:00:00,19,2,
DQ102340,soporte_remoto,call_center,internet,LENTITUD E INTERMITENCIA,,solucionado,2026-06-05 13:55:00,2026-06-05 16:25:00,22,2,
C103864,cambio_plan,whatsapp,,,,solucionado,2026-06-05 14:00:00,2026-06-17 12:50:00,24,3,
SR102914,soporte_remoto,call_center,internet,PROBLEMAS CON CÁMARAS/DVR,,solucionado,2026-06-05 14:25:00,2026-06-05 16:15:00,14,1,
TC102912,soporte_remoto,whatsapp,internet,LENTITUD E INTERMITENCIA,,cerrado_sin_contacto,2026-06-05 14:30:00,2026-06-05 17:20:00,18,0,
SR103865,cambio_plan,whatsapp,,,,solucionado,2026-06-05 14:35:00,2026-06-05 14:35:00,16,6,
SR100611,sin_internet,call_center,internet,,,cerrado_sin_contacto,2026-06-05 14:40:00,2026-06-05 14:40:00,16,4,
C103866,cambio_plan,call_center,,,,solucionado,2026-06-05 14:40:00,2026-06-05 14:40:00,19,11,
DQ103867,cambio_plan,whatsapp,,,,solucionado,2026-06-05 14:40:00,2026-06-05 14:40:00,21,8,
TC102913,soporte_remoto,call_center,internet,LENTITUD E INTERMITENCIA,,cerrado_sin_contacto,2026-06-05 14:55:00,2026-06-05 17:30:00,0,0,
SR102915,soporte_remoto,call_center,internet,LENTITUD E INTERMITENCIA,,cerrado_sin_contacto,2026-06-05 14:55:00,2026-06-05 16:30:00,14,1,
TC102466,soporte_remoto,call_center,internet,LENTITUD E INTERMITENCIA,,solucionado,2026-06-05 14:55:00,2026-06-06 08:30:00,22,0,
TC102916,soporte_remoto,whatsapp,internet,LENTITUD E INTERMITENCIA,,cerrado_sin_contacto,2026-06-05 15:05:00,2026-06-06 08:40:00,18,0,
SR100612,sin_internet,call_center,internet,,,solucionado,2026-06-05 15:15:00,2026-06-05 15:15:00,1,4,
DQ102917,soporte_remoto,caja,internet_tv,LENTITUD E INTERMITENCIA,,solucionado,2026-06-05 15:45:00,2026-06-06 12:00:00,18,2,
CH100900,soporte_remoto,whatsapp,internet_tv,LENTITUD E INTERMITENCIA,,solucionado,2026-06-05 15:50:00,2026-06-05 16:50:00,2,1,
SG103868,cambio_plan,whatsapp,,,,solucionado,2026-06-05 15:50:00,2026-06-05 17:50:00,9,3,
DQ102918,soporte_remoto,call_center,internet,LENTITUD E INTERMITENCIA,,solucionado,2026-06-05 15:55:00,2026-06-06 11:55:00,4,2,
YULIETH100613,sin_internet,call_center,internet,,,solucionado,2026-06-05 16:00:00,2026-06-05 16:00:00,12,4,
TC102919,soporte_remoto,whatsapp,internet,LENTITUD E INTERMITENCIA,,solucionado,2026-06-05 16:00:00,2026-06-06 08:50:00,0,0,
C103869,cambio_plan,call_center,,,,solucionado,2026-06-05 16:05:00,2026-06-22 12:35:00,8,3,
DQ101724,soporte_remoto,call_center,internet,LENTITUD E INTERMITENCIA,,solucionado,2026-06-05 16:10:00,2026-06-05 16:45:00,4,2,
TCF102920,soporte_remoto,call_center,internet,LENTITUD E INTERMITENCIA,,solucionado,2026-06-05 16:10:00,2026-06-06 09:15:00,22,0,
TC102921,soporte_remoto,call_center,internet,LENTITUD E INTERMITENCIA,,solucionado,2026-06-05 16:30:00,2026-06-06 09:35:00,0,0,
C100614,sin_internet,caja,internet,,,solucionado,2026-06-05 16:35:00,2026-06-05 16:35:00,8,4,
DQ102922,soporte_remoto,call_center,internet_tv,LENTITUD E INTERMITENCIA,,cerrado_sin_contacto,2026-06-05 16:40:00,2026-06-06 12:10:00,18,2,
DQ102923,soporte_remoto,call_center,internet,PROBLEMAS CON TEST DE VELOCIDAD,,solucionado,2026-06-05 16:55:00,2026-06-06 12:30:00,4,2,
C104099,cambio_titular,whatsapp,,,,solucionado,2026-06-05 17:30:00,2026-06-06 15:30:00,8,,
VG103870,cambio_plan,call_center,,,,solucionado,2026-06-05 18:05:00,2026-06-23 11:25:00,6,3,
CH102924,soporte_remoto,call_center,internet,LENTITUD E INTERMITENCIA,,cancelado,2026-06-05 18:55:00,2026-06-06 11:35:00,19,1,
SG102929,soporte_remoto,caja,internet,LENTITUD E INTERMITENCIA,,seguimiento,2026-06-06 08:00:00,,3,2,
DQ102925,soporte_remoto,whatsapp,internet_tv,LENTITUD E INTERMITENCIA,,solucionado,2026-06-06 08:20:00,2026-06-06 11:55:00,11,2,
DQ102926,soporte_remoto,call_center,internet,LENTITUD E INTERMITENCIA,,cerrado_sin_contacto,2026-06-06 10:30:00,2026-06-06 12:40:00,20,2,
CH102927,soporte_remoto,call_center,internet,PROBLEMAS CON TEST DE VELOCIDAD,,solucionado,2026-06-06 11:20:00,2026-06-06 11:50:00,20,1,
C103871,cambio_plan,call_center,,,,solucionado,2026-06-06 12:25:00,2026-06-06 12:25:00,20,9,
DQ102928,soporte_remoto,call_center,internet_tv,LENTITUD E INTERMITENCIA,,solucionado,2026-06-06 14:00:00,2026-06-06 15:10:00,11,2,
TC103872,cambio_plan,whatsapp,,,,solucionado,2026-06-06 14:45:00,2026-06-12 12:55:00,27,15,
C103873,cambio_plan,call_center,,,,solucionado,2026-06-06 16:45:00,2026-06-06 16:45:00,23,12,
SR101989,soporte_remoto,whatsapp,internet,LENTITUD E INTERMITENCIA,,solucionado,2026-06-09 08:05:00,2026-06-09 09:20:00,1,1,
DQ102930,soporte_remoto,call_center,internet_tv,LENTITUD E INTERMITENCIA,,seguimiento,2026-06-09 08:25:00,,4,4,
SG102931,soporte_remoto,whatsapp,tv,CANALES INTERMITENTES,,solucionado,2026-06-09 08:45:00,2026-06-09 16:30:00,3,2,
DQ102932,soporte_remoto,call_center,internet,LENTITUD E INTERMITENCIA,,solucionado,2026-06-09 08:50:00,2026-06-09 12:00:00,4,2,
TC102933,soporte_remoto,whatsapp,tv,CANALES LLUVIOSOS/PIXELADOS,,solucionado,2026-06-09 08:55:00,2026-06-09 10:05:00,0,2,
VG102934,soporte_remoto,whatsapp,internet,LENTITUD E INTERMITENCIA,,solucionado,2026-06-09 09:05:00,2026-06-09 10:45:00,6,2,
SG102935,soporte_remoto,call_center,internet,LENTITUD E INTERMITENCIA,,solucionado,2026-06-09 09:15:00,2026-06-09 10:50:00,3,2,
CH101263,soporte_remoto,call_center,internet_tv,LENTITUD E INTERMITENCIA,,solucionado,2026-06-09 09:20:00,2026-06-09 09:50:00,2,1,
SR102936,soporte_remoto,call_center,internet,LENTITUD E INTERMITENCIA,,solucionado,2026-06-09 09:30:00,2026-06-09 10:30:00,14,1,
SG102937,soporte_remoto,call_center,internet,LENTITUD E INTERMITENCIA,,solucionado,2026-06-09 09:35:00,2026-06-09 11:00:00,9,2,
SR103328,cambio_titular,call_center,,,,solucionado,2026-06-09 09:35:00,2026-06-09 11:30:00,14,5,
CH102938,soporte_remoto,whatsapp,internet_tv,LENTITUD E INTERMITENCIA,,solucionado,2026-06-09 09:40:00,2026-06-09 11:00:00,2,1,
TC100616,sin_internet,call_center,internet,,,cerrado_sin_contacto,2026-06-09 09:55:00,2026-06-09 16:50:00,0,0,
TCF102939,soporte_remoto,whatsapp,internet,LENTITUD E INTERMITENCIA,,solucionado,2026-06-09 10:00:00,2026-06-09 15:35:00,10,10,
TC102940,soporte_remoto,whatsapp,internet,LENTITUD E INTERMITENCIA,,solucionado,2026-06-09 10:05:00,2026-06-09 12:00:00,5,0,
SG103874,cambio_plan,call_center,,,,solucionado,2026-06-09 10:20:00,2026-06-10 09:50:00,9,3,
SG102941,soporte_remoto,whatsapp,internet,LENTITUD E INTERMITENCIA,,cancelado,2026-06-09 10:30:00,2026-06-09 16:50:00,3,2,
TC102946,soporte_remoto,call_center,internet,LENTITUD E INTERMITENCIA,,solucionado,2026-06-09 10:30:00,2026-06-09 15:10:00,7,0,
TC100617,sin_internet,call_center,internet,,BLOQUEO DE EQUIPO,solucionado,2026-06-09 10:40:00,2026-06-09 17:10:00,5,0,
SR102942,soporte_remoto,call_center,internet,LENTITUD E INTERMITENCIA,,cancelado,2026-06-09 10:55:00,2026-06-09 11:15:00,1,1,
TCF100222,soporte_remoto,caja,tv,CANALES FALTANTES,,cerrado_sin_contacto,2026-06-09 10:55:00,2026-06-09 12:25:00,10,0,
TC100618,sin_internet,caja,internet,,WIFI DESACTIVADO,solucionado,2026-06-09 11:05:00,2026-06-09 17:25:00,5,0,
SR103875,cambio_plan,call_center,,,,solucionado,2026-06-09 11:05:00,2026-06-23 14:45:00,1,3,
SG102943,soporte_remoto,call_center,internet,LENTITUD E INTERMITENCIA,,solucionado,2026-06-09 11:15:00,2026-06-09 11:15:00,3,2,
SG102944,soporte_remoto,call_center,tv,CANALES INTERMITENTES,,solucionado,2026-06-09 11:15:00,2026-06-09 11:15:00,3,2,
DQ102945,soporte_remoto,caja,tv,PROGRAMACIÓN DE TV,,solucionado,2026-06-09 11:25:00,2026-06-09 11:30:00,17,2,
TCF102186,soporte_remoto,call_center,internet,LENTITUD E INTERMITENCIA,,cerrado_sin_contacto,2026-06-09 11:25:00,2026-06-09 15:15:00,5,0,
DQ102947,soporte_remoto,caja,tv,CANALES FALTANTES,,solucionado,2026-06-09 11:30:00,2026-06-09 18:10:00,18,10,
SR101217,soporte_remoto,call_center,internet,STREAMING CON FALLAS,,solucionado,2026-06-09 11:30:00,2026-06-09 12:00:00,16,4,
CH102948,soporte_remoto,call_center,tv,FALLAS CON LA TV,,solucionado,2026-06-09 11:45:00,2026-06-09 12:00:00,2,1,
TC102949,soporte_remoto,whatsapp,internet,LENTITUD E INTERMITENCIA,,cancelado,2026-06-09 11:45:00,2026-06-09 12:45:00,21,2,
DQ102950,soporte_remoto,call_center,tv,CANALES FALTANTES,,cerrado_sin_contacto,2026-06-09 11:50:00,2026-06-09 15:20:00,7,0,
SG100619,sin_internet,caja,internet,,,solucionado,2026-06-09 12:00:00,2026-06-09 17:35:00,3,0,
TC102951,soporte_remoto,whatsapp,internet,LENTITUD E INTERMITENCIA,,solucionado,2026-06-09 12:00:00,2026-06-09 17:05:00,18,2,
C103876,cambio_plan,call_center,,,,solucionado,2026-06-09 12:15:00,2026-06-09 12:15:00,21,8,
SG103877,cambio_plan,call_center,,,,solucionado,2026-06-09 12:15:00,2026-06-22 12:55:00,9,3,
C103878,cambio_plan,call_center,,,,solucionado,2026-06-09 12:35:00,2026-06-09 12:55:00,20,9,
TC102043,soporte_remoto,call_center,internet,LENTITUD E INTERMITENCIA,,solucionado,2026-06-09 12:55:00,2026-06-09 15:00:00,18,10,
DQ102952,soporte_remoto,whatsapp,internet,LENTITUD E INTERMITENCIA,,solucionado,2026-06-09 13:10:00,2026-06-09 13:10:00,11,2,
TC102953,soporte_remoto,whatsapp,internet,LENTITUD E INTERMITENCIA,,solucionado,2026-06-09 13:15:00,2026-06-09 13:30:00,11,2,
TCF102954,soporte_remoto,call_center,tv,CANALES LLUVIOSOS/PIXELADOS,,solucionado,2026-06-09 13:25:00,2026-06-09 15:50:00,5,0,
SR102957,soporte_remoto,whatsapp,internet,LENTITUD E INTERMITENCIA,,solucionado,2026-06-09 14:45:00,2026-06-09 15:40:00,14,1,
DQ102602,cambio_plan,whatsapp,,,,solucionado,2026-06-09 14:50:00,2026-06-09 14:55:00,24,13,
SG103879,cambio_plan,whatsapp,,,,solucionado,2026-06-09 15:00:00,2026-06-22 13:00:00,3,3,
TCF102958,soporte_remoto,call_center,internet_tv,LENTITUD E INTERMITENCIA,,solucionado,2026-06-09 15:20:00,2026-06-09 15:55:00,18,10,
C103880,cambio_plan,call_center,,,,solucionado,2026-06-09 15:30:00,2026-06-11 10:00:00,8,3,
C102155,cambio_titular,call_center,,,,solucionado,2026-06-09 15:40:00,2026-06-11 12:55:00,8,5,
DQ100797,soporte_remoto,call_center,internet_tv,LENTITUD E INTERMITENCIA,,solucionado,2026-06-09 15:50:00,2026-06-09 17:55:00,4,10,
TC102959,soporte_remoto,whatsapp,tv,CANALES INTERMITENTES,,seguimiento,2026-06-09 15:55:00,,18,10,
DQ102961,soporte_remoto,call_center,internet,LENTITUD E INTERMITENCIA,,solucionado,2026-06-09 16:10:00,2026-06-09 16:30:00,41,4,1
TC102960,soporte_remoto,call_center,internet,LENTITUD E INTERMITENCIA,,seguimiento,2026-06-09 16:15:00,,5,0,
TC103881,cambio_plan,whatsapp,,,,solucionado,2026-06-09 16:15:00,2026-06-11 10:05:00,7,3,
C102059,cambio_plan,call_center,,,,solucionado,2026-06-09 16:15:00,2026-06-11 14:30:00,8,3,
DQ102962,soporte_remoto,caja,internet,LENTITUD E INTERMITENCIA,,cerrado_sin_contacto,2026-06-09 16:40:00,2026-06-10 11:15:00,4,2,
TC102963,soporte_remoto,call_center,internet,ERROR EN INGRESO A PÁGINAS,,seguimiento,2026-06-09 17:20:00,,27,10,
TC102964,soporte_remoto,call_center,internet,LENTITUD E INTERMITENCIA,,solucionado,2026-06-09 17:30:00,2026-06-10 09:20:00,5,10,
SR102965,soporte_remoto,call_center,internet,LENTITUD E INTERMITENCIA,,solucionado,2026-06-09 17:35:00,2026-06-10 08:25:00,1,1,
SR102966,soporte_remoto,whatsapp,tv,FALLAS CON LA TV,,cerrado_sin_contacto,2026-06-09 17:40:00,2026-06-10 08:45:00,14,1,
TC102967,soporte_remoto,call_center,internet,ERROR EN INGRESO A PÁGINAS,,solucionado,2026-06-09 17:45:00,2026-06-10 09:35:00,5,0,
SG103882,cambio_plan,whatsapp,,,,solucionado,2026-06-09 17:50:00,2026-06-09 17:50:00,24,13,
TC102080,soporte_remoto,whatsapp,internet,STREAMING CON FALLAS,,solucionado,2026-06-09 17:55:00,2026-06-10 10:20:00,5,0,
C103883,cambio_plan,caja,,,,solucionado,2026-06-09 17:55:00,2026-06-11 14:35:00,13,3,
SG103884,cambio_plan,whatsapp,,,,solucionado,2026-06-09 18:00:00,2026-06-12 10:55:00,9,3,
C102968,soporte_remoto,caja,internet,PROBLEMAS CON CÁMARAS/DVR,,solucionado,2026-06-09 19:05:00,2026-06-10 09:00:00,20,1,
C103885,cambio_plan,call_center,,,,solucionado,2026-06-10 08:10:00,2026-06-12 11:00:00,13,3,
TC102969,soporte_remoto,call_center,internet,LENTITUD E INTERMITENCIA,,solucionado,2026-06-10 08:20:00,2026-06-10 10:35:00,5,0,
DQ102970,soporte_remoto,call_center,tv,SIN SEÑAL DE TV,,solucionado,2026-06-10 08:20:00,2026-06-10 10:00:00,10,10,
C100620,sin_internet,whatsapp,internet,,,cerrado_sin_contacto,2026-06-10 08:25:00,2026-06-10 11:00:00,15,0,
C103886,cambio_plan,caja,,,,solucionado,2026-06-10 08:40:00,2026-06-13 14:40:00,13,3,
VG100621,sin_internet,call_center,internet,,WIFI DESACTIVADO,solucionado,2026-06-10 09:15:00,2026-06-10 11:00:00,6,0,
C102972,soporte_remoto,call_center,internet,LENTITUD E INTERMITENCIA,,solucionado,2026-06-10 09:20:00,2026-06-10 10:00:00,18,1,
TC102973,soporte_remoto,whatsapp,internet,LENTITUD E INTERMITENCIA,,solucionado,2026-06-10 09:40:00,2026-06-10 10:15:00,11,2,
DQ102974,soporte_remoto,whatsapp,internet,PROBLEMAS CON TEST DE VELOCIDAD,,solucionado,2026-06-10 10:05:00,2026-06-11 12:20:00,12,2,
CH102975,soporte_remoto,call_center,internet,LENTITUD E INTERMITENCIA,,solucionado,2026-06-10 10:10:00,2026-06-10 11:00:00,18,10,
C100622,sin_internet,call_center,internet,,WIFI DESACTIVADO,solucionado,2026-06-10 10:20:00,2026-06-10 11:10:00,13,0,
C100623,sin_internet,whatsapp,internet,,WIFI DESACTIVADO,solucionado,2026-06-10 10:45:00,2026-06-10 11:25:00,13,0,
C102976,soporte_remoto,call_center,internet,LENTITUD E INTERMITENCIA,,seguimiento,2026-06-10 10:45:00,,13,10,
TC100594,soporte_remoto,whatsapp,tv,PROGRAMACIÓN DE TV,,cerrado_sin_contacto,2026-06-10 11:35:00,2026-06-10 12:25:00,5,10,
C102977,soporte_remoto,whatsapp,internet,LENTITUD E INTERMITENCIA,,solucionado,2026-06-10 12:00:00,2026-06-10 12:30:00,19,1,
TC100624,sin_internet,whatsapp,internet,,MTU 1500,solucionado,2026-06-10 13:30:00,2026-06-10 16:30:00,7,0,
TC102978,soporte_remoto,call_center,internet,LENTITUD E INTERMITENCIA,,cerrado_sin_contacto,2026-06-10 13:40:00,2026-06-10 14:20:00,5,10,
DQ102979,soporte_remoto,whatsapp,internet,LENTITUD E INTERMITENCIA,,solucionado,2026-06-10 14:10:00,2026-06-10 14:35:00,18,10,
C100625,sin_internet,whatsapp,internet,,FALLA MASIVA,solucionado,2026-06-10 14:20:00,2026-06-10 16:35:00,15,0,
C102980,soporte_remoto,whatsapp,internet,LENTITUD E INTERMITENCIA,,solucionado,2026-06-10 14:40:00,2026-06-10 15:20:00,23,1,
DQ102981,soporte_remoto,call_center,internet,LENTITUD E INTERMITENCIA,,solucionado,2026-06-10 15:00:00,2026-06-10 15:35:00,18,10,
C102982,soporte_remoto,call_center,tv,SIN SEÑAL DE TV,,solucionado,2026-06-10 15:05:00,2026-06-11 16:10:00,0,0,
TC100253,cambio_titular,call_center,,,,solucionado,2026-06-10 15:15:00,2026-06-11 13:00:00,10,5,
SG102983,soporte_remoto,call_center,internet_tv,LENTITUD E INTERMITENCIA,,solucionado,2026-06-10 15:20:00,2026-06-11 12:35:00,18,2,
SG100768,soporte_remoto,whatsapp,internet,LENTITUD E INTERMITENCIA,,solucionado,2026-06-10 15:25:00,2026-06-11 12:50:00,9,2,
SR102984,soporte_remoto,call_center,internet,LENTITUD E INTERMITENCIA,,solucionado,2026-06-10 15:40:00,2026-06-10 16:30:00,1,1,
SG100626,sin_internet,whatsapp,internet,,MTU 1500,solucionado,2026-06-10 15:45:00,2026-06-10 16:40:00,3,0,
DQ103887,cambio_plan,caja,,,,solucionado,2026-06-10 15:45:00,2026-06-13 14:45:00,12,3,
C102985,soporte_remoto,call_center,internet,LENTITUD E INTERMITENCIA,,solucionado,2026-06-10 16:00:00,2026-06-10 17:00:00,8,1,
TC103888,cambio_plan,call_center,,,,solucionado,2026-06-10 16:35:00,2026-06-13 14:50:00,10,3,
CH102986,soporte_remoto,whatsapp,internet_tv,LENTITUD E INTERMITENCIA,,solucionado,2026-06-10 16:40:00,2026-06-11 08:25:00,1,1,
VG104100,cambio_titular,whatsapp,,,,solucionado,2026-06-10 16:40:00,2026-06-11 13:10:00,6,5,
SR100627,sin_internet,whatsapp,internet,,FALLA DE FIBRA,solucionado,2026-06-10 16:45:00,2026-06-10 17:10:00,1,0,
SG102100,cambio_titular,whatsapp,,,,solucionado,2026-06-10 16:50:00,2026-06-11 13:20:00,3,5,
SG103889,cambio_plan,call_center,,,,solucionado,2026-06-10 17:45:00,,24,,
DQ102987,soporte_remoto,whatsapp,internet,LENTITUD E INTERMITENCIA,,solucionado,2026-06-10 18:30:00,2026-06-11 13:15:00,23,2,
SG102988,soporte_remoto,call_center,internet,LENTITUD E INTERMITENCIA,,solucionado,2026-06-11 08:00:00,2026-06-11 08:00:00,3,2,
SR100628,sin_internet,call_center,internet,,,cerrado_sin_contacto,2026-06-11 08:05:00,2026-06-11 09:15:00,1,0,
VG100629,sin_internet,call_center,internet,,FALLA DE FIBRA,solucionado,2026-06-11 08:30:00,2026-06-11 09:50:00,6,0,
TCF104101,cambio_titular,caja,,,,solucionado,2026-06-11 08:30:00,2026-06-16 16:30:00,10,5,
SR101359,soporte_remoto,call_center,internet,LENTITUD E INTERMITENCIA,,solucionado,2026-06-11 08:50:00,2026-06-11 10:25:00,1,1,
TC103890,cambio_plan,whatsapp,,,,pendiente,2026-06-11 08:55:00,,0,,
TC100630,sin_internet,whatsapp,internet,,,cerrado_sin_contacto,2026-06-11 09:00:00,2026-06-11 10:15:00,7,0,
C102998,soporte_remoto,call_center,internet,LENTITUD E INTERMITENCIA,,solucionado,2026-06-11 09:15:00,2026-06-12 10:05:00,13,2,
CH102679,soporte_remoto,call_center,internet,LENTITUD E INTERMITENCIA,,solucionado,2026-06-11 09:35:00,2026-06-11 10:55:00,2,1,
CH102989,soporte_remoto,whatsapp,internet,LENTITUD E INTERMITENCIA,,solucionado,2026-06-11 09:35:00,2026-06-11 11:00:00,2,1,
SG102990,soporte_remoto,whatsapp,internet,LENTITUD E INTERMITENCIA,,solucionado,2026-06-11 09:55:00,2026-06-11 17:00:00,3,2,
TC102991,soporte_remoto,call_center,internet,LENTITUD E INTERMITENCIA,,solucionado,2026-06-11 09:55:00,2026-06-11 10:35:00,18,0,
SG102990,cambio_plan,call_center,,,,solucionado,2026-06-11 10:00:00,2026-06-24 13:30:00,3,3,
DQ100646,sin_internet,call_center,internet,,,cerrado_sin_contacto,2026-06-11 10:40:00,2026-06-11 11:00:00,4,0,
CH100823,soporte_remoto,call_center,internet,PROBLEMAS CON TEST DE VELOCIDAD,,solucionado,2026-06-11 10:40:00,2026-06-11 17:10:00,25,2,
TC104102,cambio_titular,whatsapp,,,,solucionado,2026-06-11 11:10:00,2026-06-16 16:35:00,7,5,
TC102992,soporte_remoto,whatsapp,internet,LENTITUD E INTERMITENCIA,,cerrado_sin_contacto,2026-06-11 11:45:00,2026-06-11 12:00:00,18,0,
DQ102993,soporte_remoto,call_center,tv,SIN SEÑAL DE TV,,solucionado,2026-06-11 12:55:00,2026-06-11 17:20:00,4,2,
DQ103891,cambio_plan,call_center,,,,solucionado,2026-06-11 13:45:00,2026-06-13 14:55:00,4,3,
SG100632,sin_internet,call_center,internet,,WIFI DESACTIVADO,solucionado,2026-06-11 14:00:00,2026-06-11 15:45:00,3,0,
SR102994,soporte_remoto,call_center,tv,SIN SEÑAL DE TV,,solucionado,2026-06-11 14:35:00,2026-06-11 15:20:00,1,1,
C103892,cambio_plan,call_center,,,,solucionado,2026-06-11 15:10:00,2026-06-13 16:00:00,15,3,
C102469,soporte_remoto,call_center,internet_tv,LENTITUD E INTERMITENCIA,,solucionado,2026-06-11 15:40:00,2026-06-11 15:40:00,11,2,
TC103893,cambio_plan,whatsapp,,,,solucionado,2026-06-11 15:50:00,2026-06-13 16:05:00,0,3,
VG102379,soporte_remoto,caja,internet_tv,LENTITUD E INTERMITENCIA,,seguimiento,2026-06-11 16:15:00,,6,0,
CH102995,soporte_remoto,call_center,internet,LENTITUD E INTERMITENCIA,,solucionado,2026-06-11 16:15:00,2026-06-11 16:40:00,27,1,
CH100721,soporte_remoto,whatsapp,internet,LENTITUD E INTERMITENCIA,,solucionado,2026-06-11 16:15:00,2026-06-11 17:10:00,2,1,
TC101597,soporte_remoto,whatsapp,tv,CANALES INTERMITENTES,,solucionado,2026-06-11 16:20:00,2026-06-11 16:30:00,0,0,
DQ102996,soporte_remoto,call_center,internet,PROBLEMAS CON TEST DE VELOCIDAD,,solucionado,2026-06-11 16:25:00,2026-06-11 17:25:00,16,2,
SG100633,sin_internet,call_center,internet,,MTU 1500,solucionado,2026-06-11 17:00:00,2026-06-11 17:15:00,3,0,
C103894,cambio_plan,caja,,,,solucionado,2026-06-11 17:00:00,2026-06-25 10:45:00,25,3,
SR100634,sin_internet,call_center,internet,,,solucionado,2026-06-11 17:05:00,2026-06-11 17:30:00,1,0,
DQ103895,cambio_plan,call_center,,,,solucionado,2026-06-11 17:20:00,2026-06-13 16:10:00,4,3,
TC102997,soporte_remoto,call_center,internet_tv,LENTITUD E INTERMITENCIA,,solucionado,2026-06-11 17:50:00,2026-06-12 09:50:00,0,2,
TC100636,sin_internet,whatsapp,internet,,FALLA DE FIBRA,solucionado,2026-06-11 18:30:00,2026-06-12 10:30:00,22,0,
TC100244,sin_internet,call_center,internet,,,cerrado_sin_contacto,2026-06-11 18:30:00,2026-06-12 08:25:00,24,0,
VG100644,soporte_remoto,call_center,internet,PROBLEMAS CON TEST DE VELOCIDAD,,cerrado_sin_contacto,2026-06-12 11:30:00,2026-06-12 11:40:00,6,0,
SG103668,cambio_plan,whatsapp,,,,solucionado,2026-06-12 14:00:00,2026-06-25 10:50:00,3,3,
SR102999,soporte_remoto,caja,internet_tv,LENTITUD E INTERMITENCIA,,cerrado_sin_contacto,2026-06-12 14:05:00,2026-06-12 15:45:00,21,1,
C100530,soporte_remoto,call_center,internet,LENTITUD E INTERMITENCIA,,solucionado,2026-06-12 14:10:00,2026-06-12 16:00:00,8,1,
SG103896,cambio_plan,call_center,,,,solucionado,2026-06-12 14:10:00,2026-06-12 14:10:00,20,9,
TC103904,cambio_titular,call_center,,,,solucionado,2026-06-12 14:15:00,2026-06-16 17:35:00,18,5,
DQ103000,soporte_remoto,call_center,internet_tv,LENTITUD E INTERMITENCIA,,solucionado,2026-06-12 14:55:00,2026-06-16 10:15:00,4,2,
DQ104103,cambio_titular,call_center,,,,solucionado,2026-06-12 15:10:00,2026-06-16 17:40:00,5,5,
C104104,cambio_titular,whatsapp,,,,solucionado,2026-06-12 15:10:00,2026-06-16 17:45:00,8,5,
C103001,soporte_remoto,call_center,internet,LENTITUD E INTERMITENCIA,,solucionado,2026-06-12 15:30:00,2026-06-16 10:45:00,13,2,
DQ102587,soporte_remoto,call_center,internet_tv,LENTITUD E INTERMITENCIA,,cerrado_sin_contacto,2026-06-12 15:35:00,2026-06-16 10:50:00,5,2,
C100637,sin_internet,whatsapp,internet,,BLOQUEO DE EQUIPO,solucionado,2026-06-12 15:40:00,2026-06-12 16:20:00,13,0,
TC104105,cambio_titular,whatsapp,,,,solucionado,2026-06-12 15:55:00,2026-06-16 17:55:00,10,5,
SR101035,soporte_remoto,whatsapp,internet,ERROR EN INGRESO A PÁGINAS,,solucionado,2026-06-12 16:10:00,2026-06-16 09:05:00,1,1,
C103002,soporte_remoto,whatsapp,internet,LENTITUD E INTERMITENCIA,,solucionado,2026-06-12 16:20:00,2026-06-12 16:20:00,11,2,
C103003,soporte_remoto,call_center,internet,LENTITUD E INTERMITENCIA,,solucionado,2026-06-12 16:20:00,2026-06-12 16:20:00,11,2,
C103004,soporte_remoto,whatsapp,internet,LENTITUD E INTERMITENCIA,,solucionado,2026-06-12 16:20:00,2026-06-12 16:35:00,11,2,
SG103343,cambio_plan,whatsapp,,,,solucionado,2026-06-12 16:50:00,2026-06-13 16:15:00,9,3,
SG103897,cambio_plan,call_center,,,,solucionado,2026-06-12 16:50:00,2026-06-13 16:15:00,9,1,
C103005,soporte_remoto,whatsapp,internet,LENTITUD E INTERMITENCIA,,solucionado,2026-06-12 16:55:00,2026-06-12 16:55:00,11,2,
SG101175,cambio_plan,call_center,,,,solucionado,2026-06-12 17:00:00,2026-06-26 12:30:00,3,3,
TC100955,soporte_remoto,whatsapp,tv,PROGRAMACIÓN DE TV,,solucionado,2026-06-12 17:10:00,2026-06-16 11:45:00,10,0,
TC102535,cambio_plan,call_center,,,,solucionado,2026-06-12 17:10:00,2026-06-16 14:50:00,18,3,
VG101818,cambio_plan,whatsapp,,,,solucionado,2026-06-12 17:15:00,2026-06-16 14:55:00,6,3,
C103006,soporte_remoto,whatsapp,tv,FALLAS CON LA TV,,cerrado_sin_contacto,2026-06-12 17:20:00,2026-06-16 11:05:00,13,2,
VG103898,cambio_plan,call_center,,,,solucionado,2026-06-12 17:20:00,2026-06-16 14:55:00,6,3,
SR103007,soporte_remoto,call_center,internet,LENTITUD E INTERMITENCIA,,solucionado,2026-06-12 17:55:00,2026-06-16 11:15:00,1,2,
TC104106,cambio_titular,whatsapp,,,,solucionado,2026-06-12 17:55:00,2026-06-17 10:55:00,18,5,
TC103647,cambio_plan,whatsapp,,,,solucionado,2026-06-13 16:35:00,2026-06-13 16:35:00,19,11,
SG103008,soporte_remoto,whatsapp,internet,PROBLEMAS CON CÁMARAS/DVR,,cerrado_sin_contacto,2026-06-13 16:55:00,2026-06-16 12:00:00,25,0,
C103009,soporte_remoto,whatsapp,internet,,,cerrado_sin_contacto,2026-06-15 11:45:00,2026-06-16 12:10:00,16,0,
TC100638,sin_internet,call_center,internet,,FALLA DE FIBRA,solucionado,2026-06-16 08:10:00,2026-06-16 08:55:00,18,0,
TC103010,soporte_remoto,call_center,internet_tv,LENTITUD E INTERMITENCIA,,solucionado,2026-06-16 08:25:00,2026-06-16 11:25:00,7,2,
SG100642,sin_internet,whatsapp,internet,,,cerrado_sin_contacto,2026-06-16 08:45:00,2026-06-17 09:40:00,3,0,
SG103032,soporte_remoto,call_center,internet,LENTITUD E INTERMITENCIA,,solucionado,2026-06-16 08:50:00,2026-06-17 12:45:00,3,2,
TC103011,soporte_remoto,call_center,internet_tv,LENTITUD E INTERMITENCIA,,solucionado,2026-06-16 09:10:00,2026-06-16 09:15:00,11,2,
SG100639,sin_internet,whatsapp,internet,,VLAN DUPLICADA,solucionado,2026-06-16 09:15:00,2026-06-16 09:55:00,3,0,
DQ103012,soporte_remoto,call_center,internet,LENTITUD E INTERMITENCIA,,solucionado,2026-06-16 09:15:00,2026-06-16 10:40:00,17,2,
C103013,soporte_remoto,call_center,tv,SIN SEÑAL DE TV,,solucionado,2026-06-16 09:20:00,2026-06-16 09:25:00,11,2,
TC103014,soporte_remoto,call_center,internet,LENTITUD E INTERMITENCIA,,solucionado,2026-06-16 09:25:00,2026-06-16 12:05:00,0,2,
SG103899,cambio_plan,whatsapp,,,,solucionado,2026-06-16 09:35:00,2026-06-26 12:45:00,3,3,
TC101762,soporte_remoto,call_center,,,,cerrado_sin_contacto,2026-06-16 10:05:00,2026-06-16 12:15:00,7,0,
C103015,soporte_remoto,whatsapp,internet,LENTITUD E INTERMITENCIA,,solucionado,2026-06-16 10:25:00,2026-06-16 11:30:00,18,1,
VG102712,soporte_remoto,call_center,tv,SIN SEÑAL DE TV,,solucionado,2026-06-16 10:25:00,2026-06-16 12:30:00,5,0,
SR100059,sin_internet,whatsapp,internet,,NIVELES CRÍTICOS,solucionado,2026-06-16 10:40:00,2026-06-16 12:40:00,1,0,
C103016,soporte_remoto,call_center,internet,LENTITUD E INTERMITENCIA,,solucionado,2026-06-16 10:45:00,2026-06-16 11:50:00,18,1,
C100645,sin_internet,call_center,internet,,,cerrado_sin_contacto,2026-06-16 10:55:00,2026-06-16 12:50:00,8,0,
SR103017,soporte_remoto,call_center,tv,CANALES FALTANTES,,solucionado,2026-06-16 11:05:00,2026-06-16 12:25:00,1,2,
SR100640,sin_internet,whatsapp,internet,,MTU 1500,solucionado,2026-06-16 11:15:00,2026-06-16 16:45:00,1,0,
C103018,soporte_remoto,call_center,internet,LENTITUD E INTERMITENCIA,,solucionado,2026-06-16 11:50:00,2026-06-16 12:20:00,5,2,
TC103019,soporte_remoto,call_center,internet_tv,LENTITUD E INTERMITENCIA,,solucionado,2026-06-16 12:05:00,2026-06-16 12:50:00,5,2,
SG103900,cambio_plan,call_center,,,,solucionado,2026-06-16 12:20:00,2026-06-17 11:40:00,3,3,
TC103020,soporte_remoto,whatsapp,internet,LENTITUD E INTERMITENCIA,,solucionado,2026-06-16 12:55:00,2026-06-16 12:55:00,5,0,
SG100641,sin_internet,call_center,internet,,VLAN DUPLICADA,solucionado,2026-06-16 13:30:00,2026-06-16 16:45:00,3,0,
SG103021,soporte_remoto,call_center,tv,CANALES LLUVIOSOS/PIXELADOS,,cerrado_sin_contacto,2026-06-16 13:55:00,2026-06-17 09:10:00,19,2,
C103022,soporte_remoto,caja,tv,FALLAS CON LA TV,,solucionado,2026-06-16 14:30:00,2026-06-17 09:30:00,13,2,
CH103901,cambio_plan,call_center,,,,pendiente,2026-06-16 14:55:00,,19,,
SG101252,cambio_plan,whatsapp,,,,solucionado,2026-06-16 15:25:00,2026-06-26 12:45:00,3,3,
CH103023,soporte_remoto,call_center,internet,LENTITUD E INTERMITENCIA,,solucionado,2026-06-16 15:30:00,2026-06-16 16:05:00,2,1,
DQ103024,soporte_remoto,call_center,internet,ERROR EN INGRESO A PÁGINAS,,solucionado,2026-06-16 15:35:00,2026-06-17 12:20:00,4,2,
DQ102371,soporte_remoto,call_center,internet,ERROR EN INGRESO A PÁGINAS,,solucionado,2026-06-16 15:40:00,2026-06-17 12:30:00,10,2,
TC100221,soporte_remoto,whatsapp,internet_tv,LENTITUD E INTERMITENCIA,,solucionado,2026-06-16 16:10:00,2026-06-17 08:40:00,5,0,
TC103025,soporte_remoto,call_center,internet,LENTITUD E INTERMITENCIA,,solucionado,2026-06-16 16:15:00,2026-06-17 09:00:00,5,0,
TCF103026,soporte_remoto,whatsapp,internet,LENTITUD E INTERMITENCIA,,cerrado_sin_contacto,2026-06-16 16:30:00,2026-06-17 09:35:00,23,0,
DQ103902,cambio_plan,call_center,,,,pendiente,2026-06-16 16:30:00,,25,,
C102652,soporte_remoto,call_center,tv,CANALES FALTANTES,,solucionado,2026-06-16 16:50:00,2026-06-17 08:35:00,11,1,
TC103027,soporte_remoto,call_center,internet_tv,LENTITUD E INTERMITENCIA,,solucionado,2026-06-16 17:05:00,2026-06-17 08:50:00,18,1,
C103028,soporte_remoto,call_center,tv,CANALES INTERMITENTES,,solucionado,2026-06-16 17:05:00,2026-06-16 17:15:00,11,2,
DQ103029,soporte_remoto,call_center,tv,SIN SEÑAL DE TV,,solucionado,2026-06-16 17:30:00,2026-06-17 08:45:00,4,2,
C104107,cambio_titular,whatsapp,,,,solucionado,2026-06-16 17:40:00,2026-06-17 10:50:00,13,5,
DQ100837,soporte_remoto,whatsapp,tv,CANALES LLUVIOSOS/PIXELADOS,,solucionado,2026-06-16 18:00:00,2026-06-17 09:00:00,19,2,
SG103030,soporte_remoto,whatsapp,tv,CANALES LLUVIOSOS/PIXELADOS,,solucionado,2026-06-16 18:50:00,2026-06-17 12:55:00,19,2,
SR103031,soporte_remoto,whatsapp,internet,STREAMING CON FALLAS,,cerrado_sin_contacto,2026-06-16 19:00:00,2026-06-17 09:20:00,19,1,
SR100838,soporte_remoto,whatsapp,tv,CANALES LLUVIOSOS/PIXELADOS,,solucionado,2026-06-17 09:00:00,2026-06-17 10:30:00,1,1,
C103033,soporte_remoto,call_center,internet,ERROR EN INGRESO A PÁGINAS,,cerrado_sin_contacto,2026-06-17 09:00:00,2026-06-17 10:50:00,13,1,
SR102713,soporte_remoto,call_center,tv,CANALES LLUVIOSOS/PIXELADOS,,solucionado,2026-06-17 09:00:00,2026-06-17 15:55:00,19,1,
SR102710,soporte_remoto,call_center,internet,LENTITUD E INTERMITENCIA,,cancelado,2026-06-17 09:40:00,2026-06-17 10:50:00,17,0,
SR103034,soporte_remoto,call_center,internet,LENTITUD E INTERMITENCIA,,cerrado_sin_contacto,2026-06-17 09:45:00,2026-06-17 11:05:00,1,0,
C103035,soporte_remoto,call_center,internet,LENTITUD E INTERMITENCIA,,solucionado,2026-06-17 10:45:00,2026-06-17 11:15:00,8,1,
VG100644,sin_internet,call_center,internet,,,cerrado_sin_contacto,2026-06-17 10:55:00,2026-06-17 11:20:00,6,0,
SG100643,sin_internet,whatsapp,internet,,MTU 1500,solucionado,2026-06-17 11:10:00,2026-06-17 12:05:00,3,0,
CH100900,soporte_remoto,call_center,internet,LENTITUD E INTERMITENCIA,,solucionado,2026-06-17 11:10:00,2026-06-17 11:45:00,2,1,
SR103903,cambio_plan,whatsapp,,,,pendiente,2026-06-17 12:00:00,,14,,
C103036,soporte_remoto,call_center,internet,ERROR EN INGRESO A PÁGINAS,,solucionado,2026-06-17 12:35:00,2026-06-17 12:35:00,27,1,
DQ103038,soporte_remoto,whatsapp,internet,ERROR EN INGRESO A PÁGINAS,,solucionado,2026-06-17 12:45:00,2026-06-17 12:45:00,24,2,
TC103904,cambio_plan,call_center,,,,solucionado,2026-06-17 13:35:00,2026-06-18 10:10:00,18,3,
SG103037,soporte_remoto,caja,internet,ERROR EN INGRESO A PÁGINAS,,solucionado,2026-06-17 13:40:00,2026-06-17 13:40:00,3,2,
VG103039,soporte_remoto,call_center,internet,LENTITUD E INTERMITENCIA,,solucionado,2026-06-17 13:45:00,2026-06-17 15:40:00,6,0,
TC100630,soporte_remoto,call_center,internet,LENTITUD E INTERMITENCIA,,solucionado,2026-06-17 13:45:00,2026-06-17 15:45:00,0,0,
TC103040,soporte_remoto,call_center,internet_tv,LENTITUD E INTERMITENCIA,,solucionado,2026-06-17 13:55:00,2026-06-17 15:50:00,0,0,
TC104108,cambio_titular,call_center,,,,solucionado,2026-06-17 14:05:00,2026-06-22 13:10:00,7,5,
C103041,soporte_remoto,call_center,internet_tv,LENTITUD E INTERMITENCIA,,solucionado,2026-06-17 14:25:00,2026-06-17 15:45:00,8,1,
TC103042,soporte_remoto,call_center,tv,SIN SEÑAL DE TV,,solucionado,2026-06-17 14:50:00,2026-06-17 17:25:00,5,0,
CH103905,cambio_plan,caja,,,,pendiente,2026-06-17 14:50:00,,2,,
C103043,soporte_remoto,whatsapp,internet,LENTITUD E INTERMITENCIA,,solucionado,2026-06-17 15:10:00,2026-06-17 16:10:00,31,1,
TC103044,soporte_remoto,call_center,internet,LENTITUD E INTERMITENCIA,,solucionado,2026-06-17 15:30:00,2026-06-17 17:30:00,5,0,
TC101068,soporte_remoto,whatsapp,tv,CANALES LLUVIOSOS/PIXELADOS,,cerrado_sin_contacto,2026-06-17 15:45:00,2026-06-17 16:50:00,,0,
C103045,soporte_remoto,call_center,internet_tv,LENTITUD E INTERMITENCIA,,solucionado,2026-06-17 15:55:00,2026-06-17 16:30:00,8,1,
C103046,soporte_remoto,call_center,internet_tv,LENTITUD E INTERMITENCIA,,solucionado,2026-06-17 15:55:00,2026-06-17 16:30:00,8,1,
CH103047,soporte_remoto,call_center,tv,CANALES LLUVIOSOS/PIXELADOS,,solucionado,2026-06-17 15:55:00,2026-06-17 16:40:00,2,1,
SR100628,soporte_remoto,call_center,tv,SIN SEÑAL DE TV,,cerrado_sin_contacto,2026-06-17 16:05:00,2026-06-17 16:50:00,1,1,
TC103048,soporte_remoto,whatsapp,internet_tv,LENTITUD E INTERMITENCIA,,solucionado,2026-06-17 16:20:00,2026-06-17 17:30:00,0,0,
SG103049,soporte_remoto,call_center,internet,LENTITUD E INTERMITENCIA,,solucionado,2026-06-17 17:40:00,2026-06-18 10:35:00,3,2,
DQ100635,sin_internet,whatsapp,internet,,ERROR DNS,solucionado,2026-06-17 17:45:00,2026-06-18 08:25:00,4,0,
TC103050,soporte_remoto,call_center,tv,CANALES FALTANTES,,cerrado_sin_contacto,2026-06-17 17:55:00,2026-06-18 09:25:00,0,0,
SG103906,cambio_plan,call_center,,,,solucionado,2026-06-17 18:00:00,2026-06-18 10:15:00,3,3,
C103051,soporte_remoto,whatsapp,tv,CANALES LLUVIOSOS/PIXELADOS,,solucionado,2026-06-17 18:15:00,2026-06-18 09:00:00,19,1,
TC103907,cambio_plan,whatsapp,,,,pendiente,2026-06-17 19:10:00,,19,,
SR100647,sin_internet,whatsapp,internet,,,cerrado_sin_contacto,2026-06-18 08:30:00,2026-06-19 08:40:00,1,0,
VG103052,soporte_remoto,whatsapp,internet,LENTITUD E INTERMITENCIA,,solucionado,2026-06-18 08:45:00,2026-06-18 09:05:00,6,0,
VG103052,soporte_remoto,call_center,internet,LENTITUD E INTERMITENCIA,,solucionado,2026-06-18 08:45:00,2026-06-18 08:55:00,6,0,
C103053,soporte_remoto,caja,internet,LENTITUD E INTERMITENCIA,,cerrado_sin_contacto,2026-06-18 08:45:00,2026-06-18 09:15:00,13,1,
SG100648,sin_internet,call_center,internet,,,solucionado,2026-06-18 09:00:00,2026-06-19 11:40:00,3,0,
TC104109,cambio_titular,call_center,,,,solucionado,2026-06-18 09:35:00,2026-06-25 12:50:00,0,5,
C100631,sin_internet,whatsapp,internet,,MTU 1500,solucionado,2026-06-18 09:50:00,2026-06-18 10:50:00,15,0,
TC103908,cambio_plan,whatsapp,,,,solucionado,2026-06-18 09:50:00,2026-06-26 15:45:00,0,3,
TC100937,soporte_remoto,whatsapp,internet_tv,LENTITUD E INTERMITENCIA,,cerrado_sin_contacto,2026-06-18 10:00:00,2026-06-18 10:30:00,5,0,
C100440,soporte_remoto,whatsapp,internet,LENTITUD E INTERMITENCIA,,cerrado_sin_contacto,2026-06-18 10:10:00,2026-06-18 10:40:00,13,1,
DQ103054,soporte_remoto,whatsapp,internet,LENTITUD E INTERMITENCIA,,solucionado,2026-06-18 10:20:00,2026-06-18 12:35:00,17,2,
TC103055,soporte_remoto,call_center,internet,LENTITUD E INTERMITENCIA,,solucionado,2026-06-18 10:25:00,2026-06-18 12:00:00,0,0,
DQ102930,soporte_remoto,call_center,tv,CANALES LLUVIOSOS/PIXELADOS,,solucionado,2026-06-18 10:45:00,2026-06-18 12:50:00,17,2,
DQ100883,cambio_plan,whatsapp,,,,solucionado,2026-06-18 10:45:00,2026-06-19 10:20:00,4,3,
TC103909,cambio_plan,call_center,,,,solucionado,2026-06-18 10:45:00,2026-06-19 10:30:00,22,3,
DQ103056,soporte_remoto,call_center,internet,LENTITUD E INTERMITENCIA,,solucionado,2026-06-18 10:55:00,2026-06-18 11:35:00,11,2,
C100310,sin_internet,whatsapp,internet,,WIFI DESACTIVADO,solucionado,2026-06-18 11:25:00,2026-06-18 11:50:00,15,0,
TC103057,soporte_remoto,call_center,internet,LENTITUD E INTERMITENCIA,,solucionado,2026-06-18 11:35:00,2026-06-18 11:35:00,11,2,
TC103058,soporte_remoto,call_center,tv,PROGRAMACIÓN DE TV,,cerrado_sin_contacto,2026-06-18 11:45:00,2026-06-18 11:50:00,0,0,
TC103059,soporte_remoto,whatsapp,internet_tv,LENTITUD E INTERMITENCIA,,solucionado,2026-06-18 12:00:00,2026-06-18 15:10:00,7,0,
DQ103060,soporte_remoto,whatsapp,internet,LENTITUD E INTERMITENCIA,,solucionado,2026-06-18 12:05:00,2026-06-18 13:00:00,17,2,
TC103061,soporte_remoto,call_center,tv,CANALES INTERMITENTES,,solucionado,2026-06-18 12:20:00,2026-06-18 15:45:00,28,0,
SR103062,soporte_remoto,call_center,internet_tv,LENTITUD E INTERMITENCIA,,solucionado,2026-06-18 12:20:00,2026-06-18 15:20:00,1,1,
C103910,cambio_plan,call_center,,,,solucionado,2026-06-18 12:30:00,2026-06-26 16:15:00,19,3,
TC100649,sin_internet,whatsapp,internet,,,cerrado_sin_contacto,2026-06-18 13:35:00,2026-06-19 15:45:00,7,0,
TC103063,soporte_remoto,call_center,internet,LENTITUD E INTERMITENCIA,,solucionado,2026-06-18 13:45:00,2026-06-18 15:55:00,0,0,
SR101695,soporte_remoto,whatsapp,internet,LENTITUD E INTERMITENCIA,,cerrado_sin_contacto,2026-06-18 14:05:00,2026-06-18 15:35:00,1,1,
SG100651,sin_internet,whatsapp,internet,,,solucionado,2026-06-18 15:00:00,2026-06-19 15:55:00,3,0,
C103064,soporte_remoto,call_center,internet_tv,LENTITUD E INTERMITENCIA,,cerrado_sin_contacto,2026-06-18 15:20:00,2026-06-18 15:45:00,13,1,
C103065,soporte_remoto,whatsapp,internet_tv,LENTITUD E INTERMITENCIA,,cerrado_sin_contacto,2026-06-18 15:20:00,2026-06-18 16:00:00,13,1,
SR103066,soporte_remoto,call_center,internet,LENTITUD E INTERMITENCIA,,solucionado,2026-06-18 15:50:00,2026-06-18 16:40:00,31,1,
TC103067,soporte_remoto,whatsapp,internet_tv,LENTITUD E INTERMITENCIA,,solucionado,2026-06-18 15:55:00,2026-06-18 15:55:00,11,2,
CH101417,soporte_remoto,whatsapp,internet,LENTITUD E INTERMITENCIA,,solucionado,2026-06-18 16:05:00,2026-06-18 16:45:00,2,1,
TC103068,soporte_remoto,call_center,tv,LENTITUD E INTERMITENCIA,,solucionado,2026-06-18 16:15:00,2026-06-18 16:15:00,17,0,
VG103069,soporte_remoto,caja,internet,LENTITUD E INTERMITENCIA,,solucionado,2026-06-18 16:20:00,2026-06-18 17:00:00,6,0,
SG103911,cambio_plan,call_center,,,,pendiente,2026-06-18 16:50:00,,3,,
TC103070,soporte_remoto,whatsapp,tv,CANALES LLUVIOSOS/PIXELADOS,,solucionado,2026-06-18 17:35:00,2026-06-18 17:55:00,5,0,
DQ103071,soporte_remoto,whatsapp,internet,PROBLEMAS CON TEST DE VELOCIDAD,,solucionado,2026-06-18 17:45:00,2026-06-19 13:15:00,19,2,
SG103912,cambio_plan,whatsapp,,,,solucionado,2026-06-18 18:20:00,2026-06-26 16:45:00,3,3,
SG103913,cambio_plan,whatsapp,,,,solucionado,2026-06-18 18:20:00,2026-06-19 13:15:00,3,3,
TC103072,soporte_remoto,call_center,internet,LENTITUD E INTERMITENCIA,,cerrado_sin_contacto,2026-06-19 08:25:00,2026-06-19 16:10:00,5,2,
DQ100654,sin_internet,whatsapp,internet,,BLOQUEO DE EQUIPO,solucionado,2026-06-19 08:50:00,2026-06-22 11:20:00,16,0,
DQ103056,soporte_remoto,call_center,internet,LENTITUD E INTERMITENCIA,,solucionado,2026-06-19 09:00:00,2026-06-19 12:10:00,,2,
VG103073,soporte_remoto,call_center,internet,LENTITUD E INTERMITENCIA,,solucionado,2026-06-19 10:10:00,2026-06-19 16:20:00,6,2,
CH100235,soporte_remoto,caja,internet,LENTITUD E INTERMITENCIA,,solucionado,2026-06-19 10:30:00,2026-06-19 12:15:00,2,1,
C103001,soporte_remoto,whatsapp,internet,LENTITUD E INTERMITENCIA,,cancelado,2026-06-19 10:35:00,2026-06-19 15:05:00,19,1,
SR103914,cambio_plan,call_center,,,,solucionado,2026-06-19 11:05:00,2026-06-19 11:05:00,27,15,
SR104110,cambio_titular,whatsapp,,,,solucionado,2026-06-19 11:10:00,2026-06-25 12:40:00,1,5,
C103074,soporte_remoto,whatsapp,internet_tv,LENTITUD E INTERMITENCIA,,solucionado,2026-06-19 12:30:00,2026-06-19 12:35:00,11,2,
TCF101752,cambio_plan,call_center,,,,solucionado,2026-06-19 12:30:00,2026-06-20 14:20:00,18,3,
DQ103915,cambio_plan,whatsapp,,,,pendiente,2026-06-19 12:30:00,,22,,
TC101337,soporte_remoto,call_center,internet,LENTITUD E INTERMITENCIA,,solucionado,2026-06-19 13:40:00,2026-06-19 15:10:00,7,0,
C100650,sin_internet,whatsapp,internet,,,solucionado,2026-06-19 14:00:00,2026-06-19 15:50:00,8,0,
SG103078,soporte_remoto,call_center,internet_tv,LENTITUD E INTERMITENCIA,,solucionado,2026-06-19 14:20:00,2026-06-19 16:40:00,3,2,
TC102069,soporte_remoto,whatsapp,internet_tv,SIN SEÑAL DE TV,,cerrado_sin_contacto,2026-06-19 14:30:00,2026-06-19 15:15:00,5,0,
C103075,soporte_remoto,call_center,tv,CANALES FALTANTES,,cancelado,2026-06-19 14:30:00,2026-06-19 15:30:00,13,1,
TC103076,soporte_remoto,call_center,tv,SIN SEÑAL DE TV,,cerrado_sin_contacto,2026-06-19 14:35:00,2026-06-19 15:25:00,0,0,
SR103077,soporte_remoto,whatsapp,internet,LENTITUD E INTERMITENCIA,,solucionado,2026-06-19 14:50:00,2026-06-19 15:40:00,1,1,
CH100652,sin_internet,whatsapp,internet,,WIFI DESACTIVADO,solucionado,2026-06-19 15:25:00,2026-06-19 16:00:00,2,0,
TC102535,soporte_remoto,caja,internet,LENTITUD E INTERMITENCIA,,solucionado,2026-06-19 15:35:00,2026-06-19 15:35:00,5,0,
SR103080,soporte_remoto,call_center,tv,CANALES LLUVIOSOS/PIXELADOS,,solucionado,2026-06-19 16:15:00,2026-06-19 16:30:00,1,1,
DQ103081,soporte_remoto,caja,internet,LENTITUD E INTERMITENCIA,,solucionado,2026-06-19 16:20:00,2026-06-19 16:20:00,20,2,1
TC103082,soporte_remoto,call_center,internet_tv,LENTITUD E INTERMITENCIA,,cerrado_sin_contacto,2026-06-19 16:25:00,2026-06-19 16:25:00,5,0,
SR103083,soporte_remoto,call_center,internet,LENTITUD E INTERMITENCIA,,cerrado_sin_contacto,2026-06-19 16:25:00,2026-06-19 17:05:00,1,1,
CH100821,soporte_remoto,call_center,internet,LENTITUD E INTERMITENCIA,,cerrado_sin_contacto,2026-06-19 16:30:00,2026-06-20 08:20:00,2,1,
SR100653,sin_internet,whatsapp,internet,,,pendiente,2026-06-19 16:35:00,,1,0,
TC103084,soporte_remoto,call_center,internet,ERROR EN INGRESO A PÁGINAS,,seguimiento,2026-06-19 17:20:00,,24,4,
TC103079,soporte_remoto,whatsapp,internet_tv,LENTITUD E INTERMITENCIA,,solucionado,2026-06-19 17:25:00,2026-06-19 17:25:00,0,0,
SG104111,cambio_titular,call_center,,,,solucionado,2026-06-19 18:00:00,2026-06-25 12:45:00,3,5,
SG103356,cambio_titular,call_center,,,,solucionado,2026-06-19 18:00:00,2026-06-25 12:50:00,3,5,
DQ103916,cambio_plan,call_center,,,,solucionado,2026-06-19 18:20:00,2026-06-19 18:25:00,16,6,
SG103917,cambio_plan,whatsapp,,,,pendiente,2026-06-20 11:00:00,,24,,
DQ103085,cambio_plan,caja,,,,solucionado,2026-06-20 15:50:00,2026-06-20 15:55:00,24,13,
TCF103918,cambio_plan,call_center,,,,pendiente,2026-06-20 16:50:00,,24,,
DQ103085,soporte_remoto,call_center,internet,PROBLEMAS CON TEST DE VELOCIDAD,,solucionado,2026-06-20 16:55:00,2026-06-22 13:20:00,24,2,
TC103086,soporte_remoto,caja,internet,LENTITUD E INTERMITENCIA,,solucionado,2026-06-21 15:00:00,2026-06-22 08:50:00,23,0,
SR101976,cambio_plan,call_center,,,,solucionado,2026-06-21 15:00:00,2026-06-21 15:00:00,23,12,
TC103087,soporte_remoto,call_center,internet,LENTITUD E INTERMITENCIA,,solucionado,2026-06-22 09:05:00,2026-06-22 09:05:00,11,2,
C103088,soporte_remoto,whatsapp,tv,FALLAS CON LA TV,,solucionado,2026-06-22 09:05:00,2026-06-22 10:15:00,13,0,
VG103089,soporte_remoto,call_center,internet_tv,LENTITUD E INTERMITENCIA,,solucionado,2026-06-22 09:05:00,2026-06-22 10:25:00,6,0,
DQ103090,soporte_remoto,call_center,internet_tv,LENTITUD E INTERMITENCIA,,solucionado,2026-06-22 09:05:00,2026-06-22 09:10:00,,2,
TC100655,sin_internet,whatsapp,internet,,FALLA DE FIBRA,solucionado,2026-06-22 09:30:00,2026-06-22 11:20:00,0,0,
SR103091,soporte_remoto,call_center,internet,LENTITUD E INTERMITENCIA,,solucionado,2026-06-22 09:35:00,2026-06-22 09:55:00,5,2,
TC100656,sin_internet,call_center,internet,,BLOQUEO DE EQUIPO,solucionado,2026-06-22 09:45:00,2026-06-22 12:10:00,0,0,
SR101937,soporte_remoto,call_center,internet,LENTITUD E INTERMITENCIA,,seguimiento,2026-06-22 09:50:00,,5,0,
C103092,soporte_remoto,whatsapp,internet,LENTITUD E INTERMITENCIA,,solucionado,2026-06-22 09:50:00,2026-06-22 09:50:00,11,2,
SR103093,soporte_remoto,call_center,internet_tv,LENTITUD E INTERMITENCIA,,solucionado,2026-06-22 10:20:00,2026-06-22 15:50:00,5,2,
C102618,cambio_plan,call_center,,,,pendiente,2026-06-22 10:20:00,,8,,
VG103094,soporte_remoto,call_center,internet_tv,LENTITUD E INTERMITENCIA,,solucionado,2026-06-22 10:25:00,2026-06-22 17:55:00,6,2,
TC103095,soporte_remoto,whatsapp,tv,PROGRAMACIÓN DE TV,,cerrado_sin_contacto,2026-06-22 10:25:00,,0,0,
C103096,soporte_remoto,whatsapp,internet,LENTITUD E INTERMITENCIA,,solucionado,2026-06-22 10:25:00,2026-06-22 10:50:00,11,2,
VG100657,sin_internet,call_center,internet,,WIFI DESACTIVADO,solucionado,2026-06-22 10:35:00,2026-06-22 11:55:00,6,0,
SG103356,cambio_titular,caja,,,,pendiente,2026-06-22 10:45:00,,3,5,
DQ103097,soporte_remoto,whatsapp,tv,SIN SEÑAL DE TV,,solucionado,2026-06-22 11:20:00,2026-06-23 10:35:00,5,2,
TCF103098,soporte_remoto,call_center,internet,LENTITUD E INTERMITENCIA,,solucionado,2026-06-22 11:30:00,2026-06-22 15:30:00,10,0,
SG100658,sin_internet,call_center,internet,,WIFI DESACTIVADO,solucionado,2026-06-22 12:00:00,2026-06-23 11:50:00,3,0,
DQ103099,soporte_remoto,whatsapp,tv,FALLAS CON LA TV,,solucionado,2026-06-22 12:15:00,2026-06-23 10:35:00,4,2,
DQ101822,soporte_remoto,call_center,internet,LENTITUD E INTERMITENCIA,,solucionado,2026-06-22 12:15:00,2026-06-23 10:35:00,4,2,
TCF103100,soporte_remoto,call_center,internet,LENTITUD E INTERMITENCIA,,cerrado_sin_contacto,2026-06-22 12:15:00,2026-06-22 15:55:00,22,0,
TC103101,soporte_remoto,whatsapp,internet_tv,LENTITUD E INTERMITENCIA,,cerrado_sin_contacto,2026-06-22 13:00:00,2026-06-22 15:55:00,5,0,
TC103102,soporte_remoto,call_center,tv,SIN SEÑAL DE TV,,solucionado,2026-06-22 13:30:00,2026-06-22 16:10:00,7,0,
DQ102257,cambio_plan,call_center,,,,pendiente,2026-06-22 14:40:00,,4,,
DQ103103,soporte_remoto,call_center,internet,LENTITUD E INTERMITENCIA,,cerrado_sin_contacto,2026-06-22 15:05:00,2026-06-23 09:25:00,19,2,
C103104,soporte_remoto,whatsapp,tv,CANALES LLUVIOSOS/PIXELADOS,,cerrado_sin_contacto,2026-06-22 15:15:00,2026-06-22 16:25:00,13,0,
SG103105,soporte_remoto,call_center,internet,LENTITUD E INTERMITENCIA,,solucionado,2026-06-22 15:30:00,2026-06-23 11:10:00,3,2,
SR102227,soporte_remoto,call_center,internet,LENTITUD E INTERMITENCIA,,cerrado_sin_contacto,2026-06-22 16:00:00,2026-06-23 11:00:00,1,2,
VG100659,sin_internet,call_center,internet,,MTU 1500,solucionado,2026-06-22 16:15:00,2026-06-23 12:10:00,6,0,
CH101481,soporte_remoto,caja,internet,LENTITUD E INTERMITENCIA,,solucionado,2026-06-22 16:20:00,2026-06-23 11:30:00,2,2,
SR104112,cambio_titular,whatsapp,,,,pendiente,2026-06-22 16:45:00,,14,5,
SR103106,soporte_remoto,whatsapp,tv,CANALES LLUVIOSOS/PIXELADOS,,solucionado,2026-06-22 16:50:00,2026-06-23 11:45:00,1,2,
SG103107,soporte_remoto,call_center,tv,CANALES INTERMITENTES,,solucionado,2026-06-22 17:00:00,2026-06-22 17:35:00,3,0,
TC103919,cambio_plan,caja,,,,solucionado,2026-06-22 17:15:00,2026-06-23 11:05:00,0,3,
DQ103920,cambio_plan,caja,,,,solucionado,2026-06-22 17:15:00,2026-06-22 17:20:00,23,12,
SR103108,soporte_remoto,call_center,internet,LENTITUD E INTERMITENCIA,,cerrado_sin_contacto,2026-06-22 17:20:00,2026-06-22 17:55:00,1,0,
DQ103921,cambio_plan,call_center,,,,pendiente,2026-06-22 18:00:00,,4,,
DQ103109,soporte_remoto,call_center,internet,LENTITUD E INTERMITENCIA,,solucionado,2026-06-22 18:15:00,2026-06-23 10:55:00,27,2,
TCF103110,soporte_remoto,whatsapp,internet,LENTITUD E INTERMITENCIA,,solucionado,2026-06-22 18:15:00,2026-06-23 16:50:00,10,0,
TC103116,soporte_remoto,whatsapp,internet,LENTITUD E INTERMITENCIA,,solucionado,2026-06-23 09:05:00,2026-06-24 12:15:00,19,2,
SR103922,cambio_plan,call_center,,,,pendiente,2026-06-23 09:55:00,,1,,
C100660,sin_internet,whatsapp,internet,,,pendiente,2026-06-23 10:10:00,,13,0,
DQ102366,soporte_remoto,call_center,tv,SIN SEÑAL DE TV,,solucionado,2026-06-23 10:55:00,2026-06-23 11:45:00,12,2,
SG100661,sin_internet,call_center,internet,,NIVELES CRÍTICOS,solucionado,2026-06-23 11:30:00,2026-06-23 12:35:00,3,0,
C103111,soporte_remoto,whatsapp,tv,CANALES LLUVIOSOS/PIXELADOS,,solucionado,2026-06-23 11:35:00,2026-06-23 17:05:00,34,0,
DQ103923,cambio_plan,call_center,,,,solucionado,2026-06-23 12:00:00,2026-06-24 10:30:00,20,9,
C103112,soporte_remoto,call_center,internet,STREAMING CON FALLAS,,solucionado,2026-06-23 14:05:00,2026-06-24 11:45:00,15,2,
SG103113,soporte_remoto,whatsapp,internet,LENTITUD E INTERMITENCIA,,pendiente,2026-06-23 15:10:00,,3,0,
TC103114,soporte_remoto,call_center,tv,PROGRAMACIÓN DE TV,,solucionado,2026-06-23 15:30:00,2026-06-23 17:55:00,5,2,
TC103115,soporte_remoto,whatsapp,internet_tv,LENTITUD E INTERMITENCIA,,solucionado,2026-06-23 15:45:00,2026-06-23 15:45:00,11,2,
SG102161,cambio_plan,whatsapp,,,,solucionado,2026-06-23 16:20:00,2026-06-24 12:10:00,3,3,
VG102673,soporte_remoto,whatsapp,internet_tv,LENTITUD E INTERMITENCIA,,solucionado,2026-06-23 16:30:00,2026-06-24 12:05:00,7,2,
TC100662,sin_internet,whatsapp,internet,,,solucionado,2026-06-24 09:20:00,2026-06-24 10:00:00,5,4,
VG102416,cambio_plan,caja,,,,solucionado,2026-06-24 09:50:00,2026-06-25 10:15:00,7,3,
DQ102594,soporte_remoto,call_center,internet,LENTITUD E INTERMITENCIA,,solucionado,2026-06-24 09:55:00,2026-06-24 12:25:00,12,2,
TCF103117,soporte_remoto,whatsapp,internet,LENTITUD E INTERMITENCIA,,cerrado_sin_contacto,2026-06-24 09:55:00,2026-06-24 12:35:00,11,2,
C103118,soporte_remoto,call_center,internet,LENTITUD E INTERMITENCIA,,solucionado,2026-06-24 10:10:00,2026-06-24 12:45:00,11,2,
SG103924,cambio_plan,call_center,,,,solucionado,2026-06-24 10:15:00,2026-06-24 10:45:00,20,9,
DQ103925,cambio_plan,whatsapp,,,,pendiente,2026-06-24 10:15:00,,19,,
TCF103926,cambio_plan,call_center,,,,pendiente,2026-06-24 10:40:00,,10,,
TC103119,soporte_remoto,caja,internet_tv,LENTITUD E INTERMITENCIA,,solucionado,2026-06-24 11:00:00,2026-06-24 13:30:00,5,2,
TC103120,soporte_remoto,call_center,internet,LENTITUD E INTERMITENCIA,,solucionado,2026-06-24 11:15:00,2026-06-24 18:00:00,16,1,
VG100663,sin_internet,whatsapp,internet,,,solucionado,2026-06-24 11:25:00,2026-06-24 16:00:00,7,4,
TCF103121,soporte_remoto,call_center,internet_tv,LENTITUD E INTERMITENCIA,,solucionado,2026-06-24 11:40:00,2026-06-24 13:30:00,10,2,
SG100632,soporte_remoto,whatsapp,internet,LENTITUD E INTERMITENCIA,,solucionado,2026-06-24 12:10:00,2026-06-24 12:55:00,3,2,
SR103122,soporte_remoto,call_center,internet,LENTITUD E INTERMITENCIA,,cerrado_sin_contacto,2026-06-24 12:30:00,2026-06-24 16:30:00,1,2,
AL103138,soporte_remoto,call_center,tv,CANALES INTERMITENTES,,solucionado,2026-06-24 14:00:00,2026-06-25 12:50:00,5,2,
TC100664,sin_internet,caja,internet,,,solucionado,2026-06-24 14:20:00,2026-06-24 16:20:00,18,4,
CH100344,soporte_remoto,whatsapp,internet,LENTITUD E INTERMITENCIA,,solucionado,2026-06-24 14:40:00,2026-06-24 14:40:00,2,2,
TC103123,soporte_remoto,call_center,internet,LENTITUD E INTERMITENCIA,,seguimiento,2026-06-24 15:10:00,,18,1,
TC103124,soporte_remoto,call_center,tv,SIN SEÑAL DE TV,,solucionado,2026-06-24 15:15:00,2026-06-25 11:10:00,5,1,
CH103125,soporte_remoto,call_center,internet,LENTITUD E INTERMITENCIA,,solucionado,2026-06-24 15:30:00,2026-06-24 15:30:00,2,2,
VG103126,soporte_remoto,whatsapp,internet,LENTITUD E INTERMITENCIA,,solucionado,2026-06-24 16:25:00,2026-06-25 11:50:00,7,1,
SR100665,sin_internet,call_center,internet,,,pendiente,2026-06-24 16:50:00,,1,4,
DQ103127,soporte_remoto,call_center,internet,LENTITUD E INTERMITENCIA,,seguimiento,2026-06-24 16:50:00,,12,2,
DQ104113,cambio_titular,call_center,,,,pendiente,2026-06-24 17:25:00,,4,5,
TC103927,cambio_plan,whatsapp,,,,pendiente,2026-06-24 18:00:00,,27,,
DQ103128,soporte_remoto,call_center,internet,LENTITUD E INTERMITENCIA,,solucionado,2026-06-24 18:10:00,2026-06-25 13:10:00,23,2,
TC103129,soporte_remoto,call_center,internet,LENTITUD E INTERMITENCIA,,solucionado,2026-06-25 08:10:00,2026-06-25 16:10:00,18,2,
C100666,sin_internet,caja,internet,,FALLA MASIVA,pendiente,2026-06-25 09:10:00,,8,4,
SG100667,sin_internet,whatsapp,internet,,,pendiente,2026-06-25 10:10:00,,3,4,
SR101441,soporte_remoto,call_center,internet,LENTITUD E INTERMITENCIA,,cerrado_sin_contacto,2026-06-25 10:15:00,2026-06-25 14:30:00,1,2,
SG103928,cambio_plan,call_center,,,,pendiente,2026-06-25 10:15:00,,3,,
VG100671,sin_internet,call_center,internet,,FALLA MASIVA,solucionado,2026-06-25 10:20:00,2026-06-26 12:00:00,7,4,
SR103130,soporte_remoto,whatsapp,tv,SIN SEÑAL DE TV,,solucionado,2026-06-25 10:20:00,2026-06-25 12:25:00,1,1,
VG100672,sin_internet,call_center,internet,,FALLA MASIVA,solucionado,2026-06-25 10:25:00,2026-06-26 12:00:00,7,4,
C103131,soporte_remoto,call_center,internet,ERROR EN INGRESO A PÁGINAS,,seguimiento,2026-06-25 10:25:00,,13,2,
C103929,cambio_plan,call_center,,,,pendiente,2026-06-25 11:00:00,,13,,
C103929,cambio_titular,whatsapp,,,,pendiente,2026-06-25 11:00:00,,13,5,
C103132,soporte_remoto,call_center,internet,LENTITUD E INTERMITENCIA,,cerrado_sin_contacto,2026-06-25 11:15:00,2026-06-25 16:50:00,15,2,
SR103930,cambio_plan,whatsapp,,,,pendiente,2026-06-25 11:30:00,,1,,
C100668,sin_internet,whatsapp,internet,,,pendiente,2026-06-25 11:55:00,,8,4,
DQ103133,soporte_remoto,call_center,internet,LENTITUD E INTERMITENCIA,,solucionado,2026-06-25 11:55:00,2026-06-25 16:50:00,4,2,
TC103134,soporte_remoto,caja,tv,PROGRAMACIÓN DE TV,,cerrado_sin_contacto,2026-06-25 11:55:00,2026-06-25 12:40:00,0,1,
DQ103135,soporte_remoto,call_center,internet,LENTITUD E INTERMITENCIA,,solucionado,2026-06-25 13:00:00,2026-06-25 13:00:00,12,2,
DQ101360,soporte_remoto,call_center,internet,LENTITUD E INTERMITENCIA,,solucionado,2026-06-25 13:00:00,2026-06-25 13:00:00,12,2,
DQ100669,sin_internet,call_center,internet,,,pendiente,2026-06-25 13:15:00,,10,4,
SR103136,soporte_remoto,whatsapp,internet,LENTITUD E INTERMITENCIA,,cerrado_sin_contacto,2026-06-25 13:20:00,2026-06-25 17:10:00,1,1,
VG103137,soporte_remoto,call_center,internet,LENTITUD E INTERMITENCIA,,solucionado,2026-06-25 13:20:00,2026-06-25 13:20:00,7,2,
TC103139,soporte_remoto,whatsapp,internet,PROBLEMAS CON CÁMARAS/DVR,,pendiente,2026-06-25 14:15:00,,5,0,
DQ103140,soporte_remoto,call_center,internet,HABILITACIÓN DE PUERTOS,,seguimiento,2026-06-25 14:35:00,,16,4,
CH103141,soporte_remoto,call_center,internet,LENTITUD E INTERMITENCIA,,solucionado,2026-06-25 14:45:00,2026-06-26 16:45:00,2,2,
C100325,sin_internet,call_center,internet,,,pendiente,2026-06-25 14:50:00,,8,4,
DQ100413,soporte_remoto,call_center,internet,LENTITUD E INTERMITENCIA,,solucionado,2026-06-25 15:05:00,2026-06-25 17:40:00,4,1,
C100670,sin_internet,whatsapp,internet,,,solucionado,2026-06-25 15:55:00,2026-06-25 16:35:00,8,4,
DQ103931,cambio_plan,call_center,,,,pendiente,2026-06-25 18:00:00,,4,,
C103142,soporte_remoto,call_center,internet,LENTITUD E INTERMITENCIA,,pendiente,2026-06-26 08:45:00,,8,2,
DQ100269,soporte_remoto,call_center,internet,LENTITUD E INTERMITENCIA,,seguimiento,2026-06-26 08:45:00,,11,2,
TC103143,soporte_remoto,call_center,internet_tv,LENTITUD E INTERMITENCIA,,solucionado,2026-06-26 09:10:00,2026-06-26 09:50:00,0,2,
C103932,cambio_plan,call_center,,,,pendiente,2026-06-26 09:10:00,,15,,
DQ103144,soporte_remoto,call_center,internet,LENTITUD E INTERMITENCIA,,solucionado,2026-06-26 09:15:00,2026-06-26 09:15:00,11,2,
VG100366,cambio_titular,whatsapp,,,,pendiente,2026-06-26 09:35:00,,7,,
SR100628,soporte_remoto,whatsapp,tv,FALLAS CON LA TV,,cerrado_sin_contacto,2026-06-26 09:45:00,2026-06-26 12:25:00,1,2,
SR103145,soporte_remoto,call_center,tv,CANALES LLUVIOSOS/PIXELADOS,,seguimiento,2026-06-26 10:05:00,,1,1,
SR101873,soporte_remoto,call_center,internet,CANALES LLUVIOSOS/PIXELADOS,,cerrado_sin_contacto,2026-06-26 10:30:00,2026-06-26 12:50:00,1,1,
SR102786,soporte_remoto,call_center,internet,LENTITUD E INTERMITENCIA,,solucionado,2026-06-26 10:35:00,2026-06-26 12:15:00,1,2,
SR103146,soporte_remoto,call_center,internet,LENTITUD E INTERMITENCIA,,seguimiento,2026-06-26 10:40:00,,1,2,
C100673,sin_internet,call_center,internet,,,solucionado,2026-06-26 10:50:00,2026-06-26 13:30:00,15,4,
C100674,sin_internet,whatsapp,internet,,,pendiente,2026-06-26 11:05:00,,8,4,
SR103147,soporte_remoto,caja,internet,LENTITUD E INTERMITENCIA,,seguimiento,2026-06-26 11:05:00,,1,2,
VG100675,sin_internet,call_center,internet,,FALLA MASIVA,solucionado,2026-06-26 11:15:00,2026-06-26 11:15:00,7,4,
TC103148,soporte_remoto,call_center,internet,LENTITUD E INTERMITENCIA,,cerrado_sin_contacto,2026-06-26 12:40:00,2026-06-30 13:10:00,30,2,
DQ103149,soporte_remoto,whatsapp,internet_tv,LENTITUD E INTERMITENCIA,,pendiente,2026-06-26 13:15:00,,4,0,
DQ101781,soporte_remoto,call_center,tv,LENTITUD E INTERMITENCIA,,solucionado,2026-06-26 13:15:00,2026-06-30 09:20:00,4,0,
VG103933,cambio_plan,caja,,,,pendiente,2026-06-26 13:55:00,,7,,
SG103934,cambio_plan,whatsapp,,,,pendiente,2026-06-26 14:00:00,,3,,
VG100676,sin_internet,whatsapp,internet,,,pendiente,2026-06-26 14:15:00,,7,4,
CH102222,soporte_remoto,call_center,internet_tv,LENTITUD E INTERMITENCIA,,solucionado,2026-06-26 14:15:00,2026-06-30 09:30:00,2,0,
TC102541,cambio_plan,caja,,,,pendiente,2026-06-26 14:15:00,,27,,
CH101498,soporte_remoto,call_center,internet,LENTITUD E INTERMITENCIA,,pendiente,2026-06-26 14:50:00,,2,2,
DQ103150,soporte_remoto,call_center,internet,PROBLEMAS CON TEST DE VELOCIDAD,,solucionado,2026-06-26 15:00:00,2026-06-26 17:00:00,16,2,
C103151,soporte_remoto,call_center,internet,STREAMING CON FALLAS,,pendiente,2026-06-26 15:15:00,,13,0,
SR100677,sin_internet,call_center,internet,,,pendiente,2026-06-26 16:05:00,,1,4,
TC103152,soporte_remoto,whatsapp,internet,LENTITUD E INTERMITENCIA,,pendiente,2026-06-26 16:10:00,,18,0,
CH100247,sin_internet,call_center,internet,,,pendiente,2026-06-26 16:15:00,,2,4,
TC100678,sin_internet,call_center,internet,,,pendiente,2026-06-26 16:15:00,,10,,
SR103153,soporte_remoto,whatsapp,tv,CANALES LLUVIOSOS/PIXELADOS,,pendiente,2026-06-26 16:20:00,,1,0,
DQ102945,soporte_remoto,whatsapp,internet,LENTITUD E INTERMITENCIA,,pendiente,2026-06-26 16:25:00,,4,0,
C103154,soporte_remoto,call_center,internet,LENTITUD E INTERMITENCIA,,pendiente,2026-06-26 16:40:00,,8,2,
C103155,soporte_remoto,call_center,internet,LENTITUD E INTERMITENCIA,,pendiente,2026-06-26 16:40:00,,8,2,
CH101213,soporte_remoto,whatsapp,internet,LENTITUD E INTERMITENCIA,,pendiente,2026-06-26 16:50:00,,2,2,
DQ103156,soporte_remoto,call_center,internet,LENTITUD E INTERMITENCIA,,solucionado,2026-06-26 17:00:00,2026-06-26 17:10:00,11,2,
TC103157,soporte_remoto,call_center,internet,LENTITUD E INTERMITENCIA,,solucionado,2026-06-26 17:00:00,2026-06-26 17:10:00,11,2,
TC103158,soporte_remoto,call_center,tv,CANALES LLUVIOSOS/PIXELADOS,,pendiente,2026-06-26 17:15:00,,0,0,
C101056,cambio_plan,caja,,,,pendiente,2026-06-26 17:25:00,,13,,
SG103868,cambio_plan,call_center,,,,pendiente,2026-06-26 17:25:00,,3,,
SR101199,cambio_plan,call_center,,,,pendiente,2026-06-26 17:30:00,,14,,
TC103159,soporte_remoto,call_center,internet,HABILITACIÓN DE PUERTOS,,seguimiento,2026-06-27 13:45:00,,19,4,
TC100963,soporte_remoto,call_center,internet,LENTITUD E INTERMITENCIA,,pendiente,2026-06-27 15:10:00,,16,2,
C103160,soporte_remoto,whatsapp,internet,LENTITUD E INTERMITENCIA,,pendiente,2026-06-27 16:05:00,,19,2,
TC103935,cambio_plan,whatsapp,,,,pendiente,2026-06-27 16:30:00,,28,,
TC103161,soporte_remoto,whatsapp,internet,LENTITUD E INTERMITENCIA,,pendiente,2026-06-29 11:55:00,,19,2,
TC103162,soporte_remoto,call_center,tv,FALLAS CON LA TV,,pendiente,2026-06-29 15:00:00,,19,0,
SR102327,soporte_remoto,caja,tv,CANALES LLUVIOSOS/PIXELADOS,,pendiente,2026-06-30 08:15:00,,1,0,
VG103163,soporte_remoto,call_center,,,,pendiente,2026-06-30 08:35:00,,7,,
DQ101962,soporte_remoto,whatsapp,internet_tv,LENTITUD E INTERMITENCIA,,seguimiento,2026-06-30 08:40:00,,11,2,
TC103164,soporte_remoto,call_center,internet_tv,LENTITUD E INTERMITENCIA,,solucionado,2026-06-30 09:00:00,2026-06-30 09:00:00,11,2,
SR101374,soporte_remoto,whatsapp,internet,LENTITUD E INTERMITENCIA,,pendiente,2026-06-30 09:00:00,,1,0,
CH100721,soporte_remoto,whatsapp,internet,LENTITUD E INTERMITENCIA,,pendiente,2026-06-30 09:05:00,,2,2,
TC103165,soporte_remoto,whatsapp,internet,LENTITUD E INTERMITENCIA,,solucionado,2026-06-30 09:05:00,2026-06-30 09:05:00,11,2,
TC102336,soporte_remoto,whatsapp,internet_tv,LENTITUD E INTERMITENCIA,,pendiente,2026-06-30 09:15:00,,18,0,
SR103166,soporte_remoto,whatsapp,internet,LENTITUD E INTERMITENCIA,,pendiente,2026-06-30 09:25:00,,1,2,
TC103167,soporte_remoto,whatsapp,internet,LENTITUD E INTERMITENCIA,,pendiente,2026-06-30 09:25:00,,0,0,
SG103168,soporte_remoto,caja,internet,ERROR EN INGRESO A PÁGINAS,,pendiente,2026-06-30 09:25:00,,9,2,
SR103169,soporte_remoto,whatsapp,internet_tv,LENTITUD E INTERMITENCIA,,pendiente,2026-06-30 09:35:00,,1,,
TCF102874,soporte_remoto,call_center,internet,LENTITUD E INTERMITENCIA,,solucionado,2026-07-03 12:45:00,2026-07-03 12:45:00,21,0,
SG102901,soporte_remoto,call_center,internet,LENTITUD E INTERMITENCIA,,solucionado,2026-07-05 10:00:00,2026-07-05 10:00:00,3,2,
TC102955,soporte_remoto,whatsapp,tv,PROGRAMACIÓN DE TV,,solucionado,2026-07-09 13:40:00,,5,0,
SR102956,soporte_remoto,call_center,internet_tv,LENTITUD E INTERMITENCIA,,solucionado,2026-07-09 14:00:00,2026-07-09 14:00:00,1,2,
SG102971,soporte_remoto,whatsapp,internet,PROBLEMAS CON TEST DE VELOCIDAD,,solucionado,2026-07-10 08:25:00,2026-07-10 08:25:00,3,2,
SR100680,soporte_remoto,caja,internet_tv,PROBLEMAS CON CÁMARAS/DVR,,cancelado,2026-09-29 14:35:00,2026-09-29 14:35:00,1,4,
