codigo_abonado,cedula,nombre,telefono
TCF100000,1090000000,"Magnolia Ospina Hincapié",3105000000
C100001,1090000001,"Carmenza Rodas Wilches",3105000001
SG100002,1090000002,"Sebastián González Ceballos",3105000002
SG100003,1090000003,"Mónica Osorio Patiño",3105000003
TC100004,1090000004,"Óscar Sánchez Peláez",3105000004
TC100005,1090000005,"Mario Betancur Ceballos",3105000005
TC100006,1090000006,"Amparo Agudelo Quiceno",3105000006
DQ100007,1090000007,"Vicente Toro Loaiza",3105000007
DQ100008,1090000008,"Cristian Betancur Ibarra",3105000008
SG100009,1090000009,"Yolanda Muñoz Wilches",3105000009
SG100010,1090000010,"Stella Rincón Jaramillo",3105000010
SR100011,1090000011,"Nubia London Osorio",3105000011
DQ100012,1090000012,"Rocío Betancur Velásquez",3105000012
TC100013,1090000013,"Paula Pareja Franco",3105000013
C100014,1090000014,"Francisco Naranjo Palacio",3105000014
C100015,1090000015,"Salomé Cardona London",3105000015
C100016,1090000016,"Jaime Ortiz Salazar",3105000016
TC100017,1090000017,"Diego Betancur Rivera",3105000017
DQ100018,1090000018,"Raquel Galvis Cortés",3105000018
TC100019,1090000019,"Leonardo Orozco Acevedo",3105000019
DQ100020,1090000020,"Martha Jaramillo Loaiza",3105000020
DQ100021,1090000021,"Hernán Sepúlveda Higuita",3105000021
DQ100022,1090000022,"Diego Vásquez Gutiérrez",3105000022
TC100023,1090000023,"Patricia Soto Rodas",3105000023
TC100024,1090000024,"Paula Montoya Velásquez",3105000024
TC100025,1090000025,"Tomás Palacio Osorio",3105000025
DQ100026,1090000026,"Camila Espinal Carmona",3105000026
TC100027,1090000027,"Jimena Wilches Ortiz",3105000027
DQ100028,1090000028,"César Mesa Aristizábal",3105000028
DQ100029,1090000029,"Marcela Ceballos Buitrago",3105000029
VG100030,1090000030,"Tomás Galvis Alzate",3105000030
DQ100031,1090000031,"Helena Zapata Cifuentes",3105000031
TC100032,1090000032,"Vicente Cardona Toro",3105000032
TC100033,1090000033,"Óscar Cifuentes Hoyos",3105000033
SR100034,1090000034,"Beatriz Toro Cortés",3105000034
DQ100035,1090000035,"Darío Hincapié Toro",3105000035
DQ100036,1090000036,"Inés Gallego Sánchez",3105000036
TC100037,1090000037,"Darío Ríos Ochoa",3105000037
DQ100038,1090000038,"Isabel Trujillo Buitrago",3105000038
DQ100039,1090000039,"Manuel Escobar Henao",3105000039
DQ100040,1090000040,"Elkin Orozco Duque",3105000040
TCF100041,1090000041,"Pedro Uribe Gallego",3105000041
TC100042,1090000042,"Elkin Restrepo Ospina",3105000042
SR100043,1090000043,"Carmenza Montoya Buitrago",3105000043
DQ100044,1090000044,"Mauricio Bedoya Jaramillo",3105000044
CH100045,1090000045,"Diana Acevedo Cortés",3105000045
DQ100046,1090000046,"Rafael Agudelo Quintero",3105000046
DQ100047,1090000047,"Stella Villa Loaiza",3105000047
CH100048,1090000048,"Javier Aristizábal Alzate",3105000048
SR100049,1090000049,"Rosalba Moreno Palacio",3105000049
SR100050,1090000050,"Lucía Ospina Estrada",3105000050
C100051,1090000051,"Bernardo Uribe Rojas",3105000051
TC100052,1090000052,"Luis Herrera Ríos",3105000052
CH100053,1090000053,"Ángela Pareja Gutiérrez",3105000053
DQ100054,1090000054,"Alberto Hincapié Alzate",3105000054
CH100055,1090000055,"Rubén García Villa",3105000055
C100056,1090000056,"Paula Mejía Quintero",3105000056
SR100057,1090000057,"Leonardo Galvis Jaramillo",3105000057
C100058,1090000058,"César Ramírez Ríos",3105000058
SR100059,1090000059,"Rubén Estrada Marín",3105000059
DQ100060,1090000060,"Teresa Alzate Ramírez",3105000060
DQ100061,1090000061,"César Rivera Duque",3105000061
VG100062,1090000062,"Leticia Cardona Ceballos",3105000062
VG100063,1090000063,"Gabriela Ortiz Espinal",3105000063
DQ100064,1090000064,"Natalia Ocampo Escobar",3105000064
TCF100065,1090000065,"Jimena Wilches Franco",3105000065
TC100066,1090000066,"Alejandra Ortiz Guarín",3105000066
TCF100067,1090000067,"Esteban Gutiérrez Noreña",3105000067
DQ100068,1090000068,"Patricia Morales Buitrago",3105000068
C100069,1090000069,"Elena Trujillo Hoyos",3105000069
DQ100070,1090000070,"Emilse Ospina Aristizábal",3105000070
CH100071,1090000071,"Óscar Tabares Montoya",3105000071
TC100072,1090000072,"Manuel Aristizábal Arredondo",3105000072
CH100073,1090000073,"Norberto Zapata Echeverri",3105000073
C100074,1090000074,"Germán Velásquez Quintero",3105000074
SR100075,1090000075,"Emilse Restrepo Loaiza",3105000075
SR100076,1090000076,"Fernando Salazar Toro",3105000076
DQ100077,1090000077,"Elkin Guarín Ochoa",3105000077
VG100078,1090000078,"Ignacio Uribe Carmona",3105000078
DQ100079,1090000079,"Vicente Henao Jaramillo",3105000079
TC100080,1090000080,"Elkin Correa Espinal",3105000080
C100081,1090000081,"Germán Hincapié Marín",3105000081
DQ100082,1090000082,"Sofía Noreña Mesa",3105000082
CH100083,1090000083,"Inés Sánchez Escobar",3105000083
VG100084,1090000084,"Raquel Villa Muñoz",3105000084
DQ100085,1090000085,"Stella Vargas Pareja",3105000085
TC100086,1090000086,"Rafael Ochoa Rincón",3105000086
CH100087,1090000087,"Rosalba Ortiz Jaramillo",3105000087
SR100088,1090000088,"Beatriz Sánchez Ochoa",3105000088
C100089,1090000089,"Lorena Zapata Arredondo",3105000089
CH100090,1090000090,"Jimena Uribe Herrera",3105000090
CH100091,1090000091,"Gustavo Castaño Echeverri",3105000091
TC100092,1090000092,"Dolores Mesa Palacio",3105000092
TC100093,1090000093,"Natalia Agudelo López",3105000093
DQ100094,1090000094,"Iván Quiceno Mejía",3105000094
CH100095,1090000095,"Yolanda Ramírez Sepúlveda",3105000095
VG100096,1090000096,"Alonso Loaiza Noreña",3105000096
CH100097,1090000097,"Rubén Espinal Agudelo",3105000097
TC100098,1090000098,"Ignacio López Gómez",3105000098
VG100099,1090000099,"Diana Carmona Osorio",3105000099
CH100100,1090000100,"Raquel Vanegas Gutiérrez",3105000100
VG100101,1090000101,"Mario Echeverri Posada",3105000101
SG100102,1090000102,"Fernando Ochoa Vanegas",3105000102
SG100103,1090000103,"Edilma Vargas Wilches",3105000103
CH100104,1090000104,"Sebastián Marín Pareja",3105000104
CH100105,1090000105,"Alberto Castaño Ceballos",3105000105
DQ100106,1090000106,"Fanny Ceballos Ortiz",3105000106
TC100107,1090000107,"Gloria Betancur Castaño",3105000107
DQ100108,1090000108,"Silvia Ospina Sánchez",3105000108
SG100109,1090000109,"Beatriz Escobar Cortés",3105000109
VG100110,1090000110,"Bernardo Gutiérrez London",3105000110
CH100111,1090000111,"Sofía Peláez Henao",3105000111
SR100112,1090000112,"Beatriz Giraldo Ortiz",3105000112
SG100113,1090000113,"Sebastián Correa Ramírez",3105000113
TC100114,1090000114,"Vicente Posada Correa",3105000114
TC100115,1090000115,"Beatriz Henao Gómez",3105000115
DQ100116,1090000116,"Mario Henao Jaramillo",3105000116
DQ100117,1090000117,"Óscar Sánchez Ortiz",3105000117
VG100118,1090000118,"Teresa Arango Vanegas",3105000118
VG100119,1090000119,"César Cifuentes Ospina",3105000119
SR100120,1090000120,"Héctor Higuita Duque",3105000120
TC100121,1090000121,"Rosalba Ochoa Cortés",3105000121
TCF100122,1090000122,"Adriana Morales Cortés",3105000122
TCF100123,1090000123,"Edilma Noreña Toro",3105000123
DQ100124,1090000124,"Darío Hoyos Toro",3105000124
CH100125,1090000125,"Alonso Salazar Palacio",3105000125
SR100126,1090000126,"Josefina Velásquez Vargas",3105000126
C100127,1090000127,"Rafael Castaño Wilches",3105000127
DQ100128,1090000128,"Stella Gómez Aristizábal",3105000128
TC100129,1090000129,"Adriana Moreno Restrepo",3105000129
CH100130,1090000130,"César Agudelo Uribe",3105000130
TCF100131,1090000131,"Ernesto Naranjo Guarín",3105000131
TCF100132,1090000132,"Flor Orozco Espinal",3105000132
TCF100133,1090000133,"Sebastián Arredondo Pérez",3105000133
SG100134,1090000134,"Edilma Uribe Arredondo",3105000134
VG100135,1090000135,"Amparo Loaiza Bedoya",3105000135
SG100136,1090000136,"Emilse Rivera Ocampo",3105000136
VG100137,1090000137,"Óscar Soto Restrepo",3105000137
SG100138,1090000138,"Estela Montoya Trujillo",3105000138
SR100139,1090000139,"Alejandra Higuita Marín",3105000139
C100140,1090000140,"Hernán González Trujillo",3105000140
TCF100141,1090000141,"Esteban Carmona Wilches",3105000141
TC100142,1090000142,"Jaime Espinal Villa",3105000142
C100143,1090000143,"Juliana Gómez Naranjo",3105000143
DQ100144,1090000144,"Lucía Estrada Bedoya",3105000144
TC100145,1090000145,"Ramiro Uribe Grajales",3105000145
TC100146,1090000146,"Sebastián Acevedo Duque",3105000146
SR100147,1090000147,"Francisco Tabares Patiño",3105000147
SG100148,1090000148,"Emilse Ospina Estrada",3105000148
DQ100149,1090000149,"Ignacio Villa Noreña",3105000149
TC100150,1090000150,"Alonso Arango Castaño",3105000150
TCF100151,1090000151,"Estela Rivera Henao",3105000151
TCF100152,1090000152,"Aníbal Arango Sánchez",3105000152
SG100153,1090000153,"Diego Aristizábal Salazar",3105000153
TC100154,1090000154,"Stella Toro Ochoa",3105000154
DQ100155,1090000155,"Adriana Pareja Galvis",3105000155
DQ100156,1090000156,"Stella Rivera Tabares",3105000156
SR100157,1090000157,"Gabriela Mejía Ramírez",3105000157
C100158,1090000158,"Manuel Herrera Franco",3105000158
SR100159,1090000159,"Germán Escobar Aristizábal",3105000159
DQ100160,1090000160,"Carmenza González Noreña",3105000160
TC100161,1090000161,"Sandra Mesa Osorio",3105000161
DQ100162,1090000162,"Mauricio Carmona Bedoya",3105000162
VG100163,1090000163,"Leonardo López Loaiza",3105000163
DQ100164,1090000164,"Samuel Arredondo Cifuentes",3105000164
VG100165,1090000165,"Alberto Herrera Pérez",3105000165
VG100166,1090000166,"Ernesto Salazar London",3105000166
TCF100167,1090000167,"Carlos Pareja Patiño",3105000167
TCF100168,1090000168,"Stella Uribe Gutiérrez",3105000168
C100169,1090000169,"Cristian Restrepo Escobar",3105000169
TC100170,1090000170,"Mónica Agudelo Moreno",3105000170
TC100171,1090000171,"Sebastián Posada London",3105000171
SG100172,1090000172,"Aníbal Estrada Vásquez",3105000172
VG100173,1090000173,"Samuel Ochoa Agudelo",3105000173
DQ100174,1090000174,"Salomé Vásquez Uribe",3105000174
C100175,1090000175,"Andrés Duque Higuita",3105000175
VG100176,1090000176,"Emilse Franco Vanegas",3105000176
VG100177,1090000177,"Carmenza Marín Giraldo",3105000177
TC100178,1090000178,"Rubén Quintero Betancur",3105000178
SR100179,1090000179,"Ángela Echeverri Rincón",3105000179
TC100180,1090000180,"Raquel Hoyos Guarín",3105000180
TC100181,1090000181,"Luis Alzate Hincapié",3105000181
SG100182,1090000182,"Helena González Grajales",3105000182
TC100183,1090000183,"Leonardo Muñoz Gómez",3105000183
DQ100184,1090000184,"Teresa Vanegas Velásquez",3105000184
SG100185,1090000185,"Inés Rincón González",3105000185
C100186,1090000186,"Rocío Castaño Bedoya",3105000186
TC100187,1090000187,"Iván Betancur Rodas",3105000187
SG100188,1090000188,"Edilma Gallego Quiceno",3105000188
SG100189,1090000189,"Adriana Mejía Ramírez",3105000189
TCF100190,1090000190,"Aníbal Ramírez Henao",3105000190
DQ100191,1090000191,"Duván Vanegas Vargas",3105000191
DQ100192,1090000192,"Cristian Mejía Osorio",3105000192
SG100193,1090000193,"Martha Restrepo Salazar",3105000193
DQ100194,1090000194,"Stella Muñoz Carmona",3105000194
C100195,1090000195,"Carlos Ibarra Posada",3105000195
DQ100196,1090000196,"Lorena Salazar Buitrago",3105000196
TC100197,1090000197,"Rafael Gutiérrez González",3105000197
SG100198,1090000198,"Eduardo Sánchez Castaño",3105000198
TC100199,1090000199,"Carlos Velásquez Grajales",3105000199
TCF100200,1090000200,"Lucía Franco Carmona",3105000200
TC100201,1090000201,"Patricia Echeverri Herrera",3105000201
TC100202,1090000202,"Juliana Rodas Morales",3105000202
C100203,1090000203,"Raquel Echeverri Aristizábal",3105000203
TC100204,1090000204,"Octavio Guarín Salazar",3105000204
VG100205,1090000205,"Fabián Alzate Noreña",3105000205
SR100206,1090000206,"Bernardo Agudelo Villa",3105000206
C100207,1090000207,"Eduardo London Sánchez",3105000207
TC100208,1090000208,"Iván Franco Trujillo",3105000208
SR100209,1090000209,"Elena Franco Restrepo",3105000209
TC100210,1090000210,"Fabián Sepúlveda Velásquez",3105000210
TCF100211,1090000211,"Fernando Salazar Vanegas",3105000211
C100212,1090000212,"Elkin Giraldo Hincapié",3105000212
CH100213,1090000213,"Isabel Jaramillo Aristizábal",3105000213
DQ100214,1090000214,"Carlos Osorio Soto",3105000214
DQ100215,1090000215,"Estela Vásquez Naranjo",3105000215
CH100216,1090000216,"Gabriela Echeverri Acevedo",3105000216
CH100217,1090000217,"Duván Herrera Mejía",3105000217
TC100218,1090000218,"Isabel Peláez Marín",3105000218
VG100219,1090000219,"Leonardo Montoya Morales",3105000219
CH100220,1090000220,"Samuel Peláez Rincón",3105000220
TC100221,1090000221,"Inés García Espinal",3105000221
TCF100222,1090000222,"Elkin Salazar Cortés",3105000222
SR100223,1090000223,"Norberto Castaño Zapata",3105000223
CH100224,1090000224,"Rafael González Ocampo",3105000224
TC100225,1090000225,"Rosalba Toro Vásquez",3105000225
SR100226,1090000226,"Inés Gómez Wilches",3105000226
TCF100227,1090000227,"Edilma González Ochoa",3105000227
TC100228,1090000228,"Ricardo Trujillo Quiceno",3105000228
CH100229,1090000229,"Rodrigo Ibarra Mesa",3105000229
DQ100230,1090000230,"Rocío Morales Valencia",3105000230
C100231,1090000231,"Alberto Gallego López",3105000231
CH100232,1090000232,"Luis Villa Herrera",3105000232
CH100233,1090000233,"Raquel Trujillo Mesa",3105000233
VG100234,1090000234,"Inés Agudelo Patiño",3105000234
CH100235,1090000235,"Marcela Ibarra Acevedo",3105000235
TC100236,1090000236,"Bernardo Hincapié Tabares",3105000236
TC100237,1090000237,"Yolanda López Restrepo",3105000237
CH100238,1090000238,"Ángela Naranjo Cortés",3105000238
CH100239,1090000239,"Jimena Restrepo Marín",3105000239
CH100240,1090000240,"Juliana Carmona Ibarra",3105000240
DQ100241,1090000241,"Flor Wilches Muñoz",3105000241
TCF100242,1090000242,"Yolanda Ortiz Alzate",3105000242
CH100243,1090000243,"Patricia Ramírez Loaiza",3105000243
TC100244,1090000244,"Francisco Herrera Mesa",3105000244
SG100245,1090000245,"Vicente Noreña Sánchez",3105000245
C100246,1090000246,"Gloria Valencia Jaramillo",3105000246
CH100247,1090000247,"Daniela Loaiza Tabares",3105000247
TC100248,1090000248,"Bernardo Ramírez Ochoa",3105000248
TC100249,1090000249,"Yolanda Gallego González",3105000249
SR100250,1090000250,"Sofía Vargas Toro",3105000250
C100251,1090000251,"Aníbal Escobar Higuita",3105000251
TC100252,1090000252,"Lorena Peláez Franco",3105000252
TC100253,1090000253,"Mauricio Montoya Vásquez",3105000253
DQ100254,1090000254,"Ricardo Pareja Arredondo",3105000254
SR100255,1090000255,"Sandra Bedoya Ospina",3105000255
TC100256,1090000256,"Ricardo Acevedo Cortés",3105000256
TC100257,1090000257,"Magnolia Osorio Ochoa",3105000257
TC100258,1090000258,"Helena Espinal Ochoa",3105000258
TC100259,1090000259,"Vicente Aristizábal Marín",3105000259
SG100260,1090000260,"Rubén Noreña Escobar",3105000260
TC100261,1090000261,"Javier García Acevedo",3105000261
SR100262,1090000262,"Edilma Cifuentes Carmona",3105000262
TCF100263,1090000263,"Carlos Arango Hoyos",3105000263
DQ100264,1090000264,"Carmenza Higuita Morales",3105000264
DQ100265,1090000265,"Emilse Cifuentes Ortiz",3105000265
DQ100266,1090000266,"Adriana Moreno London",3105000266
TCF100267,1090000267,"Josefina Acevedo Agudelo",3105000267
SR100268,1090000268,"Helena Alzate Quiceno",3105000268
DQ100269,1090000269,"Darío Carmona Rincón",3105000269
VG100270,1090000270,"Lorena Pareja Gutiérrez",3105000270
VG100271,1090000271,"Mauricio Rincón Alzate",3105000271
VG100272,1090000272,"Stella Giraldo Sepúlveda",3105000272
VG100273,1090000273,"Rafael Morales Giraldo",3105000273
DQ100274,1090000274,"Iván Herrera Orozco",3105000274
SR100275,1090000275,"Leonardo Guarín London",3105000275
TC100276,1090000276,"César Escobar Salazar",3105000276
DQ100277,1090000277,"Sebastián Wilches Vanegas",3105000277
DQ100278,1090000278,"Ángela Naranjo Vargas",3105000278
DQ100279,1090000279,"Jimena Sepúlveda Restrepo",3105000279
DQ100280,1090000280,"Teresa Quiceno Higuita",3105000280
SR100281,1090000281,"Natalia Aristizábal Agudelo",3105000281
CH100282,1090000282,"Diego Hincapié Cifuentes",3105000282
SG100283,1090000283,"Aníbal Montoya Duque",3105000283
SG100284,1090000284,"Norberto Jaramillo Cortés",3105000284
DQ100285,1090000285,"Salomé Ríos Vásquez",3105000285
VG100286,1090000286,"Isabel Moreno Marín",3105000286
VG100287,1090000287,"Manuel Gómez Marín",3105000287
SR100288,1090000288,"Gustavo Loaiza Montoya",3105000288
DQ100289,1090000289,"Martha Castaño Velásquez",3105000289
DQ100290,1090000290,"Stella Agudelo Pareja",3105000290
TC100291,1090000291,"Fernando Carmona Rincón",3105000291
C100292,1090000292,"Jorge Loaiza Mesa",3105000292
DQ100293,1090000293,"Mauricio Serna Ceballos",3105000293
DQ100294,1090000294,"Alonso Henao Rincón",3105000294
TC100295,1090000295,"Magnolia Hincapié Arredondo",3105000295
TC100296,1090000296,"Gabriela Peláez Carmona",3105000296
TC100297,1090000297,"Leticia Galvis Palacio",3105000297
TCF100298,1090000298,"Isabel Gallego Pareja",3105000298
SR100299,1090000299,"Jorge Aristizábal Serna",3105000299
SR100300,1090000300,"Pedro Espinal Vásquez",3105000300
DQ100301,1090000301,"Josefina Soto Velásquez",3105000301
TC100302,1090000302,"Amparo Mesa Toro",3105000302
VG100303,1090000303,"Esteban Mejía London",3105000303
VG100304,1090000304,"Martha Loaiza Jaramillo",3105000304
C100305,1090000305,"Isabel Grajales Arango",3105000305
TC100306,1090000306,"Valentina Franco Pareja",3105000306
DQ100307,1090000307,"Aníbal Marín Correa",3105000307
SG100308,1090000308,"Jimena López Escobar",3105000308
DQ100309,1090000309,"Fernando Quintero Giraldo",3105000309
C100310,1090000310,"Alejandra Cardona Rodas",3105000310
C100311,1090000311,"Salomé London Carmona",3105000311
TC100312,1090000312,"Andrés Agudelo Velásquez",3105000312
SR100313,1090000313,"Jimena Restrepo Alzate",3105000313
VG100314,1090000314,"Fabián Peláez Tabares",3105000314
TC100315,1090000315,"Octavio Tabares Arredondo",3105000315
TC100316,1090000316,"Margarita Moreno Cortés",3105000316
SR100317,1090000317,"Hernán Pareja Patiño",3105000317
SG100318,1090000318,"Jorge Rojas Gallego",3105000318
SG100319,1090000319,"Olga Osorio Ceballos",3105000319
DQ100320,1090000320,"Ángela Correa Posada",3105000320
DQ100321,1090000321,"Rocío Pérez Grajales",3105000321
SG100322,1090000322,"Carmenza Betancur Herrera",3105000322
TC100323,1090000323,"Daniela Arango Moreno",3105000323
SG100324,1090000324,"Elkin Ceballos Mesa",3105000324
C100325,1090000325,"Raquel Guarín Estrada",3105000325
DQ100326,1090000326,"Juliana Trujillo Serna",3105000326
VG100327,1090000327,"Aníbal Loaiza Hincapié",3105000327
TC100328,1090000328,"Luis Ceballos Gómez",3105000328
SR100329,1090000329,"Iván Vásquez Agudelo",3105000329
TC100330,1090000330,"Inés Uribe Rincón",3105000330
VG100331,1090000331,"Juliana Palacio Henao",3105000331
DQ100332,1090000332,"Carlos Hoyos Posada",3105000332
TCF100333,1090000333,"Sofía López Soto",3105000333
TC100334,1090000334,"Diana Gómez Rincón",3105000334
TC100335,1090000335,"Germán Peláez Morales",3105000335
VG100336,1090000336,"Jimena Cardona Moreno",3105000336
C100337,1090000337,"Gabriela Ríos Quintero",3105000337
SR100338,1090000338,"Emilse Estrada Hincapié",3105000338
TC100339,1090000339,"Javier Ospina González",3105000339
TC100340,1090000340,"Rafael Carmona Rodas",3105000340
TC100341,1090000341,"Manuel Echeverri Espinal",3105000341
TC100342,1090000342,"Fernando Ramírez Sánchez",3105000342
VG100343,1090000343,"Luis Quiceno Montoya",3105000343
CH100344,1090000344,"Estela Rincón Higuita",3105000344
TC100345,1090000345,"Alonso Pérez Quiceno",3105000345
DQ100346,1090000346,"Duván Toro Pérez",3105000346
TC100347,1090000347,"Ricardo Restrepo Montoya",3105000347
TC100348,1090000348,"Mario Valencia Mesa",3105000348
TC100349,1090000349,"Óscar Giraldo Ramírez",3105000349
C100350,1090000350,"Gustavo Quintero Gutiérrez",3105000350
VG100351,1090000351,"Duván London Posada",3105000351
SR100352,1090000352,"Natalia Alzate Wilches",3105000352
CH100353,1090000353,"Fanny Ríos Pérez",3105000353
DQ100354,1090000354,"Elena Velásquez Noreña",3105000354
DQ100355,1090000355,"Jaime Franco García",3105000355
SR100356,1090000356,"Teresa Ocampo Duque",3105000356
SR100357,1090000357,"César Ceballos Betancur",3105000357
TC100358,1090000358,"Martha Gallego Acevedo",3105000358
C100359,1090000359,"Natalia Aristizábal Orozco",3105000359
DQ100360,1090000360,"Natalia Ramírez Betancur",3105000360
SR100361,1090000361,"Ernesto Higuita Hincapié",3105000361
DQ100362,1090000362,"Clara Restrepo Bedoya",3105000362
C100363,1090000363,"Martha Cifuentes Rincón",3105000363
TC100364,1090000364,"Lucía Higuita Arango",3105000364
C100365,1090000365,"Paula Ortiz Bedoya",3105000365
VG100366,1090000366,"Leticia London Galvis",3105000366
SR100367,1090000367,"Jaime Ríos Uribe",3105000367
SG100368,1090000368,"Sandra Echeverri Naranjo",3105000368
SG100369,1090000369,"Mauricio Guarín Ochoa",3105000369
DQ100370,1090000370,"Gabriela Franco Bedoya",3105000370
TCF100371,1090000371,"Jorge Bedoya Velásquez",3105000371
C100372,1090000372,"Óscar Aristizábal Toro",3105000372
DQ100373,1090000373,"Elkin Galvis Cortés",3105000373
SR100374,1090000374,"Leticia Ceballos Tabares",3105000374
SR100375,1090000375,"Alonso Mesa Buitrago",3105000375
SG100376,1090000376,"Jimena Alzate Gómez",3105000376
TC100377,1090000377,"Rafael Soto Vásquez",3105000377
TC100378,1090000378,"Mariana Alzate Mejía",3105000378
TC100379,1090000379,"Pedro Vásquez Peláez",3105000379
TC100380,1090000380,"Fernando Guarín Mesa",3105000380
C100381,1090000381,"Mariana Ibarra Rojas",3105000381
TC100382,1090000382,"Carmenza Arango Gutiérrez",3105000382
SG100383,1090000383,"Daniela Cortés Villa",3105000383
TCF100384,1090000384,"Darío Ríos Guarín",3105000384
C100385,1090000385,"Norberto Vanegas Vargas",3105000385
C100386,1090000386,"Fabián Valencia García",3105000386
DQ100387,1090000387,"Jimena Ospina González",3105000387
C100388,1090000388,"Sofía Hincapié Quintero",3105000388
SR100389,1090000389,"Héctor Galvis Sánchez",3105000389
VG100390,1090000390,"Javier García Ríos",3105000390
TC100391,1090000391,"Lucía Muñoz Gallego",3105000391
TC100392,1090000392,"César Marín Uribe",3105000392
TC100393,1090000393,"Marcela Carmona Hoyos",3105000393
DQ100394,1090000394,"Dolores Estrada Ramírez",3105000394
TC100395,1090000395,"Raquel Orozco López",3105000395
TCF100396,1090000396,"Margarita Vásquez Zapata",3105000396
TC100397,1090000397,"Alejandra Morales Patiño",3105000397
VG100398,1090000398,"Valentina Serna Valencia",3105000398
TC100399,1090000399,"Andrés Rodas Quintero",3105000399
TCF100400,1090000400,"Nubia Pareja Sepúlveda",3105000400
DQ100401,1090000401,"Eduardo Alzate Trujillo",3105000401
SG100402,1090000402,"Inés Orozco Mesa",3105000402
SR100403,1090000403,"Salomé Ramírez Franco",3105000403
DQ100404,1090000404,"Silvia García Restrepo",3105000404
TC100405,1090000405,"Alejandra Valencia Acevedo",3105000405
DQ100406,1090000406,"Salomé Castaño Henao",3105000406
SG100407,1090000407,"Germán Acevedo Serna",3105000407
SR100408,1090000408,"Esteban Vargas Gallego",3105000408
TC100409,1090000409,"Bernardo Espinal Castaño",3105000409
C100410,1090000410,"Olga Cortés Sepúlveda",3105000410
C100411,1090000411,"Rodrigo Ochoa Vásquez",3105000411
DQ100412,1090000412,"Rafael Rodas Ceballos",3105000412
DQ100413,1090000413,"Stella Echeverri Sánchez",3105000413
TC100414,1090000414,"Samuel Grajales Toro",3105000414
C100415,1090000415,"Beatriz Sepúlveda Zapata",3105000415
TC100416,1090000416,"Elkin Cifuentes Rincón",3105000416
TC100417,1090000417,"Javier Rojas Ibarra",3105000417
DQ100418,1090000418,"Rosalba Rodas Franco",3105000418
VG100419,1090000419,"Ángela Acevedo Naranjo",3105000419
DQ100420,1090000420,"Gabriela Betancur Alzate",3105000420
TC100421,1090000421,"Sofía Moreno Salazar",3105000421
DQ100422,1090000422,"Cristian Jaramillo Palacio",3105000422
DQ100423,1090000423,"Sofía Espinal Gallego",3105000423
DQ100424,1090000424,"Emilse Vargas Ocampo",3105000424
C100425,1090000425,"Pedro Pareja Grajales",3105000425
DQ100426,1090000426,"Lorena Escobar Soto",3105000426
VG100427,1090000427,"Alejandra Alzate Gallego",3105000427
SR100428,1090000428,"Vicente Ramírez Bedoya",3105000428
DQ100429,1090000429,"Olga Espinal Arredondo",3105000429
DQ100430,1090000430,"Francisco Giraldo Ibarra",3105000430
DQ100431,1090000431,"Salomé Mejía Jaramillo",3105000431
SR100432,1090000432,"Alberto Buitrago Hoyos",3105000432
SG100433,1090000433,"Mario Patiño Palacio",3105000433
SG100434,1090000434,"Valentina Sánchez Jaramillo",3105000434
TC100435,1090000435,"Mónica Tabares Echeverri",3105000435
SR100436,1090000436,"Silvia Gómez Sánchez",3105000436
TC100437,1090000437,"Ramiro Salazar Vargas",3105000437
SG100438,1090000438,"Lorena Gutiérrez Higuita",3105000438
VG100439,1090000439,"Amparo Tabares Loaiza",3105000439
C100440,1090000440,"Natalia Vanegas Velásquez",3105000440
SR100441,1090000441,"Esteban Cardona Quintero",3105000441
CH100442,1090000442,"Ramiro González Valencia",3105000442
DQ100443,1090000443,"Martha Serna Muñoz",3105000443
TC100444,1090000444,"Daniela Estrada Orozco",3105000444
TC100445,1090000445,"Octavio Ocampo Buitrago",3105000445
VG100446,1090000446,"Rosalba Rivera Buitrago",3105000446
TC100447,1090000447,"Paula Arredondo Herrera",3105000447
TC100448,1090000448,"Ernesto Betancur Ortiz",3105000448
TCF100449,1090000449,"Nubia Ocampo Sánchez",3105000449
C100450,1090000450,"Gabriela Carmona García",3105000450
TC100451,1090000451,"Mario Arango Franco",3105000451
TC100452,1090000452,"Amparo Posada Vanegas",3105000452
TC100453,1090000453,"Rosalba González Franco",3105000453
TC100454,1090000454,"Darío Rincón Ríos",3105000454
SR100455,1090000455,"Norberto Cifuentes Cortés",3105000455
TC100456,1090000456,"Estela Posada Toro",3105000456
TC100457,1090000457,"Carlos Giraldo Rincón",3105000457
TC100458,1090000458,"Stella Uribe Agudelo",3105000458
C100459,1090000459,"Héctor Mesa Vásquez",3105000459
TC100460,1090000460,"Inés Ortiz Cardona",3105000460
TC100461,1090000461,"Estela Estrada Wilches",3105000461
TC100462,1090000462,"Olga Cifuentes Cortés",3105000462
DQ100463,1090000463,"Estela Vanegas Escobar",3105000463
TC100464,1090000464,"Diana García Acevedo",3105000464
C100465,1090000465,"Cristian Salazar Alzate",3105000465
TC100466,1090000466,"Fabián Castaño Aristizábal",3105000466
VG100467,1090000467,"Gustavo Betancur Agudelo",3105000467
TC100468,1090000468,"Magnolia Acevedo Rodas",3105000468
DQ100469,1090000469,"Alonso Echeverri Ochoa",3105000469
TC100470,1090000470,"Paula Buitrago Agudelo",3105000470
TC100471,1090000471,"Margarita Betancur Hincapié",3105000471
DQ100472,1090000472,"Ignacio Pérez Castaño",3105000472
TC100473,1090000473,"Daniela Villa Quintero",3105000473
TC100474,1090000474,"Rubén Acevedo López",3105000474
CH100475,1090000475,"César Buitrago Agudelo",3105000475
TC100476,1090000476,"Martha Wilches Echeverri",3105000476
C100477,1090000477,"Francisco Uribe Salazar",3105000477
TC100478,1090000478,"Luis Ospina Naranjo",3105000478
TC100479,1090000479,"Clara Guarín Mejía",3105000479
TC100480,1090000480,"Nubia Bedoya Gallego",3105000480
TC100481,1090000481,"Juliana Jaramillo Escobar",3105000481
C100482,1090000482,"Natalia Loaiza London",3105000482
DQ100483,1090000483,"Rubén Galvis Ortiz",3105000483
TC100484,1090000484,"Tomás Quintero Posada",3105000484
CH100485,1090000485,"Francisco Henao Morales",3105000485
DQ100486,1090000486,"Margarita Bedoya Zapata",3105000486
TC100487,1090000487,"Octavio Posada Rojas",3105000487
TC100488,1090000488,"Lucía Rivera Cortés",3105000488
DQ100489,1090000489,"César Villa Wilches",3105000489
TC100490,1090000490,"Amparo Carmona Loaiza",3105000490
TCF100491,1090000491,"Stella Hoyos López",3105000491
C100492,1090000492,"Alonso Escobar Henao",3105000492
DQ100493,1090000493,"Diana Henao Restrepo",3105000493
C100494,1090000494,"Edilma Posada Mejía",3105000494
DQ100495,1090000495,"Olga Ospina Jaramillo",3105000495
C100496,1090000496,"Emilse Patiño Montoya",3105000496
TC100497,1090000497,"Héctor Ospina Valencia",3105000497
SR100498,1090000498,"Duván Velásquez Buitrago",3105000498
SR100499,1090000499,"Nelson Carmona Ríos",3105000499
TC100500,1090000500,"Stella Marín Restrepo",3105000500
SR100501,1090000501,"Javier Ochoa Orozco",3105000501
TC100502,1090000502,"Lorena Noreña Quiceno",3105000502
TC100503,1090000503,"Adriana Acevedo Pareja",3105000503
TCF100504,1090000504,"Pedro Ospina Grajales",3105000504
TC100505,1090000505,"Leticia Duque Correa",3105000505
TC100506,1090000506,"Javier Pareja Herrera",3105000506
TC100507,1090000507,"Magnolia Toro Acevedo",3105000507
TC100508,1090000508,"Helena Noreña Gallego",3105000508
VG100509,1090000509,"Jimena Moreno Gómez",3105000509
TC100510,1090000510,"Ernesto Ortiz Quintero",3105000510
TC100511,1090000511,"César Cardona Correa",3105000511
SR100512,1090000512,"Dolores Galvis Wilches",3105000512
TCF100513,1090000513,"Bernardo Giraldo Peláez",3105000513
TC100514,1090000514,"Alejandra Ortiz Alzate",3105000514
SR100515,1090000515,"Sebastián Carmona Zapata",3105000515
TC100516,1090000516,"Jaime Galvis Grajales",3105000516
C100517,1090000517,"Rubén González Uribe",3105000517
C100518,1090000518,"Alejandra Cifuentes Ramírez",3105000518
C100519,1090000519,"Salomé Ríos Hoyos",3105000519
TC100520,1090000520,"Elena Peláez Grajales",3105000520
SR100521,1090000521,"Ramiro Velásquez Posada",3105000521
SG100522,1090000522,"Mario Morales Guarín",3105000522
SG100523,1090000523,"Helena Pareja Patiño",3105000523
TC100524,1090000524,"Mónica Ortiz Patiño",3105000524
TC100525,1090000525,"Sebastián Noreña Grajales",3105000525
TC100526,1090000526,"César Duque Pareja",3105000526
DQ100527,1090000527,"Eduardo Correa Bedoya",3105000527
C100528,1090000528,"Mónica Arredondo Guarín",3105000528
DQ100529,1090000529,"Rocío Naranjo Ibarra",3105000529
C100530,1090000530,"Josefina Ochoa Peláez",3105000530
SR100531,1090000531,"Rafael Trujillo Palacio",3105000531
CH100532,1090000532,"Mariana Noreña Estrada",3105000532
C100533,1090000533,"Helena Rincón Salazar",3105000533
VG100534,1090000534,"Jaime Ortiz Buitrago",3105000534
C100535,1090000535,"Estela Vargas Velásquez",3105000535
SR100536,1090000536,"Javier Acevedo Sánchez",3105000536
C100537,1090000537,"Jorge Serna López",3105000537
C100538,1090000538,"Fernando Rojas Orozco",3105000538
TC100539,1090000539,"Estela Mejía Ibarra",3105000539
SR100540,1090000540,"Estela Gómez Escobar",3105000540
TC100541,1090000541,"Óscar Ortiz Marín",3105000541
C100542,1090000542,"Magnolia Velásquez Ocampo",3105000542
C100543,1090000543,"Javier Duque Hoyos",3105000543
SR100544,1090000544,"Norberto Grajales Ortiz",3105000544
TC100545,1090000545,"Darío Ríos Acevedo",3105000545
C100546,1090000546,"Fernando Montoya Cifuentes",3105000546
C100547,1090000547,"Sandra Jaramillo London",3105000547
TC100548,1090000548,"Rafael Trujillo Valencia",3105000548
TC100549,1090000549,"Emilse Herrera Cardona",3105000549
DQ100550,1090000550,"Rubén Toro Vásquez",3105000550
TC100551,1090000551,"Bernardo Giraldo Ríos",3105000551
DQ100552,1090000552,"Martha Cifuentes Ibarra",3105000552
CH100553,1090000553,"Ramiro Loaiza Peláez",3105000553
TC100554,1090000554,"Gustavo Vargas Patiño",3105000554
SR100555,1090000555,"Diego Valencia Ramírez",3105000555
DQ100556,1090000556,"Gustavo Rodas Ochoa",3105000556
TC100557,1090000557,"Tomás López Rincón",3105000557
C100558,1090000558,"Ángela Ortiz Gallego",3105000558
C100559,1090000559,"Daniela Pareja Rivera",3105000559
C100560,1090000560,"Lucía Posada Vásquez",3105000560
C100561,1090000561,"Mónica Correa Morales",3105000561
DQ100562,1090000562,"Tomás Ibarra Guarín",3105000562
SR100563,1090000563,"Nubia Henao Arredondo",3105000563
C100564,1090000564,"Clara Herrera Carmona",3105000564
SR100565,1090000565,"Daniela Mejía Moreno",3105000565
SR100566,1090000566,"Ignacio Moreno Vásquez",3105000566
C100567,1090000567,"Salomé Giraldo Ospina",3105000567
C100568,1090000568,"Andrés Hoyos Ortiz",3105000568
DQ100569,1090000569,"Salomé Herrera Galvis",3105000569
C100570,1090000570,"Sandra Duque Rodas",3105000570
C100571,1090000571,"Fernando Betancur Sepúlveda",3105000571
C100572,1090000572,"Emilse Marín Mesa",3105000572
TCF100573,1090000573,"Javier Escobar Arredondo",3105000573
CH100574,1090000574,"Carmenza Uribe Echeverri",3105000574
C100575,1090000575,"Elkin Vargas Agudelo",3105000575
TC100576,1090000576,"Óscar García Carmona",3105000576
DQ100577,1090000577,"Rosalba Mejía Quiceno",3105000577
C100578,1090000578,"Germán Bedoya Marín",3105000578
TCF100579,1090000579,"Jorge Carmona Betancur",3105000579
SR100580,1090000580,"Rodrigo Grajales Patiño",3105000580
C100581,1090000581,"Javier Posada Buitrago",3105000581
SR100582,1090000582,"Valentina Quiceno Bedoya",3105000582
SR100583,1090000583,"Inés Loaiza Galvis",3105000583
CH100584,1090000584,"Alonso Vanegas Velásquez",3105000584
C100585,1090000585,"Lorena Arredondo Cardona",3105000585
TC100586,1090000586,"Héctor Noreña Arredondo",3105000586
C100587,1090000587,"Emilse Ochoa Henao",3105000587
C100588,1090000588,"Carlos London Pareja",3105000588
TC100589,1090000589,"Sandra Ocampo Osorio",3105000589
TCF100590,1090000590,"Marcela Muñoz Trujillo",3105000590
TC100591,1090000591,"Gloria Ospina Cortés",3105000591
C100592,1090000592,"Salomé Muñoz Wilches",3105000592
SG100593,1090000593,"Alonso Bedoya Toro",3105000593
TC100594,1090000594,"Ignacio Alzate Betancur",3105000594
VG100595,1090000595,"Josefina Morales Hoyos",3105000595
TC100596,1090000596,"Gustavo Betancur Montoya",3105000596
CH100597,1090000597,"Luis Noreña Acevedo",3105000597
TC100598,1090000598,"Flor Cortés Loaiza",3105000598
SG100599,1090000599,"Mariana Ochoa Vásquez",3105000599
SG100600,1090000600,"Patricia Henao Duque",3105000600
C100601,1090000601,"Vicente Naranjo Cardona",3105000601
C100602,1090000602,"Germán Gómez Pareja",3105000602
C100603,1090000603,"Rosalba Peláez Grajales",3105000603
SG100604,1090000604,"Jimena Carmona Tabares",3105000604
C100605,1090000605,"Héctor Espinal Buitrago",3105000605
TC100606,1090000606,"Sandra Orozco Ramírez",3105000606
SR100607,1090000607,"Gabriela Herrera Vanegas",3105000607
C100608,1090000608,"Manuel Ocampo Marín",3105000608
SR100609,1090000609,"Amparo González Trujillo",3105000609
DQ100610,1090000610,"Raquel Vásquez Aristizábal",3105000610
SR100611,1090000611,"Lucía Mesa Vanegas",3105000611
SR100612,1090000612,"César Ortiz Villa",3105000612
YULIETH100613,1090000613,"Ángela Ceballos Bedoya",3105000613
C100614,1090000614,"Daniela Velásquez Osorio",3105000614
VG100615,1090000615,"Alonso Loaiza Ocampo",3105000615
TC100616,1090000616,"Lucía Echeverri Grajales",3105000616
TC100617,1090000617,"Flor Arredondo Naranjo",3105000617
TC100618,1090000618,"Jimena Higuita González",3105000618
SG100619,1090000619,"Isabel Morales Pareja",3105000619
C100620,1090000620,"Ignacio Soto Villa",3105000620
VG100621,1090000621,"Sofía Bedoya Rodas",3105000621
C100622,1090000622,"Ángela Sepúlveda Franco",3105000622
C100623,1090000623,"Jimena Hincapié Montoya",3105000623
TC100624,1090000624,"Luis Loaiza Alzate",3105000624
C100625,1090000625,"Gloria Muñoz Grajales",3105000625
SG100626,1090000626,"Fabián Trujillo Zapata",3105000626
SR100627,1090000627,"Alberto Salazar Cifuentes",3105000627
SR100628,1090000628,"Rocío Guarín Salazar",3105000628
VG100629,1090000629,"Carlos Galvis London",3105000629
TC100630,1090000630,"Mauricio Morales Velásquez",3105000630
C100631,1090000631,"Mariana Pareja Castaño",3105000631
SG100632,1090000632,"Gustavo Ortiz Jaramillo",3105000632
SG100633,1090000633,"Jimena Cardona Gallego",3105000633
SR100634,1090000634,"Manuel Castaño Ríos",3105000634
DQ100635,1090000635,"Alonso Echeverri Betancur",3105000635
TC100636,1090000636,"Duván Buitrago Posada",3105000636
C100637,1090000637,"Helena Orozco Rincón",3105000637
TC100638,1090000638,"Rosalba Mejía Rodas",3105000638
SG100639,1090000639,"Clara Orozco Jaramillo",3105000639
SR100640,1090000640,"Germán Giraldo Ceballos",3105000640
SG100641,1090000641,"Marcela Gallego Wilches",3105000641
SG100642,1090000642,"Alberto Rincón Salazar",3105000642
SG100643,1090000643,"Sebastián Buitrago Orozco",3105000643
VG100644,1090000644,"Jimena Higuita Buitrago",3105000644
C100645,1090000645,"Alonso Moreno Noreña",3105000645
DQ100646,1090000646,"Mario Guarín Salazar",3105000646
SR100647,1090000647,"Aníbal Espinal Pareja",3105000647
SG100648,1090000648,"Yolanda Grajales Orozco",3105000648
TC100649,1090000649,"Gabriela Vásquez Grajales",3105000649
C100650,1090000650,"Iván Restrepo London",3105000650
SG100651,1090000651,"Manuel Valencia Vanegas",3105000651
CH100652,1090000652,"Alejandra Rojas Villa",3105000652
SR100653,1090000653,"Fanny Sepúlveda Ocampo",3105000653
DQ100654,1090000654,"Juliana Moreno Restrepo",3105000654
TC100655,1090000655,"Hernán Duque Buitrago",3105000655
TC100656,1090000656,"Diego Ibarra Alzate",3105000656
VG100657,1090000657,"Inés Bedoya Carmona",3105000657
SG100658,1090000658,"Fabián Estrada Sánchez",3105000658
VG100659,1090000659,"Carmenza Giraldo Naranjo",3105000659
C100660,1090000660,"Raquel Ramírez Orozco",3105000660
SG100661,1090000661,"Elkin Toro Ramírez",3105000661
TC100662,1090000662,"Bernardo Loaiza Hincapié",3105000662
VG100663,1090000663,"Jorge Estrada Rivera",3105000663
TC100664,1090000664,"Esteban Vanegas Galvis",3105000664
SR100665,1090000665,"Patricia Wilches Espinal",3105000665
C100666,1090000666,"Marcela Ospina Cifuentes",3105000666
SG100667,1090000667,"Isabel Osorio Ortiz",3105000667
C100668,1090000668,"Esteban Marín Franco",3105000668
DQ100669,1090000669,"Iván Posada Quintero",3105000669
C100670,1090000670,"Ricardo Escobar Rojas",3105000670
VG100671,1090000671,"Tomás Aristizábal Gómez",3105000671
VG100672,1090000672,"Gustavo Bedoya Sánchez",3105000672
C100673,1090000673,"Leticia Aristizábal Ochoa",3105000673
C100674,1090000674,"Lorena Jaramillo Soto",3105000674
VG100675,1090000675,"Andrés Mejía Sánchez",3105000675
VG100676,1090000676,"Yolanda Soto Patiño",3105000676
SR100677,1090000677,"Germán Gómez Escobar",3105000677
TC100678,1090000678,"Sandra Serna Orozco",3105000678
TCF100679,1090000679,"Óscar Marín Toro",3105000679
SR100680,1090000680,"Beatriz Rivera Giraldo",3105000680
CH100681,1090000681,"Leticia Pérez Carmona",3105000681
SG100682,1090000682,"César Escobar Vargas",3105000682
SG100683,1090000683,"Marcela Ochoa Ortiz",3105000683
SR100684,1090000684,"Jorge Vanegas Palacio",3105000684
TC100685,1090000685,"Norberto Ríos Salazar",3105000685
SR100686,1090000686,"Estela Salazar Jaramillo",3105000686
VG100687,1090000687,"Ángela Castaño Bedoya",3105000687
TC100688,1090000688,"Sofía Orozco Higuita",3105000688
SR100689,1090000689,"Carmenza Peláez Tabares",3105000689
SG100690,1090000690,"Fernando Ibarra Mesa",3105000690
CH100691,1090000691,"Dolores Guarín Quiceno",3105000691
TC100692,1090000692,"Gustavo Vanegas Ospina",3105000692
CH100693,1090000693,"Luis Osorio Ceballos",3105000693
DQ100694,1090000694,"Yolanda Ríos Ceballos",3105000694
C100695,1090000695,"Clara Valencia Bedoya",3105000695
C100696,1090000696,"Leonardo Aristizábal Orozco",3105000696
TC100697,1090000697,"Bernardo Duque Hincapié",3105000697
CH100698,1090000698,"Rocío Duque Vásquez",3105000698
DQ100699,1090000699,"Natalia Velásquez Mejía",3105000699
DQ100700,1090000700,"Luis Cifuentes Espinal",3105000700
SG100701,1090000701,"Óscar García Buitrago",3105000701
SG100702,1090000702,"Rosalba Quiceno Marín",3105000702
SG100703,1090000703,"Amparo Agudelo López",3105000703
SG100704,1090000704,"Olga Rivera Aristizábal",3105000704
SG100705,1090000705,"Jorge Arango Ibarra",3105000705
TC100706,1090000706,"Flor Vargas González",3105000706
DQ100707,1090000707,"Teresa Higuita Agudelo",3105000707
SG100708,1090000708,"Isabel Alzate Agudelo",3105000708
SG100709,1090000709,"Manuel Loaiza Ochoa",3105000709
VG100710,1090000710,"Marcela Gómez Guarín",3105000710
SG100711,1090000711,"Bernardo Valencia Escobar",3105000711
DQ100712,1090000712,"Duván Vanegas Serna",3105000712
SG100713,1090000713,"Andrés Ochoa Ospina",3105000713
SR100714,1090000714,"Ricardo London Higuita",3105000714
SR100715,1090000715,"Elkin Vanegas Marín",3105000715
SG100716,1090000716,"Paula Restrepo Jaramillo",3105000716
SR100717,1090000717,"Duván Loaiza Sánchez",3105000717
SR100718,1090000718,"Amparo Mejía Tabares",3105000718
TCF100719,1090000719,"Sofía Gómez Betancur",3105000719
SR100720,1090000720,"Duván Hoyos Arango",3105000720
CH100721,1090000721,"Helena Toro Guarín",3105000721
C100722,1090000722,"Darío Quintero Ochoa",3105000722
SR100723,1090000723,"Javier Marín Hincapié",3105000723
DQ100724,1090000724,"Alonso Grajales Tabares",3105000724
SG100725,1090000725,"Juliana Salazar Guarín",3105000725
SR100726,1090000726,"Mauricio Patiño Zapata",3105000726
TC100727,1090000727,"Leticia Serna Palacio",3105000727
DQ100728,1090000728,"Óscar Marín Espinal",3105000728
VG100729,1090000729,"Tomás Wilches Posada",3105000729
DQ100730,1090000730,"Marcela Muñoz Carmona",3105000730
DQ100731,1090000731,"Ramiro Herrera Betancur",3105000731
TCF100732,1090000732,"Juliana Cifuentes Morales",3105000732
SG100733,1090000733,"Olga Vanegas Franco",3105000733
SR100734,1090000734,"Iván Wilches Jaramillo",3105000734
CH100735,1090000735,"Jimena Soto Ríos",3105000735
CH100736,1090000736,"Camila Jaramillo Agudelo",3105000736
DQ100737,1090000737,"Luis Trujillo Vanegas",3105000737
SG100738,1090000738,"Ricardo Arredondo López",3105000738
SG100739,1090000739,"Sofía Restrepo Escobar",3105000739
TCF100740,1090000740,"Elena Jaramillo López",3105000740
TCF100741,1090000741,"Jaime Loaiza Henao",3105000741
DQ100742,1090000742,"Daniela Mesa Montoya",3105000742
TC100743,1090000743,"Ignacio Correa Peláez",3105000743
SG100744,1090000744,"Gabriela Muñoz Henao",3105000744
TC100745,1090000745,"Fanny Loaiza Quiceno",3105000745
SG100746,1090000746,"Cristian Toro Guarín",3105000746
TC100747,1090000747,"Juliana Bedoya Hincapié",3105000747
SR100748,1090000748,"Mónica Trujillo Mejía",3105000748
TC100749,1090000749,"Salomé Peláez Ochoa",3105000749
SG100750,1090000750,"Ernesto Velásquez Trujillo",3105000750
SG100751,1090000751,"César López Gallego",3105000751
SG100752,1090000752,"Lucía Orozco Noreña",3105000752
SG100753,1090000753,"Mónica Morales González",3105000753
SG100754,1090000754,"Francisco Cardona Quintero",3105000754
SG100755,1090000755,"Leonardo Arredondo Betancur",3105000755
SG100756,1090000756,"Jaime Grajales Wilches",3105000756
SG100757,1090000757,"Silvia Arredondo Rojas",3105000757
DQ100758,1090000758,"Javier Quintero Posada",3105000758
TC100759,1090000759,"Leticia Sánchez Cifuentes",3105000759
SG100760,1090000760,"Silvia López Henao",3105000760
DQ100761,1090000761,"Helena Ortiz Peláez",3105000761
TC100762,1090000762,"Mario Ospina Moreno",3105000762
DQ100763,1090000763,"Amparo Ochoa Espinal",3105000763
TC100764,1090000764,"Pedro García Ospina",3105000764
SR100765,1090000765,"Mario Pérez Espinal",3105000765
C100766,1090000766,"Rafael Herrera Osorio",3105000766
SG100767,1090000767,"Ernesto Jaramillo Wilches",3105000767
SG100768,1090000768,"Ignacio Moreno Arredondo",3105000768
DQ100769,1090000769,"Manuel Duque Pareja",3105000769
C100770,1090000770,"Elena Vásquez Naranjo",3105000770
SR100771,1090000771,"Octavio Quiceno Franco",3105000771
C100772,1090000772,"Leonardo Cifuentes Echeverri",3105000772
DQ100773,1090000773,"Andrés Giraldo Loaiza",3105000773
CT100774,1090000774,"Luis Correa Uribe",3105000774
TC100775,1090000775,"Margarita Cardona Vásquez",3105000775
TC100776,1090000776,"Ángela Castaño Soto",3105000776
CH100777,1090000777,"Luis Gallego González",3105000777
DQ100778,1090000778,"Iván Alzate Wilches",3105000778
DQ100779,1090000779,"Marcela Moreno Toro",3105000779
DQ100780,1090000780,"Daniela Valencia Tabares",3105000780
C100781,1090000781,"Mónica Espinal Ceballos",3105000781
SR100782,1090000782,"Juliana Agudelo Noreña",3105000782
TCF100783,1090000783,"Raquel García Hincapié",3105000783
SR100784,1090000784,"Octavio Vanegas Gutiérrez",3105000784
DQ100785,1090000785,"Fanny Montoya Rojas",3105000785
SR100786,1090000786,"Camila Velásquez Quintero",3105000786
VG100787,1090000787,"Jorge Rodas Gutiérrez",3105000787
SR100788,1090000788,"Ramiro Ospina Rivera",3105000788
VG100789,1090000789,"Sandra Mejía Cifuentes",3105000789
C100790,1090000790,"Lorena Pérez Grajales",3105000790
SG100791,1090000791,"Mónica Gómez Valencia",3105000791
SG100792,1090000792,"Ernesto Henao Ramírez",3105000792
DQ100793,1090000793,"Pedro Zapata Alzate",3105000793
DQ100794,1090000794,"Helena Vásquez García",3105000794
TC100795,1090000795,"Rosalba Gómez Marín",3105000795
TC100796,1090000796,"Óscar Higuita Bedoya",3105000796
DQ100797,1090000797,"Josefina Vargas Palacio",3105000797
SR100798,1090000798,"Rafael Tabares Jaramillo",3105000798
TC100799,1090000799,"Elkin Soto Tabares",3105000799
TC100800,1090000800,"Bernardo Arredondo Mejía",3105000800
SR100801,1090000801,"Esteban Valencia London",3105000801
CH100802,1090000802,"César Palacio Agudelo",3105000802
C100803,1090000803,"Elena Restrepo Uribe",3105000803
CH100804,1090000804,"Luis Sánchez Sepúlveda",3105000804
DQ100805,1090000805,"Paula Pareja Gallego",3105000805
TC100806,1090000806,"Esteban Vargas Sánchez",3105000806
CH100807,1090000807,"Natalia Loaiza Rivera",3105000807
C100808,1090000808,"Jimena Alzate Bedoya",3105000808
CH100809,1090000809,"Nubia Quintero López",3105000809
SG100810,1090000810,"Alejandra Galvis Muñoz",3105000810
DQ100811,1090000811,"Rosalba Salazar Rivera",3105000811
TC100812,1090000812,"Germán Marín Velásquez",3105000812
TC100813,1090000813,"Rosalba Mejía Arango",3105000813
SR100814,1090000814,"Diana Ocampo Loaiza",3105000814
SG100815,1090000815,"Iván García Escobar",3105000815
TC100816,1090000816,"Estela Velásquez Buitrago",3105000816
SG100817,1090000817,"Alberto Herrera Bedoya",3105000817
CH100818,1090000818,"Josefina Espinal Henao",3105000818
SR100819,1090000819,"Javier Quintero Franco",3105000819
CH100820,1090000820,"Alonso Uribe García",3105000820
CH100821,1090000821,"Samuel Villa Guarín",3105000821
TC100822,1090000822,"Aníbal Moreno Quiceno",3105000822
CH100823,1090000823,"Magnolia Rodas Vargas",3105000823
VG100824,1090000824,"Tomás Escobar Galvis",3105000824
VG100825,1090000825,"Paula Bedoya Estrada",3105000825
CH100826,1090000826,"Edilma Rivera London",3105000826
C100827,1090000827,"Nelson Betancur Buitrago",3105000827
TC100828,1090000828,"Sofía Naranjo Cortés",3105000828
DQ100829,1090000829,"Gabriela Franco Villa",3105000829
TC100830,1090000830,"Camila Hoyos Ibarra",3105000830
DQ100831,1090000831,"Rocío Ríos González",3105000831
SR100832,1090000832,"Nubia Espinal López",3105000832
TC100833,1090000833,"Rocío Loaiza Arango",3105000833
CH100834,1090000834,"Ernesto Morales Ramírez",3105000834
SR100835,1090000835,"Octavio Ceballos Quintero",3105000835
CH100836,1090000836,"Lucía Cortés Ceballos",3105000836
DQ100837,1090000837,"Nubia Valencia Mesa",3105000837
SR100838,1090000838,"Ernesto Higuita Serna",3105000838
CH100839,1090000839,"Ángela Correa Muñoz",3105000839
SR100840,1090000840,"Raquel Ospina Tabares",3105000840
SR100841,1090000841,"Silvia Hincapié Espinal",3105000841
SR100842,1090000842,"Natalia Sepúlveda Moreno",3105000842
VG100843,1090000843,"Sofía Cifuentes Galvis",3105000843
CH100844,1090000844,"Tomás Morales Ortiz",3105000844
CH100845,1090000845,"Paula Giraldo Cifuentes",3105000845
TC100846,1090000846,"Elena Serna Sánchez",3105000846
CH100847,1090000847,"Ángela Velásquez Duque",3105000847
CH100848,1090000848,"Sebastián Patiño Pérez",3105000848
CH100849,1090000849,"Alberto Ibarra Jaramillo",3105000849
SG100850,1090000850,"Octavio Vanegas Estrada",3105000850
DQ100851,1090000851,"Edilma Rodas Mejía",3105000851
VG100852,1090000852,"Jaime Carmona Gómez",3105000852
DQ100853,1090000853,"Stella Tabares Gutiérrez",3105000853
CH100854,1090000854,"Valentina Ochoa Estrada",3105000854
C100855,1090000855,"Helena Rodas Estrada",3105000855
C100856,1090000856,"Josefina Pérez Vanegas",3105000856
CH100857,1090000857,"Aníbal Ocampo Ibarra",3105000857
TC100858,1090000858,"Mario Giraldo Moreno",3105000858
TC100859,1090000859,"Helena Franco Galvis",3105000859
TC100860,1090000860,"Javier Loaiza Bedoya",3105000860
SG100861,1090000861,"Diego Jaramillo Rivera",3105000861
SG100862,1090000862,"Hernán Arango Uribe",3105000862
SG100863,1090000863,"Yolanda Orozco Cifuentes",3105000863
TC100864,1090000864,"Sandra Espinal Noreña",3105000864
TCF100865,1090000865,"Beatriz Carmona Cardona",3105000865
CH100866,1090000866,"Josefina Pareja Palacio",3105000866
TC100867,1090000867,"Isabel Galvis Higuita",3105000867
CH100868,1090000868,"Duván Estrada Restrepo",3105000868
DQ100869,1090000869,"Aníbal Valencia Alzate",3105000869
DQ100870,1090000870,"Natalia Osorio Guarín",3105000870
DQ100871,1090000871,"Dolores Echeverri Arango",3105000871
VG100872,1090000872,"Isabel Correa Vargas",3105000872
DQ100873,1090000873,"Luis Castaño Ceballos",3105000873
TC100874,1090000874,"Lucía Valencia Ríos",3105000874
SR100875,1090000875,"Natalia Grajales Arredondo",3105000875
SR100876,1090000876,"Silvia Peláez García",3105000876
SR100877,1090000877,"Raquel Zapata Gutiérrez",3105000877
DQ100878,1090000878,"Jimena Quiceno Mejía",3105000878
TC100879,1090000879,"Paula Wilches Posada",3105000879
TC100880,1090000880,"Alberto Jaramillo Montoya",3105000880
SR100881,1090000881,"Leonardo Villa London",3105000881
TC100882,1090000882,"Ramiro Pérez Carmona",3105000882
DQ100883,1090000883,"Eduardo Aristizábal Peláez",3105000883
C100884,1090000884,"Rubén Velásquez Higuita",3105000884
DQ100885,1090000885,"Francisco Orozco Ospina",3105000885
TC100886,1090000886,"Leonardo Galvis Orozco",3105000886
CH100887,1090000887,"Ignacio Vanegas Alzate",3105000887
DQ100888,1090000888,"Martha Cifuentes Herrera",3105000888
SR100889,1090000889,"Ángela Mesa Zapata",3105000889
TC100890,1090000890,"Mauricio Vanegas Gómez",3105000890
CH100891,1090000891,"Vicente Quiceno Ortiz",3105000891
TC100892,1090000892,"Carmenza Grajales Osorio",3105000892
C100893,1090000893,"Jorge Ramírez Ceballos",3105000893
TC100894,1090000894,"Elkin London Rojas",3105000894
SR100895,1090000895,"Carmenza Loaiza Tabares",3105000895
SG100896,1090000896,"Yolanda Moreno Salazar",3105000896
TC100897,1090000897,"Alonso Ramírez Ortiz",3105000897
TCF100898,1090000898,"Emilse Muñoz Mesa",3105000898
CH100899,1090000899,"Rafael Aristizábal Mesa",3105000899
CH100900,1090000900,"Edilma Palacio Sánchez",3105000900
DQ100901,1090000901,"Germán Noreña Soto",3105000901
TC100902,1090000902,"Rosalba Quiceno Echeverri",3105000902
CH100903,1090000903,"Carmenza Osorio Duque",3105000903
C100904,1090000904,"Carmenza Toro Estrada",3105000904
CH100905,1090000905,"Sofía Wilches Vanegas",3105000905
SG100906,1090000906,"Mónica Cortés Estrada",3105000906
DQ100907,1090000907,"Darío Muñoz Henao",3105000907
TC100908,1090000908,"Rafael London Ochoa",3105000908
TC100909,1090000909,"Emilse Restrepo Cardona",3105000909
DQ100910,1090000910,"Diego Bedoya Rincón",3105000910
C100911,1090000911,"Francisco Buitrago Gómez",3105000911
SG100912,1090000912,"Sofía Marín Cifuentes",3105000912
DQ100913,1090000913,"Hernán Mejía Wilches",3105000913
SG100914,1090000914,"Isabel Pareja Pérez",3105000914
SG100915,1090000915,"Emilse López Escobar",3105000915
C100916,1090000916,"Alberto Montoya Buitrago",3105000916
SR100917,1090000917,"Yolanda Ramírez Peláez",3105000917
SR100918,1090000918,"Raquel Grajales Pérez",3105000918
TC100919,1090000919,"Ernesto Ríos Galvis",3105000919
TCF100920,1090000920,"Salomé Espinal Acevedo",3105000920
DQ100921,1090000921,"Octavio Escobar López",3105000921
C100922,1090000922,"Marcela Hoyos Vargas",3105000922
C100923,1090000923,"Iván Muñoz Trujillo",3105000923
DQ100924,1090000924,"Hernán Marín Velásquez",3105000924
DQ100925,1090000925,"Yolanda Rincón Escobar",3105000925
DQ100926,1090000926,"Nubia Sepúlveda Quiceno",3105000926
TC100927,1090000927,"Martha Serna Mesa",3105000927
SR100928,1090000928,"César Duque Muñoz",3105000928
SG100929,1090000929,"Josefina Ocampo Ceballos",3105000929
TC100930,1090000930,"Valentina Escobar González",3105000930
C100931,1090000931,"Mauricio Cardona Velásquez",3105000931
TC100932,1090000932,"Jorge López Rivera",3105000932
TC100933,1090000933,"Aníbal Galvis Arango",3105000933
SG100934,1090000934,"Jaime Franco Peláez",3105000934
DQ100935,1090000935,"Vicente García Giraldo",3105000935
TC100936,1090000936,"Óscar Villa Muñoz",3105000936
TC100937,1090000937,"Vicente Echeverri Restrepo",3105000937
TC100938,1090000938,"Javier Naranjo Palacio",3105000938
CH100939,1090000939,"Rodrigo Arango Villa",3105000939
C100940,1090000940,"Jorge Hincapié Ortiz",3105000940
SR100941,1090000941,"Jimena Naranjo Palacio",3105000941
DQ100942,1090000942,"Stella Rodas Cortés",3105000942
SR100943,1090000943,"Gabriela Arredondo Higuita",3105000943
SR100944,1090000944,"Mauricio Sepúlveda Ríos",3105000944
SR100945,1090000945,"Lorena Herrera Rincón",3105000945
TC100946,1090000946,"Cristian Morales Cardona",3105000946
DQ100947,1090000947,"Leticia Ceballos Cardona",3105000947
DQ100948,1090000948,"Amparo González Gutiérrez",3105000948
TC100949,1090000949,"Fabián Echeverri Moreno",3105000949
DQ100950,1090000950,"Lucía Ríos Acevedo",3105000950
CH100951,1090000951,"Andrés Mejía Escobar",3105000951
CH100952,1090000952,"Martha Gutiérrez Posada",3105000952
CH100953,1090000953,"Patricia Salazar Trujillo",3105000953
C100954,1090000954,"Patricia Vanegas Rojas",3105000954
TC100955,1090000955,"Leonardo Jaramillo Vásquez",3105000955
CH100956,1090000956,"Octavio Mesa Orozco",3105000956
TCF100957,1090000957,"Rocío Alzate Hoyos",3105000957
SR100958,1090000958,"Ignacio London Villa",3105000958
CH100959,1090000959,"Sebastián Betancur Zapata",3105000959
TC100960,1090000960,"Silvia Duque Ramírez",3105000960
TC100961,1090000961,"Raquel Rivera Ortiz",3105000961
SG100962,1090000962,"Vicente Espinal Arango",3105000962
TC100963,1090000963,"Natalia Osorio González",3105000963
DQ100964,1090000964,"Ramiro Loaiza Ramírez",3105000964
DQ100965,1090000965,"Ernesto Duque Valencia",3105000965
CH100966,1090000966,"Gloria Tabares Soto",3105000966
DQ100967,1090000967,"Sebastián Toro Ocampo",3105000967
C100968,1090000968,"Alberto Loaiza Posada",3105000968
DQ100969,1090000969,"Daniela Ríos Echeverri",3105000969
SR100970,1090000970,"Manuel Moreno Duque",3105000970
SR100971,1090000971,"Carmenza Posada Arango",3105000971
SG100972,1090000972,"Fanny Hoyos Rojas",3105000972
CH100973,1090000973,"Carlos Echeverri Tabares",3105000973
TC100974,1090000974,"Fernando Ortiz Salazar",3105000974
C100975,1090000975,"Valentina Marín Galvis",3105000975
SR100976,1090000976,"Ricardo Valencia Rojas",3105000976
TCF100977,1090000977,"Rosalba Moreno Ortiz",3105000977
TC100978,1090000978,"Inés Naranjo Franco",3105000978
VG100979,1090000979,"Diego Mejía Posada",3105000979
TC100980,1090000980,"Edilma Rincón Espinal",3105000980
TC100981,1090000981,"Adriana Bedoya Echeverri",3105000981
SG100982,1090000982,"Rocío Muñoz Gallego",3105000982
CH100983,1090000983,"Norberto Echeverri Naranjo",3105000983
SG100984,1090000984,"Gloria Galvis Gómez",3105000984
CH100985,1090000985,"Rodrigo Wilches Ochoa",3105000985
SG100986,1090000986,"Patricia Galvis Ochoa",3105000986
TC100987,1090000987,"Samuel Ochoa Mesa",3105000987
SG100988,1090000988,"Clara Rodas Ortiz",3105000988
TC100989,1090000989,"Josefina Trujillo Gallego",3105000989
TC100990,1090000990,"Sebastián Gutiérrez Galvis",3105000990
TC100991,1090000991,"Flor Arredondo Acevedo",3105000991
DQ100992,1090000992,"Lucía Wilches Betancur",3105000992
C100993,1090000993,"Gustavo Posada Quiceno",3105000993
DQ100994,1090000994,"Alejandra Loaiza Grajales",3105000994
DQ100995,1090000995,"Dolores Alzate Ocampo",3105000995
DQ100996,1090000996,"Raquel Peláez Toro",3105000996
DQ100997,1090000997,"Silvia Osorio Cortés",3105000997
TC100998,1090000998,"Nubia Restrepo Escobar",3105000998
TC100999,1090000999,"Juliana Ramírez Hincapié",3105000999
SR101000,1090001000,"Lucía González Higuita",3105001000
VG101001,1090001001,"Rafael Ibarra Vanegas",3105001001
SR101002,1090001002,"Teresa Ochoa Quiceno",3105001002
TC101003,1090001003,"Clara Velásquez Jaramillo",3105001003
TC101004,1090001004,"Iván Duque Castaño",3105001004
TCF101005,1090001005,"Rubén Correa Acevedo",3105001005
TC101006,1090001006,"Flor Morales Salazar",3105001006
SR101007,1090001007,"Leonardo Carmona Arango",3105001007
DQ101008,1090001008,"Ignacio Salazar Uribe",3105001008
TC101009,1090001009,"Rocío Rojas Vásquez",3105001009
SR101010,1090001010,"Sandra Escobar Mesa",3105001010
SR101011,1090001011,"Adriana Ibarra Ortiz",3105001011
SG101012,1090001012,"Juliana Arango Muñoz",3105001012
SG101013,1090001013,"Andrés Rincón Ramírez",3105001013
DQ101014,1090001014,"Adriana Quiceno Jaramillo",3105001014
C101015,1090001015,"Jorge Henao Serna",3105001015
SR101016,1090001016,"Gabriela Acevedo Betancur",3105001016
DQ101017,1090001017,"Manuel Posada Moreno",3105001017
DQ101018,1090001018,"Inés Agudelo Sánchez",3105001018
SR101019,1090001019,"Diana Quiceno Vásquez",3105001019
TC101020,1090001020,"Edilma Osorio Arango",3105001020
TC101021,1090001021,"Fernando Palacio Vargas",3105001021
TC101022,1090001022,"Emilse Montoya Rojas",3105001022
CH101023,1090001023,"Germán Muñoz Noreña",3105001023
CH101024,1090001024,"Héctor Correa Ocampo",3105001024
TC101025,1090001025,"Elkin Ríos Gómez",3105001025
SG101026,1090001026,"Patricia Gutiérrez Orozco",3105001026
DQ101027,1090001027,"Sofía Orozco González",3105001027
DQ101028,1090001028,"Beatriz Correa Trujillo",3105001028
CH101029,1090001029,"Emilse Alzate Soto",3105001029
CH101030,1090001030,"Yolanda Rodas Duque",3105001030
CH101031,1090001031,"Bernardo Betancur Sánchez",3105001031
TCF101032,1090001032,"Juliana Vargas Ortiz",3105001032
SR101033,1090001033,"Raquel Morales López",3105001033
VG101034,1090001034,"Mauricio Gutiérrez Trujillo",3105001034
SR101035,1090001035,"Teresa Vargas Jaramillo",3105001035
SR101036,1090001036,"Mónica Noreña Peláez",3105001036
TC101037,1090001037,"Salomé Acevedo Mesa",3105001037
TCF101038,1090001038,"Ramiro Uribe Morales",3105001038
DQ101039,1090001039,"Martha Marín Mesa",3105001039
SG101040,1090001040,"Emilse Hoyos Acevedo",3105001040
CH101041,1090001041,"Raquel Espinal Cifuentes",3105001041
TC101042,1090001042,"Margarita Jaramillo Arango",3105001042
VG101043,1090001043,"Norberto Galvis Patiño",3105001043
VG101044,1090001044,"Olga Buitrago Velásquez",3105001044
SR101045,1090001045,"Tomás Velásquez Hoyos",3105001045
CH101046,1090001046,"Iván Henao Moreno",3105001046
SR101047,1090001047,"Daniela Toro Muñoz",3105001047
TC101048,1090001048,"Alejandra Buitrago Morales",3105001048
DQ101049,1090001049,"Elena Ospina Palacio",3105001049
DQ101050,1090001050,"Mariana Tabares Echeverri",3105001050
TC101051,1090001051,"Olga Uribe Orozco",3105001051
TC101052,1090001052,"Estela Correa Mesa",3105001052
TCF101053,1090001053,"Alonso Cifuentes Palacio",3105001053
SR101054,1090001054,"Carlos Palacio Rojas",3105001054
C101055,1090001055,"Samuel Ibarra Ríos",3105001055
C101056,1090001056,"Ricardo González Cortés",3105001056
DQ101057,1090001057,"Mario Villa Buitrago",3105001057
SR101058,1090001058,"Fernando Ramírez Osorio",3105001058
CH101059,1090001059,"Valentina Rincón Ibarra",3105001059
C101060,1090001060,"Elkin Ceballos Ríos",3105001060
DQ101061,1090001061,"Beatriz Rodas Jaramillo",3105001061
DQ101062,1090001062,"Rosalba Herrera Arango",3105001062
CH101063,1090001063,"Adriana Escobar Giraldo",3105001063
C101064,1090001064,"Adriana Orozco Valencia",3105001064
DQ101065,1090001065,"Darío Villa Arango",3105001065
CH101066,1090001066,"Ricardo Ramírez Soto",3105001066
C101067,1090001067,"Stella Morales Cardona",3105001067
TC101068,1090001068,"Mauricio Bedoya Acevedo",3105001068
CH101069,1090001069,"Mario London Sánchez",3105001069
C101070,1090001070,"Silvia Tabares Escobar",3105001070
C101071,1090001071,"Raquel Palacio Pareja",3105001071
SG101072,1090001072,"Leticia Betancur Jaramillo",3105001072
VG101073,1090001073,"Héctor Duque Soto",3105001073
C101074,1090001074,"Mónica Orozco Galvis",3105001074
TC101075,1090001075,"Esteban Sepúlveda Rivera",3105001075
TC101076,1090001076,"Ángela Vargas García",3105001076
SR101077,1090001077,"Diego Soto Montoya",3105001077
TCF101078,1090001078,"Bernardo Ortiz Estrada",3105001078
VG101079,1090001079,"Elkin Castaño Aristizábal",3105001079
SR101080,1090001080,"Fanny Quintero Gómez",3105001080
TC101081,1090001081,"Paula Higuita Ochoa",3105001081
SR101082,1090001082,"Diego Noreña Bedoya",3105001082
C101083,1090001083,"César London Posada",3105001083
C101084,1090001084,"Raquel Serna Gómez",3105001084
SR101085,1090001085,"Jimena Zapata Jaramillo",3105001085
DQ101086,1090001086,"Gloria Uribe Sepúlveda",3105001086
C101087,1090001087,"Leonardo Rivera Rojas",3105001087
CH101088,1090001088,"Gustavo Cortés Trujillo",3105001088
CH101089,1090001089,"Jimena Ríos Patiño",3105001089
CH101090,1090001090,"Samuel Vanegas Grajales",3105001090
SR101091,1090001091,"Helena Pareja Soto",3105001091
TC101092,1090001092,"Jorge Ochoa Grajales",3105001092
DQ101093,1090001093,"Carlos Sánchez Acevedo",3105001093
DQ101094,1090001094,"Beatriz Cortés Giraldo",3105001094
TC101095,1090001095,"Josefina Patiño Morales",3105001095
TC101096,1090001096,"Beatriz Quintero Grajales",3105001096
DQ101097,1090001097,"Josefina Arredondo Morales",3105001097
SG101098,1090001098,"Gloria Ochoa García",3105001098
C101099,1090001099,"Diana Franco Rivera",3105001099
C101100,1090001100,"Helena Buitrago Uribe",3105001100
SR101101,1090001101,"Lorena Escobar Castaño",3105001101
CH101102,1090001102,"Aníbal Villa González",3105001102
DQ101103,1090001103,"Leticia Quintero Arango",3105001103
TC101104,1090001104,"Emilse Acevedo Castaño",3105001104
SG101105,1090001105,"Gustavo Giraldo Morales",3105001105
TC101106,1090001106,"Edilma Mesa Hincapié",3105001106
DQ101107,1090001107,"Rafael González Ibarra",3105001107
CH101108,1090001108,"Elkin Morales Soto",3105001108
TCF101109,1090001109,"Javier Sepúlveda Acevedo",3105001109
TC101110,1090001110,"Alejandra Gallego Quintero",3105001110
TC101111,1090001111,"Dolores Vargas García",3105001111
DQ101112,1090001112,"Francisco Montoya Mesa",3105001112
TC101113,1090001113,"Silvia Galvis Henao",3105001113
TC101114,1090001114,"Ernesto Gutiérrez Betancur",3105001114
DQ101115,1090001115,"Flor Toro Giraldo",3105001115
CH101116,1090001116,"Yolanda Giraldo Gutiérrez",3105001116
CH101117,1090001117,"Hernán López Ramírez",3105001117
TC101118,1090001118,"Jimena Loaiza Valencia",3105001118
SR101119,1090001119,"Gloria Marín Sepúlveda",3105001119
TC101120,1090001120,"Mónica Gallego Morales",3105001120
C101121,1090001121,"Tomás Morales Muñoz",3105001121
DQ101122,1090001122,"Alberto Vanegas Mejía",3105001122
C101123,1090001123,"Daniela Acevedo Agudelo",3105001123
C101124,1090001124,"Rubén Giraldo Espinal",3105001124
DQ101125,1090001125,"Alejandra Carmona Gómez",3105001125
C101126,1090001126,"Yolanda Correa Acevedo",3105001126
VG101127,1090001127,"Carmenza Moreno Gómez",3105001127
C101128,1090001128,"Elena Pérez Hincapié",3105001128
TCF101129,1090001129,"Ramiro Serna Cifuentes",3105001129
SR101130,1090001130,"Nelson Higuita Trujillo",3105001130
TC101131,1090001131,"Lorena González Hincapié",3105001131
SG101132,1090001132,"Ángela Villa Giraldo",3105001132
SG101133,1090001133,"Jimena Moreno Betancur",3105001133
TC101134,1090001134,"Elkin Gómez Quiceno",3105001134
DQ101135,1090001135,"Gabriela Vanegas Wilches",3105001135
TC101136,1090001136,"Duván Arredondo López",3105001136
DQ101137,1090001137,"Cristian Osorio Higuita",3105001137
CH101138,1090001138,"Manuel López Sepúlveda",3105001138
CH101139,1090001139,"Rafael Sepúlveda Arredondo",3105001139
C101140,1090001140,"Carmenza Ochoa Aristizábal",3105001140
C101141,1090001141,"Manuel Tabares Hoyos",3105001141
TC101142,1090001142,"Inés García Rincón",3105001142
DQ101143,1090001143,"Rodrigo Ochoa Aristizábal",3105001143
CH101144,1090001144,"Edilma Escobar Ceballos",3105001144
DQ101145,1090001145,"Amparo Trujillo Guarín",3105001145
DQ101146,1090001146,"Fabián Arredondo Hincapié",3105001146
VG101147,1090001147,"Paula Ibarra Salazar",3105001147
SG101148,1090001148,"Fanny Vásquez Buitrago",3105001148
TC101149,1090001149,"Alonso Osorio Bedoya",3105001149
DQ101150,1090001150,"Camila Ceballos Mesa",3105001150
DQ101151,1090001151,"Tomás Patiño Pareja",3105001151
VG101152,1090001152,"Amparo García Duque",3105001152
TC101153,1090001153,"Margarita Ocampo Valencia",3105001153
TC101154,1090001154,"Fanny Correa Hincapié",3105001154
TC101155,1090001155,"Hernán Betancur Ortiz",3105001155
SG101156,1090001156,"Magnolia Gallego Castaño",3105001156
DQ101157,1090001157,"Bernardo Espinal Peláez",3105001157
C101158,1090001158,"Martha Hoyos Sepúlveda",3105001158
CH101159,1090001159,"Ignacio Naranjo Posada",3105001159
C101160,1090001160,"Jaime Grajales Ríos",3105001160
TC101161,1090001161,"Juliana Jaramillo Hincapié",3105001161
TC101162,1090001162,"Bernardo Henao Rojas",3105001162
C101163,1090001163,"Salomé Serna Duque",3105001163
VG101164,1090001164,"Rosalba London Marín",3105001164
SR101165,1090001165,"Hernán Moreno Echeverri",3105001165
SG101166,1090001166,"Stella Restrepo López",3105001166
C101167,1090001167,"César Ramírez Sánchez",3105001167
SG101168,1090001168,"Valentina Cardona Carmona",3105001168
SR101169,1090001169,"Natalia López London",3105001169
SR101170,1090001170,"Héctor Ceballos Ríos",3105001170
TC101171,1090001171,"Rosalba Naranjo Muñoz",3105001171
SG101172,1090001172,"Francisco Escobar Zapata",3105001172
DQ101173,1090001173,"Josefina Orozco Higuita",3105001173
CH101174,1090001174,"Leticia Arredondo Galvis",3105001174
SG101175,1090001175,"Mónica García Uribe",3105001175
SR101176,1090001176,"Josefina Restrepo Vargas",3105001176
CH101177,1090001177,"Ricardo Agudelo Herrera",3105001177
CH101178,1090001178,"Mario Acevedo Jaramillo",3105001178
CH101179,1090001179,"Óscar Giraldo Rivera",3105001179
SG101180,1090001180,"Flor Franco Duque",3105001180
TCF101181,1090001181,"Duván Salazar Henao",3105001181
TCF101182,1090001182,"Cristian Sánchez Toro",3105001182
TC101183,1090001183,"Rodrigo Pareja Muñoz",3105001183
TCF101184,1090001184,"Stella Rodas Vásquez",3105001184
SR101185,1090001185,"Aníbal Rodas Ospina",3105001185
SR101186,1090001186,"Valentina Sánchez Castaño",3105001186
TC101187,1090001187,"Helena Montoya Valencia",3105001187
C101188,1090001188,"Josefina Rodas Correa",3105001188
TCF101189,1090001189,"Aníbal Ibarra Pérez",3105001189
SR101190,1090001190,"Hernán Naranjo García",3105001190
C101191,1090001191,"Eduardo Toro Villa",3105001191
DQ101192,1090001192,"Camila London Ochoa",3105001192
C101193,1090001193,"Ernesto Rincón Acevedo",3105001193
CH101194,1090001194,"Teresa Gallego Grajales",3105001194
VG101195,1090001195,"Pedro Higuita Quiceno",3105001195
VG101196,1090001196,"Jorge Rodas Palacio",3105001196
SR101197,1090001197,"Ignacio Restrepo London",3105001197
DQ101198,1090001198,"Leonardo Aristizábal Muñoz",3105001198
SR101199,1090001199,"César Montoya Patiño",3105001199
C101200,1090001200,"Darío Pareja Uribe",3105001200
DQ101201,1090001201,"Adriana Ramírez Ortiz",3105001201
DQ101202,1090001202,"Stella Echeverri Wilches",3105001202
TC101203,1090001203,"Fernando Hincapié Tabares",3105001203
SG101204,1090001204,"Bernardo Bedoya Wilches",3105001204
SG101205,1090001205,"Yolanda Ibarra Castaño",3105001205
C101206,1090001206,"Amparo Gutiérrez Loaiza",3105001206
SG101207,1090001207,"Diego Ortiz Trujillo",3105001207
SR101208,1090001208,"Pedro Vargas Buitrago",3105001208
SG101209,1090001209,"Salomé Salazar Escobar",3105001209
DQ101210,1090001210,"Eduardo Alzate Rivera",3105001210
TC101211,1090001211,"César Estrada Noreña",3105001211
TCF101212,1090001212,"Martha Posada Wilches",3105001212
CH101213,1090001213,"Patricia Hoyos Ramírez",3105001213
TC101214,1090001214,"Alejandra Buitrago Higuita",3105001214
CH101215,1090001215,"Esteban Bedoya Moreno",3105001215
SR101216,1090001216,"Ramiro García Alzate",3105001216
SR101217,1090001217,"Ernesto Ocampo Restrepo",3105001217
DQ101218,1090001218,"Andrés Ortiz Marín",3105001218
DQ101219,1090001219,"Diego Pareja Salazar",3105001219
VG101220,1090001220,"Lorena Montoya Sánchez",3105001220
DQ101221,1090001221,"Francisco Cardona Aristizábal",3105001221
TC101222,1090001222,"Dolores Villa González",3105001222
DQ101223,1090001223,"Jaime Ibarra Agudelo",3105001223
VG101224,1090001224,"Javier Aristizábal Mesa",3105001224
VG101225,1090001225,"Elkin Ochoa Echeverri",3105001225
TC101226,1090001226,"César Toro Hincapié",3105001226
C101227,1090001227,"Daniela Rojas Cardona",3105001227
DQ101228,1090001228,"Gustavo Palacio Rincón",3105001228
SR101229,1090001229,"Martha Rodas Vásquez",3105001229
TC101230,1090001230,"Sofía Gallego Rincón",3105001230
TC101231,1090001231,"Cristian Acevedo Mejía",3105001231
SG101232,1090001232,"Fanny Cortés Giraldo",3105001232
TC101233,1090001233,"Nelson Guarín Duque",3105001233
SG101234,1090001234,"Camila Orozco García",3105001234
DQ101235,1090001235,"Emilse Serna Galvis",3105001235
TCF101236,1090001236,"Amparo Aristizábal Patiño",3105001236
SG101237,1090001237,"Jimena Palacio Franco",3105001237
TC101238,1090001238,"Pedro Marín Hoyos",3105001238
DQ101239,1090001239,"Darío Rodas Guarín",3105001239
TCF101240,1090001240,"Sandra González Gallego",3105001240
TC101241,1090001241,"Beatriz Alzate Estrada",3105001241
C101242,1090001242,"Sofía Sánchez Ortiz",3105001242
TC101243,1090001243,"Amparo Guarín Ríos",3105001243
CH101244,1090001244,"Javier Giraldo Soto",3105001244
DQ101245,1090001245,"Estela López Villa",3105001245
SR101246,1090001246,"Óscar Rincón Correa",3105001246
TC101247,1090001247,"Estela Arredondo Sánchez",3105001247
TC101248,1090001248,"Rafael González Escobar",3105001248
DQ101249,1090001249,"Edilma González Wilches",3105001249
DQ101250,1090001250,"Diego Escobar Mesa",3105001250
C101251,1090001251,"Alejandra Galvis Naranjo",3105001251
SG101252,1090001252,"Sofía Guarín Loaiza",3105001252
TC101253,1090001253,"Gloria Orozco Vanegas",3105001253
SR101254,1090001254,"Andrés Pareja Hincapié",3105001254
DQ101255,1090001255,"Esteban Gallego Jaramillo",3105001255
TC101256,1090001256,"Camila Mesa Buitrago",3105001256
SR101257,1090001257,"Martha London Buitrago",3105001257
VG101258,1090001258,"Alonso Moreno Guarín",3105001258
DQ101259,1090001259,"Lucía Correa Velásquez",3105001259
TC101260,1090001260,"Esteban Carmona Arango",3105001260
DQ101261,1090001261,"Ángela Estrada Peláez",3105001261
C101262,1090001262,"Ernesto Vargas Orozco",3105001262
CH101263,1090001263,"Raquel Restrepo Soto",3105001263
C101264,1090001264,"Raquel London Pareja",3105001264
DQ101265,1090001265,"Martha Marín Henao",3105001265
TC101266,1090001266,"Patricia Zapata González",3105001266
SR101267,1090001267,"Esteban Buitrago Patiño",3105001267
C101268,1090001268,"Gloria Quiceno Tabares",3105001268
DQ101269,1090001269,"Dolores Betancur Ramírez",3105001269
TC101270,1090001270,"Valentina Trujillo Alzate",3105001270
TC101271,1090001271,"Inés Posada Naranjo",3105001271
C101272,1090001272,"Emilse Montoya González",3105001272
TC101273,1090001273,"Aníbal Peláez Buitrago",3105001273
SR101274,1090001274,"Aníbal Posada Quiceno",3105001274
TC101275,1090001275,"Rosalba Alzate Mejía",3105001275
SG101276,1090001276,"Natalia Echeverri Giraldo",3105001276
DQ101277,1090001277,"Josefina Escobar Palacio",3105001277
SG101278,1090001278,"Andrés Zapata Gómez",3105001278
C101279,1090001279,"Rosalba Rincón Vanegas",3105001279
C101280,1090001280,"Sofía Mesa Quintero",3105001280
C101281,1090001281,"Javier Rincón Wilches",3105001281
SR101282,1090001282,"Mariana Cifuentes Betancur",3105001282
SG101283,1090001283,"Francisco Escobar Echeverri",3105001283
CH101284,1090001284,"Gabriela Giraldo Carmona",3105001284
C101285,1090001285,"Sandra Salazar Ramírez",3105001285
TC101286,1090001286,"Héctor Quintero London",3105001286
SG101287,1090001287,"Ernesto Guarín Cardona",3105001287
SR101288,1090001288,"Alonso Acevedo Ortiz",3105001288
TC101289,1090001289,"Sandra Zapata Ochoa",3105001289
DQ101290,1090001290,"Martha Uribe Cardona",3105001290
SR101291,1090001291,"Gustavo Hincapié Sánchez",3105001291
TC101292,1090001292,"Yolanda Toro Rojas",3105001292
TC101293,1090001293,"Hernán Pérez Villa",3105001293
SG101294,1090001294,"Mauricio Hincapié Trujillo",3105001294
CH101295,1090001295,"Leonardo Arango Restrepo",3105001295
TC101296,1090001296,"Ángela González Jaramillo",3105001296
SG101297,1090001297,"Emilse London Rivera",3105001297
SG101298,1090001298,"Carlos González Franco",3105001298
SG101299,1090001299,"Valentina Restrepo Cortés",3105001299
CH101300,1090001300,"Nubia Cardona Tabares",3105001300
CH101301,1090001301,"Rubén Rodas Rojas",3105001301
SR101302,1090001302,"Francisco Palacio Henao",3105001302
SG101303,1090001303,"Mariana Cortés Alzate",3105001303
SG101304,1090001304,"Vicente Hoyos Posada",3105001304
DQ101305,1090001305,"Raquel Rodas Agudelo",3105001305
C101306,1090001306,"Juliana Quintero Velásquez",3105001306
VG101307,1090001307,"Adriana Henao Mejía",3105001307
SG101308,1090001308,"Samuel Duque Buitrago",3105001308
C101309,1090001309,"Natalia Henao Arango",3105001309
CH101310,1090001310,"Norberto Cortés Echeverri",3105001310
TC101311,1090001311,"Stella Agudelo Serna",3105001311
DQ101312,1090001312,"Rafael Ceballos Mesa",3105001312
C101313,1090001313,"Valentina Restrepo Correa",3105001313
TC101314,1090001314,"Leticia Acevedo Moreno",3105001314
SG101315,1090001315,"Bernardo Osorio Muñoz",3105001315
DQ101316,1090001316,"Leticia Uribe Rojas",3105001316
C101317,1090001317,"Norberto Pareja Posada",3105001317
TC101318,1090001318,"Fabián Ramírez Patiño",3105001318
C101319,1090001319,"Gabriela Aristizábal Moreno",3105001319
TC101320,1090001320,"Javier Mejía Alzate",3105001320
DQ101321,1090001321,"Leticia Grajales Ríos",3105001321
TCF101322,1090001322,"Inés Ocampo Carmona",3105001322
SG101323,1090001323,"Yolanda Acevedo Arredondo",3105001323
C101324,1090001324,"Valentina Rivera Cortés",3105001324
SR101325,1090001325,"Alonso Buitrago Herrera",3105001325
DQ101326,1090001326,"Sandra Carmona Tabares",3105001326
TC101327,1090001327,"Carmenza Bedoya Mejía",3105001327
C101328,1090001328,"Sandra Cortés Galvis",3105001328
DQ101329,1090001329,"Aníbal Aristizábal Rivera",3105001329
TC101330,1090001330,"Raquel Vanegas Carmona",3105001330
DQ101331,1090001331,"Leonardo Rincón Aristizábal",3105001331
TC101332,1090001332,"Alejandra Grajales Salazar",3105001332
C101333,1090001333,"Fanny Ríos Ochoa",3105001333
TC101334,1090001334,"Lucía Ceballos Palacio",3105001334
SR101335,1090001335,"Francisco Peláez Tabares",3105001335
C101336,1090001336,"Jimena Estrada Sepúlveda",3105001336
TC101337,1090001337,"Ramiro Ocampo Mejía",3105001337
DQ101338,1090001338,"Rocío López Toro",3105001338
SR101339,1090001339,"Hernán Loaiza Acevedo",3105001339
TC101340,1090001340,"Bernardo Noreña Estrada",3105001340
DQ101341,1090001341,"Diego Ríos Marín",3105001341
TC101342,1090001342,"Nubia Valencia Vanegas",3105001342
TC101343,1090001343,"Rubén Velásquez López",3105001343
TC101344,1090001344,"Daniela Vanegas Estrada",3105001344
C101345,1090001345,"Ramiro Pérez Vanegas",3105001345
SR101346,1090001346,"Fanny Arango Grajales",3105001346
TC101347,1090001347,"Paula Velásquez Aristizábal",3105001347
TC101348,1090001348,"Teresa Ramírez Moreno",3105001348
TC101349,1090001349,"César Gómez Ortiz",3105001349
TC101350,1090001350,"Beatriz Hoyos Alzate",3105001350
TC101351,1090001351,"Fabián Henao Tabares",3105001351
CH101352,1090001352,"Isabel Osorio Correa",3105001352
C101353,1090001353,"Magnolia Pérez Posada",3105001353
SG101354,1090001354,"Teresa Rodas Montoya",3105001354
C101355,1090001355,"Isabel Noreña Ibarra",3105001355
TCF101356,1090001356,"Leticia Duque Sánchez",3105001356
SR101357,1090001357,"Óscar Quiceno Franco",3105001357
TC101358,1090001358,"Manuel Rodas Posada",3105001358
SR101359,1090001359,"Ricardo Betancur Muñoz",3105001359
DQ101360,1090001360,"Olga Jaramillo Mejía",3105001360
C101361,1090001361,"Edilma Bedoya London",3105001361
TC101362,1090001362,"Aníbal Gómez Velásquez",3105001362
SG101363,1090001363,"Marcela González Quintero",3105001363
C101364,1090001364,"Sofía Orozco Vargas",3105001364
C101365,1090001365,"Javier Vásquez Bedoya",3105001365
DQ101366,1090001366,"Diana Ramírez Villa",3105001366
SG101367,1090001367,"Francisco Mesa Estrada",3105001367
SG101368,1090001368,"Juliana Galvis Higuita",3105001368
SR101369,1090001369,"Rafael Cifuentes Rodas",3105001369
DQ101370,1090001370,"Ángela Giraldo Buitrago",3105001370
SR101371,1090001371,"Fanny Gutiérrez Sánchez",3105001371
TC101372,1090001372,"Octavio Rojas Rincón",3105001372
VG101373,1090001373,"Vicente Vásquez Duque",3105001373
SR101374,1090001374,"Daniela Vargas Higuita",3105001374
DQ101375,1090001375,"Hernán Patiño Duque",3105001375
SR101376,1090001376,"Tomás London García",3105001376
SR101377,1090001377,"Paula Ríos Rodas",3105001377
SR101378,1090001378,"Teresa Uribe Quintero",3105001378
TC101379,1090001379,"Clara Acevedo Ortiz",3105001379
VG101380,1090001380,"Carlos López Arango",3105001380
CH101381,1090001381,"Marcela Duque London",3105001381
DQ101382,1090001382,"Nubia Gutiérrez Echeverri",3105001382
DQ101383,1090001383,"Rubén Carmona Naranjo",3105001383
SR101384,1090001384,"Fanny Sánchez Ramírez",3105001384
TC101385,1090001385,"Ignacio Mejía Wilches",3105001385
TC101386,1090001386,"Rocío Sánchez Vanegas",3105001386
SR101387,1090001387,"Nubia Echeverri Velásquez",3105001387
TC101388,1090001388,"Eduardo Gallego Pareja",3105001388
SG101389,1090001389,"Inés London Ospina",3105001389
TCF101390,1090001390,"Rafael Gómez Alzate",3105001390
DQ101391,1090001391,"Vicente Peláez Rojas",3105001391
C101392,1090001392,"Gabriela Palacio Quiceno",3105001392
DQ101393,1090001393,"Diana Correa Sánchez",3105001393
TC101394,1090001394,"Mariana Naranjo Vargas",3105001394
SR101395,1090001395,"Beatriz Hincapié Correa",3105001395
C101396,1090001396,"Stella Ortiz Grajales",3105001396
C101397,1090001397,"Rafael Cardona Guarín",3105001397
C101398,1090001398,"Valentina Franco Rodas",3105001398
TCF101399,1090001399,"Beatriz Uribe London",3105001399
SR101400,1090001400,"Inés Pareja Rojas",3105001400
SR101401,1090001401,"Valentina Mejía González",3105001401
TCF101402,1090001402,"Carmenza Cifuentes Estrada",3105001402
SR101403,1090001403,"Darío Arango Noreña",3105001403
CH101404,1090001404,"Sofía Posada Wilches",3105001404
TC101405,1090001405,"Héctor Correa Pérez",3105001405
SR101406,1090001406,"Vicente Echeverri Valencia",3105001406
DQ101407,1090001407,"Aníbal Aristizábal Arango",3105001407
CH101408,1090001408,"Diana López Vargas",3105001408
SG101409,1090001409,"Octavio García Salazar",3105001409
TC101410,1090001410,"Hernán Pérez Rojas",3105001410
DQ101411,1090001411,"Juliana Mejía Vanegas",3105001411
TC101412,1090001412,"Andrés Ceballos Marín",3105001412
SG101413,1090001413,"Elkin Duque Serna",3105001413
SR101414,1090001414,"Juliana Uribe Vanegas",3105001414
TC101415,1090001415,"Gustavo López Giraldo",3105001415
DQ101416,1090001416,"Jimena Ríos Rivera",3105001416
CH101417,1090001417,"Alejandra Hincapié Higuita",3105001417
CH101418,1090001418,"Juliana Vásquez Agudelo",3105001418
SR101419,1090001419,"Clara Sepúlveda Osorio",3105001419
TC101420,1090001420,"Paula Arango Gallego",3105001420
SG101421,1090001421,"Sandra Galvis Vargas",3105001421
TC101422,1090001422,"Ángela Quintero Osorio",3105001422
CH101423,1090001423,"Luis Villa Carmona",3105001423
CH101424,1090001424,"Ernesto Osorio González",3105001424
SG101425,1090001425,"Cristian Franco Cortés",3105001425
TC101426,1090001426,"Yolanda López Peláez",3105001426
SG101427,1090001427,"Gabriela Uribe Carmona",3105001427
DQ101428,1090001428,"Leonardo Giraldo Alzate",3105001428
TC101429,1090001429,"Clara Carmona Pérez",3105001429
DQ101430,1090001430,"Olga Uribe Jaramillo",3105001430
TCF101431,1090001431,"Samuel Rojas García",3105001431
TC101432,1090001432,"Héctor Villa Salazar",3105001432
TC101433,1090001433,"Jorge Noreña Guarín",3105001433
TC101434,1090001434,"Josefina Valencia Velásquez",3105001434
DQ101435,1090001435,"Beatriz Restrepo Trujillo",3105001435
TC101436,1090001436,"Vicente Escobar Estrada",3105001436
SR101437,1090001437,"Carlos Posada Galvis",3105001437
CH101438,1090001438,"Rodrigo Grajales García",3105001438
TC101439,1090001439,"Cristian Grajales Guarín",3105001439
CH101440,1090001440,"Norberto Jaramillo Gutiérrez",3105001440
SR101441,1090001441,"Sofía Patiño Naranjo",3105001441
SG101442,1090001442,"Camila Patiño Zapata",3105001442
CH101443,1090001443,"Vicente Correa Naranjo",3105001443
CH101444,1090001444,"Mariana López Cardona",3105001444
SG101445,1090001445,"Hernán Ospina Rodas",3105001445
CH101446,1090001446,"Darío Naranjo Henao",3105001446
DQ101447,1090001447,"Gabriela Cardona Wilches",3105001447
TC101448,1090001448,"Fabián Mejía Vanegas",3105001448
CH101449,1090001449,"Fernando Pareja Muñoz",3105001449
TCF101450,1090001450,"Andrés Tabares Higuita",3105001450
TCF101451,1090001451,"Diego Buitrago Escobar",3105001451
TCF101452,1090001452,"Hernán Estrada Villa",3105001452
TCF101453,1090001453,"Fanny Hoyos Osorio",3105001453
DQ101454,1090001454,"Luis Ospina Arredondo",3105001454
VG101455,1090001455,"Rafael Acevedo Gallego",3105001455
SR101456,1090001456,"Ernesto Franco Soto",3105001456
SR101457,1090001457,"César Restrepo Rincón",3105001457
SG101458,1090001458,"Leticia Noreña Escobar",3105001458
SG101459,1090001459,"Gabriela Toro Salazar",3105001459
SG101460,1090001460,"Norberto Vásquez Acevedo",3105001460
SG101461,1090001461,"Diana Cifuentes González",3105001461
CH101462,1090001462,"Ignacio Sepúlveda Pérez",3105001462
TCF101463,1090001463,"Margarita Hincapié Vásquez",3105001463
DQ101464,1090001464,"Teresa Noreña García",3105001464
TC101465,1090001465,"Alberto Franco Muñoz",3105001465
DQ101466,1090001466,"Sebastián Quintero Estrada",3105001466
C101467,1090001467,"Gustavo Carmona Galvis",3105001467
CH101468,1090001468,"Leonardo Vanegas Palacio",3105001468
TC101469,1090001469,"Paula Aristizábal Marín",3105001469
TC101470,1090001470,"Javier Sánchez Buitrago",3105001470
TC101471,1090001471,"Sofía Restrepo Peláez",3105001471
C101472,1090001472,"Helena Sánchez Aristizábal",3105001472
C101473,1090001473,"Mario Grajales Cifuentes",3105001473
VG101474,1090001474,"Elena Quintero Morales",3105001474
SG101475,1090001475,"Ignacio Tabares Ospina",3105001475
CH101476,1090001476,"Diana Carmona Henao",3105001476
CH101477,1090001477,"Norberto Palacio Arredondo",3105001477
DQ101478,1090001478,"Rodrigo Grajales Guarín",3105001478
TC101479,1090001479,"Pedro Loaiza Morales",3105001479
DQ101480,1090001480,"Isabel Naranjo Restrepo",3105001480
CH101481,1090001481,"Vicente Echeverri Posada",3105001481
SR101482,1090001482,"Ricardo Marín Vanegas",3105001482
SG101483,1090001483,"Rocío Valencia Jaramillo",3105001483
SG101484,1090001484,"Rubén Galvis Gallego",3105001484
C101485,1090001485,"Amparo Moreno Rodas",3105001485
SR101486,1090001486,"Edilma Quiceno Villa",3105001486
SR101487,1090001487,"Mauricio Posada Guarín",3105001487
TC101488,1090001488,"Josefina Galvis Osorio",3105001488
TC101489,1090001489,"Amparo Rojas Toro",3105001489
CH101490,1090001490,"Bernardo Agudelo Carmona",3105001490
SR101491,1090001491,"Leonardo Mesa Ramírez",3105001491
TC101492,1090001492,"César Ibarra Escobar",3105001492
TC101493,1090001493,"Ernesto Duque Higuita",3105001493
SG101494,1090001494,"Rosalba Giraldo Correa",3105001494
DQ101495,1090001495,"Francisco Serna Vásquez",3105001495
DQ101496,1090001496,"Luis Ríos Loaiza",3105001496
SR101497,1090001497,"Alberto Marín Trujillo",3105001497
CH101498,1090001498,"Teresa García Giraldo",3105001498
SG101499,1090001499,"Javier Rodas Echeverri",3105001499
DQ101500,1090001500,"Diego García Rincón",3105001500
SG101501,1090001501,"Gabriela González Herrera",3105001501
SG101502,1090001502,"Sofía Galvis Soto",3105001502
SR101503,1090001503,"Gustavo Rodas Moreno",3105001503
TC101504,1090001504,"Ángela Gómez González",3105001504
CH101505,1090001505,"Silvia Quintero García",3105001505
C101506,1090001506,"Flor Muñoz Wilches",3105001506
DQ101507,1090001507,"Rocío Vanegas Valencia",3105001507
SG101508,1090001508,"Héctor Gómez Cardona",3105001508
SR101509,1090001509,"Silvia Serna Guarín",3105001509
DQ101510,1090001510,"Rosalba García Vanegas",3105001510
C101511,1090001511,"Gabriela Acevedo Castaño",3105001511
C101512,1090001512,"Sofía Wilches Vargas",3105001512
CH101513,1090001513,"Rafael Uribe Rojas",3105001513
DQ101514,1090001514,"Carlos Moreno Guarín",3105001514
DQ101515,1090001515,"Mariana Osorio Gómez",3105001515
SG101516,1090001516,"Flor Velásquez Muñoz",3105001516
TC101517,1090001517,"Valentina Cifuentes Correa",3105001517
TC101518,1090001518,"Carmenza Muñoz Morales",3105001518
VG101519,1090001519,"Salomé Acevedo Franco",3105001519
DQ101520,1090001520,"Rodrigo Correa Velásquez",3105001520
TC101521,1090001521,"Inés Muñoz Estrada",3105001521
C101522,1090001522,"Manuel Vásquez Escobar",3105001522
SG101523,1090001523,"Iván Escobar Ríos",3105001523
SG101524,1090001524,"Jaime Mesa Rivera",3105001524
CH101525,1090001525,"Emilse Acevedo Cifuentes",3105001525
C101526,1090001526,"Alonso Correa García",3105001526
TC101527,1090001527,"Fabián Arredondo Salazar",3105001527
TCF101528,1090001528,"Olga Sánchez Moreno",3105001528
CH101529,1090001529,"Jorge Valencia Mesa",3105001529
CH101530,1090001530,"Dolores Alzate Sánchez",3105001530
TC101531,1090001531,"Camila Ceballos Buitrago",3105001531
SR101532,1090001532,"Juliana Soto Cortés",3105001532
TC101533,1090001533,"Gustavo Velásquez Wilches",3105001533
TCF101534,1090001534,"César Ochoa Cardona",3105001534
CH101535,1090001535,"Marcela Soto Buitrago",3105001535
CH101536,1090001536,"Alberto Villa Wilches",3105001536
SR101537,1090001537,"Tomás Orozco Velásquez",3105001537
TC101538,1090001538,"Clara Hoyos Quiceno",3105001538
DQ101539,1090001539,"Dolores Echeverri Carmona",3105001539
TC101540,1090001540,"Ernesto Rincón Patiño",3105001540
TCF101541,1090001541,"Andrés Sepúlveda Espinal",3105001541
TC101542,1090001542,"Eduardo Morales Ríos",3105001542
DQ101543,1090001543,"Ramiro Sepúlveda Orozco",3105001543
DQ101544,1090001544,"Jaime Toro Posada",3105001544
C101545,1090001545,"Martha Gallego Vásquez",3105001545
DQ101546,1090001546,"Francisco López Ibarra",3105001546
DQ101547,1090001547,"Salomé Sepúlveda Duque",3105001547
CH101548,1090001548,"Mónica Franco Gutiérrez",3105001548
DQ101549,1090001549,"Rubén Vanegas Naranjo",3105001549
TC101550,1090001550,"Emilse Velásquez Estrada",3105001550
CH101551,1090001551,"Amparo Alzate London",3105001551
CH101552,1090001552,"Mario Gutiérrez Mesa",3105001552
TC101553,1090001553,"Mauricio Ortiz Moreno",3105001553
C101554,1090001554,"Beatriz Quiceno Castaño",3105001554
C101555,1090001555,"Mario Ramírez Alzate",3105001555
C101556,1090001556,"Amparo Ceballos Salazar",3105001556
CH101557,1090001557,"Darío Toro Gallego",3105001557
CH101558,1090001558,"Adriana Pareja Mejía",3105001558
DQ101559,1090001559,"Rosalba Henao Montoya",3105001559
SR101560,1090001560,"Emilse Peláez Acevedo",3105001560
CH101561,1090001561,"Aníbal López Villa",3105001561
SR101562,1090001562,"Edilma Duque Agudelo",3105001562
DQ101563,1090001563,"Cristian González Espinal",3105001563
DQ101564,1090001564,"Carmenza Ceballos Velásquez",3105001564
CH101565,1090001565,"Fabián Acevedo Buitrago",3105001565
DQ101566,1090001566,"Fernando Grajales Muñoz",3105001566
DQ101567,1090001567,"Sandra Franco Noreña",3105001567
DQ101568,1090001568,"Aníbal Zapata Grajales",3105001568
TC101569,1090001569,"Mariana Rincón López",3105001569
SG101570,1090001570,"Diana Sánchez Restrepo",3105001570
C101571,1090001571,"Gloria Montoya Orozco",3105001571
SR101572,1090001572,"Eduardo Gallego Rojas",3105001572
TC101573,1090001573,"Natalia Noreña Gutiérrez",3105001573
TC101574,1090001574,"Mónica Alzate Velásquez",3105001574
CH101575,1090001575,"Fanny Rojas Osorio",3105001575
SR101576,1090001576,"Raquel Duque Pérez",3105001576
DQ101577,1090001577,"Lucía Moreno Muñoz",3105001577
DQ101578,1090001578,"Ángela Morales Jaramillo",3105001578
SG101579,1090001579,"Lorena Tabares Herrera",3105001579
DQ101580,1090001580,"Teresa Serna Arredondo",3105001580
C101581,1090001581,"Paula Peláez Vargas",3105001581
CH101582,1090001582,"Juliana Herrera Orozco",3105001582
CH101583,1090001583,"Andrés Galvis García",3105001583
TC101584,1090001584,"Raquel Montoya Agudelo",3105001584
SR101585,1090001585,"Ernesto Mesa Henao",3105001585
DQ101586,1090001586,"Clara Ochoa Cardona",3105001586
TCF101587,1090001587,"Esteban Loaiza Rojas",3105001587
SR101588,1090001588,"Ángela Velásquez Grajales",3105001588
CH101589,1090001589,"Marcela Estrada Mejía",3105001589
DQ101590,1090001590,"Manuel Peláez Escobar",3105001590
TC101591,1090001591,"Mauricio Alzate Vásquez",3105001591
TC101592,1090001592,"Emilse Zapata Toro",3105001592
TC101593,1090001593,"Rafael Rodas Ochoa",3105001593
TC101594,1090001594,"Cristian Pérez Carmona",3105001594
TC101595,1090001595,"Sofía Ocampo Cifuentes",3105001595
TC101596,1090001596,"Alonso Cortés Pérez",3105001596
TC101597,1090001597,"Leticia Palacio Rivera",3105001597
TC101598,1090001598,"Norberto Vanegas Gallego",3105001598
TC101599,1090001599,"Rosalba Villa Montoya",3105001599
TC101600,1090001600,"Ángela Rivera Duque",3105001600
TC101601,1090001601,"Rocío Serna Guarín",3105001601
TC101602,1090001602,"Ignacio Ibarra Ochoa",3105001602
DQ101603,1090001603,"Daniela Franco Ortiz",3105001603
DQ101604,1090001604,"Juliana Ochoa Gutiérrez",3105001604
SR101605,1090001605,"Paula Espinal Grajales",3105001605
SG101606,1090001606,"Elkin Quiceno Ocampo",3105001606
SR101607,1090001607,"Octavio Herrera Loaiza",3105001607
DQ101608,1090001608,"Silvia Ríos Orozco",3105001608
DQ101609,1090001609,"Raquel Betancur Soto",3105001609
SG101610,1090001610,"Iván Betancur Vásquez",3105001610
SG101611,1090001611,"Marcela Vásquez Gallego",3105001611
SG101612,1090001612,"Flor Hincapié Naranjo",3105001612
SG101613,1090001613,"Lucía Bedoya Rincón",3105001613
TC101614,1090001614,"Fabián Hincapié Palacio",3105001614
SR101615,1090001615,"Carlos Peláez Ibarra",3105001615
DQ101616,1090001616,"Mario García Valencia",3105001616
DQ101617,1090001617,"Óscar Restrepo Cardona",3105001617
DQ101618,1090001618,"Magnolia Naranjo Rincón",3105001618
DQ101619,1090001619,"Ricardo Noreña Serna",3105001619
TCF101620,1090001620,"Carmenza González Cifuentes",3105001620
DQ101621,1090001621,"Vicente Palacio Serna",3105001621
TC101622,1090001622,"Helena García Echeverri",3105001622
SG101623,1090001623,"Salomé Agudelo Zapata",3105001623
TCF101624,1090001624,"Samuel Toro Gutiérrez",3105001624
SR101625,1090001625,"Beatriz Arredondo Buitrago",3105001625
SR101626,1090001626,"Rosalba Naranjo Correa",3105001626
C101627,1090001627,"Isabel Higuita Quiceno",3105001627
DQ101628,1090001628,"Stella Uribe Vargas",3105001628
TC101629,1090001629,"Adriana Henao Sánchez",3105001629
TC101630,1090001630,"Nubia Ramírez Escobar",3105001630
SR101631,1090001631,"Jimena Velásquez Cifuentes",3105001631
TC101632,1090001632,"Patricia Hoyos Moreno",3105001632
CH101633,1090001633,"Eduardo González Villa",3105001633
C101634,1090001634,"Sebastián Mesa Soto",3105001634
DQ101635,1090001635,"Ángela García Echeverri",3105001635
TC101636,1090001636,"Daniela Sepúlveda Velásquez",3105001636
CH101637,1090001637,"Jaime Palacio Wilches",3105001637
CH101638,1090001638,"Fanny Osorio Vargas",3105001638
CH101639,1090001639,"Bernardo Castaño Patiño",3105001639
CH101640,1090001640,"Camila Quintero Giraldo",3105001640
DQ101641,1090001641,"Silvia Rivera Cortés",3105001641
SG101642,1090001642,"Norberto Vanegas Escobar",3105001642
DQ101643,1090001643,"Dolores Jaramillo Ceballos",3105001643
DQ101644,1090001644,"Lucía Ríos Mesa",3105001644
SR101645,1090001645,"Jaime Moreno Rodas",3105001645
SG101646,1090001646,"Valentina Sepúlveda Restrepo",3105001646
SG101647,1090001647,"Inés García Hoyos",3105001647
SG101648,1090001648,"Emilse Henao Correa",3105001648
SG101649,1090001649,"Carmenza Mesa Noreña",3105001649
SG101650,1090001650,"Patricia Estrada Pareja",3105001650
SR101651,1090001651,"Edilma Vásquez Montoya",3105001651
SG101652,1090001652,"Nubia Galvis Giraldo",3105001652
SG101653,1090001653,"Diego Giraldo Acevedo",3105001653
TC101654,1090001654,"Manuel Osorio Toro",3105001654
TCF101655,1090001655,"Norberto Hoyos Herrera",3105001655
C101656,1090001656,"Mariana Quiceno Loaiza",3105001656
CH101657,1090001657,"Helena Velásquez Villa",3105001657
SG101658,1090001658,"Teresa Salazar Gallego",3105001658
SG101659,1090001659,"Ramiro Ochoa Cifuentes",3105001659
SG101660,1090001660,"Paula Escobar Estrada",3105001660
SG101661,1090001661,"Tomás Loaiza Posada",3105001661
C101662,1090001662,"Héctor Arredondo Ramírez",3105001662
TC101663,1090001663,"Emilse Henao Tabares",3105001663
TC101664,1090001664,"Sofía Hincapié Cifuentes",3105001664
SR101665,1090001665,"Isabel Ocampo Vargas",3105001665
TC101666,1090001666,"Duván Vásquez Estrada",3105001666
DQ101667,1090001667,"Javier Trujillo Ocampo",3105001667
C101668,1090001668,"Sofía Ocampo García",3105001668
C101669,1090001669,"Cristian Estrada Orozco",3105001669
C101670,1090001670,"Camila Marín Hoyos",3105001670
TC101671,1090001671,"Lucía Galvis Osorio",3105001671
C101672,1090001672,"Ángela Gutiérrez Valencia",3105001672
DQ101673,1090001673,"Eduardo Arango Marín",3105001673
DQ101674,1090001674,"Leonardo Restrepo Salazar",3105001674
CH101675,1090001675,"Ángela Acevedo Henao",3105001675
VS101676,1090001676,"Aníbal Patiño Ceballos",3105001676
C101677,1090001677,"Hernán Muñoz Gutiérrez",3105001677
DQ101678,1090001678,"Fanny Muñoz Carmona",3105001678
C101679,1090001679,"Raquel Montoya Vargas",3105001679
SR101680,1090001680,"César Morales Toro",3105001680
C101681,1090001681,"Diego González Orozco",3105001681
TC101682,1090001682,"Francisco Aristizábal Pareja",3105001682
C101683,1090001683,"Yolanda Serna Ríos",3105001683
SR101684,1090001684,"Salomé Zapata Restrepo",3105001684
SG101685,1090001685,"Inés Toro Cifuentes",3105001685
DQ101686,1090001686,"Lucía Moreno Sepúlveda",3105001686
CH101687,1090001687,"Andrés Rodas Echeverri",3105001687
C101688,1090001688,"Lucía Sepúlveda Mesa",3105001688
VG101689,1090001689,"Germán Ochoa Cifuentes",3105001689
C101690,1090001690,"Germán Hincapié Soto",3105001690
TC101691,1090001691,"Magnolia Peláez Pérez",3105001691
C101692,1090001692,"Beatriz Ocampo Pérez",3105001692
DQ101693,1090001693,"Sofía Cardona Estrada",3105001693
C101694,1090001694,"Valentina Muñoz Gómez",3105001694
SR101695,1090001695,"Nelson Cifuentes Arango",3105001695
DQ101696,1090001696,"Lorena Buitrago Cardona",3105001696
DQ101697,1090001697,"Mauricio Giraldo Rincón",3105001697
SG101698,1090001698,"Lucía Vargas Noreña",3105001698
SG101699,1090001699,"Alberto Restrepo Henao",3105001699
DQ101700,1090001700,"Valentina Ochoa Orozco",3105001700
TC101701,1090001701,"Héctor Buitrago García",3105001701
SG101702,1090001702,"Sebastián Trujillo Serna",3105001702
CH101703,1090001703,"Nelson Estrada Uribe",3105001703
DQ101704,1090001704,"Germán Moreno Patiño",3105001704
SG101705,1090001705,"Salomé Villa Mejía",3105001705
TC101706,1090001706,"Germán Restrepo Quintero",3105001706
DQ101707,1090001707,"Mario London Pérez",3105001707
DQ101708,1090001708,"Ricardo Valencia Agudelo",3105001708
C101709,1090001709,"Vicente Ortiz Ocampo",3105001709
TC101710,1090001710,"Rocío Henao London",3105001710
C101711,1090001711,"Iván Peláez Higuita",3105001711
C101712,1090001712,"Sebastián London Herrera",3105001712
C101713,1090001713,"Alberto Giraldo Franco",3105001713
SG101714,1090001714,"Gabriela Hincapié Henao",3105001714
C101715,1090001715,"Dolores Correa Trujillo",3105001715
SR101716,1090001716,"Ángela Henao Correa",3105001716
SR101717,1090001717,"Rocío Guarín Loaiza",3105001717
SG101718,1090001718,"Helena Henao Montoya",3105001718
DQ101719,1090001719,"Silvia Quintero Galvis",3105001719
SG101720,1090001720,"Sofía Guarín Agudelo",3105001720
DQ101721,1090001721,"Hernán Loaiza London",3105001721
DQ101722,1090001722,"Diego Escobar Bedoya",3105001722
SG101723,1090001723,"Nelson Rojas Peláez",3105001723
DQ101724,1090001724,"Octavio Uribe Montoya",3105001724
C101725,1090001725,"Eduardo Rivera Muñoz",3105001725
TC101726,1090001726,"Ángela García Arango",3105001726
SR101727,1090001727,"Juliana Carmona Cortés",3105001727
TC101728,1090001728,"Mónica Rincón Duque",3105001728
CH101729,1090001729,"Martha Ochoa Vargas",3105001729
DQ101730,1090001730,"Mario Ceballos López",3105001730
SG101731,1090001731,"Raquel London López",3105001731
C101732,1090001732,"Samuel Mesa Pérez",3105001732
VG101733,1090001733,"Ángela Cortés Cifuentes",3105001733
C101734,1090001734,"Fernando Espinal Alzate",3105001734
C101735,1090001735,"Edilma Serna Quintero",3105001735
C101736,1090001736,"Carmenza Higuita Velásquez",3105001736
C101737,1090001737,"Stella Betancur Loaiza",3105001737
C101738,1090001738,"Inés Gutiérrez Escobar",3105001738
C101739,1090001739,"Mariana Carmona Castaño",3105001739
C101740,1090001740,"Mario Cardona Herrera",3105001740
C101741,1090001741,"Beatriz Naranjo Cardona",3105001741
SR101742,1090001742,"Manuel Serna Moreno",3105001742
DQ101743,1090001743,"Nelson Estrada Montoya",3105001743
DQ101744,1090001744,"Adriana Noreña Ceballos",3105001744
SG101745,1090001745,"Daniela González Rodas",3105001745
VG101746,1090001746,"Raquel Zapata García",3105001746
DQ101747,1090001747,"Manuel Muñoz Quintero",3105001747
TCF101748,1090001748,"Javier Velásquez Hoyos",3105001748
TC101749,1090001749,"Rodrigo Mejía Bedoya",3105001749
DQ101750,1090001750,"Elena Vásquez Tabares",3105001750
TC101751,1090001751,"Natalia Mesa Salazar",3105001751
TCF101752,1090001752,"Rocío Quiceno González",3105001752
TC101753,1090001753,"Raquel Sánchez Espinal",3105001753
SG101754,1090001754,"Aníbal Villa Betancur",3105001754
C101755,1090001755,"Jimena Arango Posada",3105001755
SG101756,1090001756,"Inés Quiceno Herrera",3105001756
DQ101757,1090001757,"Teresa Rojas Estrada",3105001757
TC101758,1090001758,"Gustavo Uribe Serna",3105001758
TC101759,1090001759,"Rocío Ramírez London",3105001759
TC101760,1090001760,"Lucía López Arredondo",3105001760
SR101761,1090001761,"Alejandra Rincón Alzate",3105001761
TC101762,1090001762,"Ernesto Duque Cortés",3105001762
VG101763,1090001763,"Nelson Galvis Ospina",3105001763
C101764,1090001764,"Gloria Morales Grajales",3105001764
SR101765,1090001765,"Teresa Montoya Loaiza",3105001765
SR101766,1090001766,"Alberto Sepúlveda Estrada",3105001766
SG101767,1090001767,"Vicente Trujillo Muñoz",3105001767
TC101768,1090001768,"Andrés Buitrago Cardona",3105001768
TC101769,1090001769,"Diego Orozco Cardona",3105001769
TC101770,1090001770,"Sandra Peláez Cortés",3105001770
TC101771,1090001771,"Adriana Franco Wilches",3105001771
SR101772,1090001772,"Sofía Toro Rodas",3105001772
CH101773,1090001773,"Amparo Valencia Gómez",3105001773
CH101774,1090001774,"Héctor Estrada Gutiérrez",3105001774
C101775,1090001775,"Diana Gómez Vásquez",3105001775
DQ101776,1090001776,"Ricardo Trujillo Galvis",3105001776
CH101777,1090001777,"Estela Valencia Ospina",3105001777
SR101778,1090001778,"Aníbal Arango Patiño",3105001778
TCF101779,1090001779,"Manuel Serna Trujillo",3105001779
DQ101780,1090001780,"Leticia Gutiérrez Hincapié",3105001780
DQ101781,1090001781,"Nelson Henao Carmona",3105001781
DQ101782,1090001782,"Sofía Herrera Palacio",3105001782
C101783,1090001783,"Óscar Toro Naranjo",3105001783
C101784,1090001784,"Carlos Montoya Palacio",3105001784
C101785,1090001785,"Valentina Vargas Sepúlveda",3105001785
CH101786,1090001786,"Norberto Buitrago Franco",3105001786
DQ101787,1090001787,"Edilma Hincapié Aristizábal",3105001787
C101788,1090001788,"Adriana Osorio Ramírez",3105001788
DQ101789,1090001789,"Jorge Muñoz Tabares",3105001789
SR101790,1090001790,"Ernesto Ibarra Noreña",3105001790
TC101791,1090001791,"Raquel González Rojas",3105001791
SR101792,1090001792,"Lucía Velásquez Naranjo",3105001792
C101793,1090001793,"Bernardo Echeverri Correa",3105001793
TCF101794,1090001794,"Patricia Aristizábal Cortés",3105001794
SR101795,1090001795,"Leonardo Morales Cardona",3105001795
C101796,1090001796,"Gustavo Carmona Ortiz",3105001796
DQ101797,1090001797,"Lucía Marín Gómez",3105001797
SR101798,1090001798,"Patricia Marín Uribe",3105001798
SR101799,1090001799,"Fanny Ríos Rodas",3105001799
C101800,1090001800,"Aníbal London Hoyos",3105001800
TC101801,1090001801,"Emilse Duque Moreno",3105001801
DQ101802,1090001802,"Isabel Wilches Vanegas",3105001802
C101803,1090001803,"Mariana Jaramillo Escobar",3105001803
TC101804,1090001804,"Samuel Ospina Ceballos",3105001804
C101805,1090001805,"Óscar Cifuentes Ramírez",3105001805
TC101806,1090001806,"Elkin Uribe Rivera",3105001806
SR101807,1090001807,"Carmenza Loaiza Noreña",3105001807
C101808,1090001808,"Duván Aristizábal Valencia",3105001808
TCF101809,1090001809,"Fernando Arredondo Ospina",3105001809
TCF101810,1090001810,"Andrés Villa Gómez",3105001810
SR101811,1090001811,"Luis López Grajales",3105001811
DQ101812,1090001812,"Ramiro Cifuentes Ochoa",3105001812
TC101813,1090001813,"Lucía Trujillo Salazar",3105001813
TC101814,1090001814,"Salomé Grajales Betancur",3105001814
SM101815,1090001815,"Gustavo Ortiz Cortés",3105001815
TC101816,1090001816,"Luis Mejía Noreña",3105001816
C101817,1090001817,"Andrés Moreno Grajales",3105001817
VG101818,1090001818,"Jorge Higuita Mejía",3105001818
VG101819,1090001819,"Olga Mejía Rojas",3105001819
TC101820,1090001820,"Raquel Rincón Franco",3105001820
C101821,1090001821,"Diego Uribe Quintero",3105001821
DQ101822,1090001822,"Jaime Ocampo Vanegas",3105001822
SR101823,1090001823,"Sebastián Orozco Rojas",3105001823
SG101824,1090001824,"Mariana Villa Quiceno",3105001824
TC101825,1090001825,"Alberto Aristizábal Sepúlveda",3105001825
SR101826,1090001826,"Silvia Herrera Marín",3105001826
SR101827,1090001827,"Raquel Rivera Estrada",3105001827
SR101828,1090001828,"Martha Ríos Quiceno",3105001828
CH101829,1090001829,"Alejandra Giraldo Restrepo",3105001829
DQ101830,1090001830,"Gabriela Sepúlveda Palacio",3105001830
DQ101831,1090001831,"Leticia Cifuentes Gutiérrez",3105001831
VG101832,1090001832,"Ramiro Vargas Gallego",3105001832
TC101833,1090001833,"Leticia Rincón Loaiza",3105001833
C101834,1090001834,"Mariana Moreno Arredondo",3105001834
C101835,1090001835,"Pedro Betancur Orozco",3105001835
TC101836,1090001836,"Manuel Rojas Ramírez",3105001836
DQ101837,1090001837,"Mauricio Guarín Peláez",3105001837
DQ101838,1090001838,"Jorge Tabares Zapata",3105001838
TC101839,1090001839,"Carlos Jaramillo Rincón",3105001839
DQ101840,1090001840,"Amparo Rojas Ochoa",3105001840
C101841,1090001841,"Leticia Palacio Uribe",3105001841
SR101842,1090001842,"Héctor Cortés Cardona",3105001842
C101843,1090001843,"Magnolia Jaramillo Zapata",3105001843
C101844,1090001844,"Stella Giraldo Muñoz",3105001844
SG101845,1090001845,"César Duque Ocampo",3105001845
DQ101846,1090001846,"Jorge Quintero Giraldo",3105001846
SR101847,1090001847,"Beatriz Moreno Pareja",3105001847
TC101848,1090001848,"Manuel Tabares Villa",3105001848
TC101849,1090001849,"Rafael Franco Pareja",3105001849
C101850,1090001850,"Alejandra Posada Betancur",3105001850
SG101851,1090001851,"Samuel Naranjo Soto",3105001851
CH101852,1090001852,"Ramiro Rodas Arango",3105001852
DQ101853,1090001853,"Yolanda Giraldo Montoya",3105001853
C101854,1090001854,"Marcela Serna Loaiza",3105001854
TC101855,1090001855,"Gustavo Peláez Trujillo",3105001855
TC101856,1090001856,"Margarita Escobar Zapata",3105001856
DQ101857,1090001857,"Octavio Marín Escobar",3105001857
C101858,1090001858,"Jimena Galvis Toro",3105001858
TC101859,1090001859,"César Pareja Espinal",3105001859
SR101860,1090001860,"Hernán Correa Ramírez",3105001860
SR101861,1090001861,"Martha Rincón Posada",3105001861
DQ101862,1090001862,"Ignacio Mejía Galvis",3105001862
C101863,1090001863,"Ernesto Aristizábal Gallego",3105001863
DQ101864,1090001864,"Martha Quiceno Grajales",3105001864
C101865,1090001865,"Jaime Tabares Correa",3105001865
TC101866,1090001866,"Yolanda Villa Trujillo",3105001866
TCF101867,1090001867,"Mónica Wilches Rincón",3105001867
SG101868,1090001868,"Josefina Valencia García",3105001868
SR101869,1090001869,"Ramiro Aristizábal Grajales",3105001869
SG101870,1090001870,"Mónica Herrera Arango",3105001870
C101871,1090001871,"Sandra Henao Rivera",3105001871
DQ101872,1090001872,"Pedro Restrepo Zapata",3105001872
SR101873,1090001873,"Rosalba Moreno Pérez",3105001873
C101874,1090001874,"Sofía Hoyos Wilches",3105001874
C101875,1090001875,"Ricardo Galvis Vásquez",3105001875
TCF101876,1090001876,"Sandra Herrera Osorio",3105001876
DQ101877,1090001877,"Amparo Soto Betancur",3105001877
DQ101878,1090001878,"Samuel Cardona Ríos",3105001878
DQ101879,1090001879,"Gabriela Herrera Gómez",3105001879
TC101880,1090001880,"Norberto Bedoya Grajales",3105001880
PQ101881,1090001881,"Javier Morales Aristizábal",3105001881
VG101882,1090001882,"Octavio Aristizábal Espinal",3105001882
DQ101883,1090001883,"Diana Villa Ibarra",3105001883
TC101884,1090001884,"Estela Ceballos Correa",3105001884
SR101885,1090001885,"Beatriz Pareja Salazar",3105001885
DQ101886,1090001886,"Valentina Espinal López",3105001886
VG101887,1090001887,"Patricia López Marín",3105001887
VG101888,1090001888,"Elena Carmona Gómez",3105001888
C101889,1090001889,"Inés Cifuentes Wilches",3105001889
SR101890,1090001890,"Ángela Henao Gutiérrez",3105001890
VG101891,1090001891,"Valentina Jaramillo Rojas",3105001891
DQ101892,1090001892,"Gloria Sánchez London",3105001892
SG101893,1090001893,"Leticia Quintero Montoya",3105001893
TC101894,1090001894,"Margarita London Ortiz",3105001894
DQ101895,1090001895,"Octavio Gallego Galvis",3105001895
C101896,1090001896,"Marcela London Vanegas",3105001896
CH101897,1090001897,"Clara Galvis Wilches",3105001897
TC101898,1090001898,"Eduardo Jaramillo Ocampo",3105001898
C101899,1090001899,"Camila Ospina Bedoya",3105001899
C101900,1090001900,"Daniela Velásquez Aristizábal",3105001900
C101901,1090001901,"Ángela Valencia Cifuentes",3105001901
DQ101902,1090001902,"Teresa Duque Franco",3105001902
SR101903,1090001903,"Natalia Ochoa Moreno",3105001903
CH101904,1090001904,"Camila Cardona Soto",3105001904
DQ101905,1090001905,"Silvia Galvis Bedoya",3105001905
CH101906,1090001906,"Octavio Palacio Ocampo",3105001906
TC101907,1090001907,"Silvia Vargas Aristizábal",3105001907
SR101908,1090001908,"Paula London Patiño",3105001908
SR101909,1090001909,"Tomás Arango London",3105001909
TC101910,1090001910,"Stella Galvis García",3105001910
SG101911,1090001911,"Ángela Sepúlveda Cortés",3105001911
DQ101912,1090001912,"Stella Ocampo Betancur",3105001912
TC101913,1090001913,"Adriana Rojas Orozco",3105001913
DQ101914,1090001914,"Ricardo Jaramillo Sepúlveda",3105001914
DQ101915,1090001915,"Elkin Quiceno Acevedo",3105001915
VG101916,1090001916,"Flor Velásquez Escobar",3105001916
DQ101917,1090001917,"Leticia Agudelo Bedoya",3105001917
SG101918,1090001918,"Natalia Ceballos Correa",3105001918
CH101919,1090001919,"Lorena Restrepo Hoyos",3105001919
TC101920,1090001920,"Magnolia Naranjo Alzate",3105001920
TC101921,1090001921,"Javier Tabares Duque",3105001921
DQ101922,1090001922,"Magnolia Osorio Ortiz",3105001922
VG101923,1090001923,"César Morales Moreno",3105001923
DQ101924,1090001924,"Rafael London Rojas",3105001924
TC101925,1090001925,"Lorena Orozco Ortiz",3105001925
DQ101926,1090001926,"Mauricio Orozco Rincón",3105001926
DQ101927,1090001927,"Edilma Loaiza London",3105001927
SR101928,1090001928,"Helena Quintero Ochoa",3105001928
TCF101929,1090001929,"Leticia Montoya Naranjo",3105001929
DQ101930,1090001930,"Leonardo Ceballos Cifuentes",3105001930
DQ101931,1090001931,"Natalia Franco Pareja",3105001931
DQ101932,1090001932,"Luis Restrepo López",3105001932
DQ101933,1090001933,"Jaime Toro Ríos",3105001933
TCF101934,1090001934,"Patricia Herrera Noreña",3105001934
TC101935,1090001935,"Sebastián Cortés Tabares",3105001935
TC101936,1090001936,"Ramiro Naranjo Rojas",3105001936
SR101937,1090001937,"Silvia Noreña Velásquez",3105001937
TC101938,1090001938,"Camila Bedoya Castaño",3105001938
SR101939,1090001939,"Yolanda Vanegas Guarín",3105001939
DQ101940,1090001940,"Rubén Castaño Vásquez",3105001940
DQ101941,1090001941,"Gloria Vargas Noreña",3105001941
TC101942,1090001942,"Juliana Restrepo Escobar",3105001942
TC101943,1090001943,"Andrés Valencia Orozco",3105001943
TC101944,1090001944,"Gustavo Tabares Arango",3105001944
SG101945,1090001945,"Emilse González Palacio",3105001945
TCF101946,1090001946,"Alejandra Quiceno Ochoa",3105001946
DQ101947,1090001947,"Rocío Ibarra Posada",3105001947
C101948,1090001948,"Ángela Cortés Marín",3105001948
TCF101949,1090001949,"Juliana Acevedo Quiceno",3105001949
TC101950,1090001950,"Vicente Cortés Posada",3105001950
SR101951,1090001951,"Inés Arredondo Serna",3105001951
SR101952,1090001952,"Rodrigo Noreña Arango",3105001952
DQ101953,1090001953,"Beatriz Ibarra Ocampo",3105001953
TCF101954,1090001954,"Ricardo Velásquez Hoyos",3105001954
TC101955,1090001955,"Rodrigo Mesa Gallego",3105001955
SR101956,1090001956,"Beatriz London Peláez",3105001956
TC101957,1090001957,"Mariana Ochoa Ibarra",3105001957
TC101958,1090001958,"Carmenza Vargas Orozco",3105001958
SR101959,1090001959,"Sofía Franco Orozco",3105001959
C101960,1090001960,"Lorena Arredondo Mejía",3105001960
TC101961,1090001961,"Pedro Higuita Morales",3105001961
DQ101962,1090001962,"Valentina Pérez Ospina",3105001962
TC101963,1090001963,"Aníbal Aristizábal Muñoz",3105001963
SG101964,1090001964,"Raquel Toro Vásquez",3105001964
SR101965,1090001965,"Jorge Osorio Palacio",3105001965
TC101966,1090001966,"Óscar Patiño Gallego",3105001966
SR101967,1090001967,"Mariana Vargas Estrada",3105001967
DQ101968,1090001968,"Gabriela Salazar Mesa",3105001968
DQ101969,1090001969,"Samuel Palacio Acevedo",3105001969
SR101970,1090001970,"Yolanda Rincón Cifuentes",3105001970
TC101971,1090001971,"Paula Galvis Ramírez",3105001971
TC101972,1090001972,"Daniela Gutiérrez Quintero",3105001972
CH101973,1090001973,"Raquel Carmona Higuita",3105001973
REBECA101974,1090001974,"Juliana Higuita Herrera",3105001974
TC101975,1090001975,"Rubén Cortés Duque",3105001975
SR101976,1090001976,"Paula Villa Ochoa",3105001976
TC101977,1090001977,"Fanny Mejía Rojas",3105001977
TC101978,1090001978,"Raquel Buitrago Guarín",3105001978
SG101979,1090001979,"Diana Carmona Vargas",3105001979
DQ101980,1090001980,"Fanny Giraldo Henao",3105001980
SR101981,1090001981,"Gustavo Soto Trujillo",3105001981
DQ101982,1090001982,"Rubén Acevedo Vanegas",3105001982
CH101983,1090001983,"Alberto Mejía Rincón",3105001983
SR101984,1090001984,"Bernardo Alzate Rojas",3105001984
TC101985,1090001985,"Margarita Ramírez Buitrago",3105001985
C101986,1090001986,"Ramiro Restrepo Velásquez",3105001986
SR101987,1090001987,"Diego Cardona Ceballos",3105001987
SR101988,1090001988,"Alejandra Ortiz Galvis",3105001988
SR101989,1090001989,"Salomé Vásquez Soto",3105001989
SR101990,1090001990,"Rodrigo Bedoya Restrepo",3105001990
TC101991,1090001991,"Germán Quintero Wilches",3105001991
TC101992,1090001992,"Mario Quiceno Jaramillo",3105001992
DQ101993,1090001993,"Germán Vanegas Hincapié",3105001993
TC101994,1090001994,"Inés Patiño Velásquez",3105001994
SR101995,1090001995,"Fabián López Herrera",3105001995
C101996,1090001996,"Isabel Gómez Ceballos",3105001996
DQ101997,1090001997,"Mariana Agudelo Pérez",3105001997
DQ101998,1090001998,"Rafael Alzate Buitrago",3105001998
TC101999,1090001999,"Sandra Buitrago Patiño",3105001999
C102000,1090002000,"Rodrigo Osorio Soto",3105002000
C102001,1090002001,"Aníbal Echeverri Sepúlveda",3105002001
C102002,1090002002,"Estela Mejía Quiceno",3105002002
C102003,1090002003,"Pedro Naranjo Velásquez",3105002003
C102004,1090002004,"Óscar London Villa",3105002004
TC102005,1090002005,"Duván Moreno Toro",3105002005
TCF102006,1090002006,"Aníbal Serna López",3105002006
TC102007,1090002007,"Elkin Giraldo Loaiza",3105002007
C102008,1090002008,"Nelson Velásquez García",3105002008
C102009,1090002009,"Leticia Ríos Ospina",3105002009
TCF102010,1090002010,"Diego Osorio Soto",3105002010
C102011,1090002011,"Octavio Posada Salazar",3105002011
C102012,1090002012,"Tomás Rojas Franco",3105002012
VG102013,1090002013,"Javier Ochoa Loaiza",3105002013
TC102014,1090002014,"Natalia Moreno Muñoz",3105002014
TC102015,1090002015,"Salomé Ocampo Aristizábal",3105002015
DQ102016,1090002016,"Natalia Vásquez Castaño",3105002016
SR102017,1090002017,"Teresa Buitrago Ortiz",3105002017
TC102018,1090002018,"Bernardo Uribe Gutiérrez",3105002018
SR102019,1090002019,"Esteban Trujillo Herrera",3105002019
C102020,1090002020,"Diego Agudelo Cifuentes",3105002020
TCF102021,1090002021,"Gustavo Carmona Vanegas",3105002021
C102022,1090002022,"Fanny Gallego Ibarra",3105002022
DQ102023,1090002023,"Clara Arango Tabares",3105002023
DQ102024,1090002024,"César Pérez Serna",3105002024
DQ102025,1090002025,"Teresa Rincón Salazar",3105002025
DQ102026,1090002026,"Flor Grajales Quiceno",3105002026
DQ102027,1090002027,"Lucía Ramírez Giraldo",3105002027
VG102028,1090002028,"Norberto Carmona Betancur",3105002028
VG102029,1090002029,"Rosalba Gutiérrez Buitrago",3105002029
SR102030,1090002030,"Emilse Agudelo Uribe",3105002030
DQ102031,1090002031,"Nelson Palacio Valencia",3105002031
SR102032,1090002032,"Sandra Duque Buitrago",3105002032
TC102033,1090002033,"Alonso Osorio Estrada",3105002033
DQ102034,1090002034,"Isabel Henao Quintero",3105002034
TC102035,1090002035,"Edilma Grajales Mesa",3105002035
SG102036,1090002036,"Octavio Jaramillo Ochoa",3105002036
TC102037,1090002037,"Manuel Estrada Rodas",3105002037
TC102038,1090002038,"Inés Acevedo Noreña",3105002038
SR102039,1090002039,"Fabián Serna Grajales",3105002039
TCF102040,1090002040,"Lorena Mejía Montoya",3105002040
DQ102041,1090002041,"Andrés Ceballos Salazar",3105002041
TC102042,1090002042,"Rosalba Muñoz Ortiz",3105002042
TC102043,1090002043,"Norberto Castaño Carmona",3105002043
C102044,1090002044,"Isabel Mejía Zapata",3105002044
DQ102045,1090002045,"Valentina Correa Escobar",3105002045
CH102046,1090002046,"Nelson Ortiz Ocampo",3105002046
DQ102047,1090002047,"Darío Salazar Tabares",3105002047
TC102048,1090002048,"Carmenza Ortiz Ibarra",3105002048
SR102049,1090002049,"Magnolia Guarín Gallego",3105002049
TC102050,1090002050,"Martha Higuita Escobar",3105002050
C102051,1090002051,"Natalia Guarín Herrera",3105002051
C102052,1090002052,"Luis Higuita Gutiérrez",3105002052
TC102053,1090002053,"Nubia Rodas Villa",3105002053
TC102054,1090002054,"Gustavo Echeverri Orozco",3105002054
SG102055,1090002055,"Manuel Morales Bedoya",3105002055
DQ102056,1090002056,"Ángela Pareja Carmona",3105002056
CH102057,1090002057,"Leonardo Serna Ibarra",3105002057
TC102058,1090002058,"Ramiro Higuita Alzate",3105002058
C102059,1090002059,"Jimena Guarín López",3105002059
TC102060,1090002060,"Tomás Ramírez Toro",3105002060
SG102061,1090002061,"Mauricio Rivera Galvis",3105002061
SR102062,1090002062,"Juliana Cifuentes Posada",3105002062
TC102063,1090002063,"Gustavo Rincón Estrada",3105002063
TC102064,1090002064,"Andrés Trujillo Grajales",3105002064
TCF102065,1090002065,"Marcela Patiño Buitrago",3105002065
TC102066,1090002066,"Patricia Hoyos Soto",3105002066
SG102067,1090002067,"Samuel Uribe Ramírez",3105002067
C102068,1090002068,"Andrés Moreno Cortés",3105002068
TC102069,1090002069,"Silvia Cortés Buitrago",3105002069
SR102070,1090002070,"Mario Moreno Sepúlveda",3105002070
SR102071,1090002071,"Helena Alzate Vargas",3105002071
TC102072,1090002072,"Darío Mesa Franco",3105002072
DQ102073,1090002073,"Pedro González Uribe",3105002073
DQ102074,1090002074,"Helena Henao Vanegas",3105002074
VG102075,1090002075,"Tomás Uribe Rojas",3105002075
TC102076,1090002076,"Helena López Vargas",3105002076
TC102077,1090002077,"Vicente Pareja Estrada",3105002077
TC102078,1090002078,"Cristian Arango Vásquez",3105002078
VG102079,1090002079,"Sebastián Tabares Peláez",3105002079
TC102080,1090002080,"Josefina Betancur Quintero",3105002080
DQ102081,1090002081,"Óscar Loaiza Correa",3105002081
TCF102082,1090002082,"Lorena Galvis Posada",3105002082
TC102083,1090002083,"Óscar Espinal Serna",3105002083
DQ102084,1090002084,"Olga Hincapié Castaño",3105002084
SR102085,1090002085,"Vicente Morales Agudelo",3105002085
DQ102086,1090002086,"Pedro Guarín Rojas",3105002086
TC102087,1090002087,"Rodrigo Ríos Orozco",3105002087
TC102088,1090002088,"Adriana Guarín Gallego",3105002088
VG102089,1090002089,"Luis Jaramillo Loaiza",3105002089
TCF102090,1090002090,"Marcela Rivera Rodas",3105002090
TC102091,1090002091,"Nubia Escobar Vargas",3105002091
DQ102092,1090002092,"Juliana Correa Muñoz",3105002092
DQ102093,1090002093,"Gloria Alzate Rivera",3105002093
TC102094,1090002094,"Ignacio Restrepo Rodas",3105002094
TC102095,1090002095,"Tomás Alzate Montoya",3105002095
DQ102096,1090002096,"Ignacio Moreno Zapata",3105002096
TC102097,1090002097,"Daniela Ochoa Restrepo",3105002097
TC102098,1090002098,"Flor Ibarra Ceballos",3105002098
TC102099,1090002099,"Sebastián Rodas Henao",3105002099
SG102100,1090002100,"Aníbal Toro Pareja",3105002100
C102101,1090002101,"Daniela Rojas Espinal",3105002101
DQ102102,1090002102,"Iván Ortiz Cardona",3105002102
DQ102103,1090002103,"Teresa Gallego Toro",3105002103
TC102104,1090002104,"Dolores Toro Ramírez",3105002104
VG102105,1090002105,"Rafael Serna Hoyos",3105002105
TC102106,1090002106,"Elena Patiño López",3105002106
TCF102107,1090002107,"Octavio Soto Ortiz",3105002107
DQ102108,1090002108,"Rubén Gómez Carmona",3105002108
C102109,1090002109,"Natalia Soto Higuita",3105002109
SR102110,1090002110,"Cristian Rincón Cortés",3105002110
DQ102111,1090002111,"Edilma Morales Villa",3105002111
C102112,1090002112,"Carlos London Galvis",3105002112
VG102113,1090002113,"Silvia Ríos Carmona",3105002113
TC102114,1090002114,"Leticia Montoya Toro",3105002114
DQ102115,1090002115,"Ricardo Osorio Morales",3105002115
TC102116,1090002116,"Elkin Estrada Ortiz",3105002116
TCF102117,1090002117,"Olga Ortiz Estrada",3105002117
DQ102118,1090002118,"Diana Wilches Posada",3105002118
DQ102119,1090002119,"Amparo Ocampo Hoyos",3105002119
C102120,1090002120,"Amparo Wilches Henao",3105002120
TC102121,1090002121,"Magnolia Vargas Velásquez",3105002121
SG102122,1090002122,"Hernán Vásquez Henao",3105002122
VG102123,1090002123,"Teresa Agudelo García",3105002123
TC102124,1090002124,"Sandra Peláez Buitrago",3105002124
DQ102125,1090002125,"Carmenza Ochoa Galvis",3105002125
SG102126,1090002126,"Jimena Espinal Hoyos",3105002126
C102127,1090002127,"Olga Betancur Sánchez",3105002127
SG102128,1090002128,"Lucía Arango Moreno",3105002128
SR102129,1090002129,"Helena Tabares Valencia",3105002129
TC102130,1090002130,"Clara Hoyos Correa",3105002130
DQ102131,1090002131,"Salomé Hoyos Alzate",3105002131
SG102132,1090002132,"Helena Jaramillo Giraldo",3105002132
TC102133,1090002133,"Dolores Velásquez Ochoa",3105002133
TC102134,1090002134,"Eduardo Ochoa Estrada",3105002134
SG102135,1090002135,"Pedro Echeverri Orozco",3105002135
SR102136,1090002136,"Luis Moreno Zapata",3105002136
SR102137,1090002137,"Raquel Zapata Buitrago",3105002137
DQ102138,1090002138,"Daniela Serna Ibarra",3105002138
TC102139,1090002139,"Paula Trujillo Rojas",3105002139
TCF102140,1090002140,"Mónica Estrada Vargas",3105002140
NATALIA102141,1090002141,"Helena Rincón Rodas",3105002141
CH102142,1090002142,"Ramiro Hincapié Ochoa",3105002142
DQ102143,1090002143,"Martha Agudelo Valencia",3105002143
DQ102144,1090002144,"Esteban Hoyos López",3105002144
TCF102145,1090002145,"Clara Correa Duque",3105002145
DQ102146,1090002146,"Daniela López Guarín",3105002146
TC102147,1090002147,"Camila Correa Soto",3105002147
TC102148,1090002148,"Teresa Estrada Trujillo",3105002148
TC102149,1090002149,"Iván Hoyos Sánchez",3105002149
TCF102150,1090002150,"Adriana Estrada Echeverri",3105002150
VG102151,1090002151,"Daniela Bedoya Arredondo",3105002151
TC102152,1090002152,"Norberto Trujillo Buitrago",3105002152
TC102153,1090002153,"Josefina Toro García",3105002153
VG102154,1090002154,"Yolanda Ibarra Correa",3105002154
C102155,1090002155,"Carmenza Acevedo Rodas",3105002155
TC102156,1090002156,"Valentina Loaiza González",3105002156
TCF102157,1090002157,"Nelson Arredondo Ochoa",3105002157
SR102158,1090002158,"Magnolia Hincapié Loaiza",3105002158
C102159,1090002159,"Aníbal Peláez Castaño",3105002159
SR102160,1090002160,"Beatriz Acevedo Echeverri",3105002160
SG102161,1090002161,"Eduardo Posada Tabares",3105002161
DQ102162,1090002162,"Carlos Estrada Vásquez",3105002162
C102163,1090002163,"Manuel Rincón Ríos",3105002163
SG102164,1090002164,"Elena Pareja Higuita",3105002164
TC102165,1090002165,"Germán Serna Buitrago",3105002165
SR102166,1090002166,"Valentina Morales Mesa",3105002166
SR102167,1090002167,"Pedro Sepúlveda Pareja",3105002167
TC102168,1090002168,"Elkin Loaiza Restrepo",3105002168
TC102169,1090002169,"Javier Cortés Hincapié",3105002169
TCF102170,1090002170,"Francisco Rodas Acevedo",3105002170
C102171,1090002171,"Eduardo Pérez Arredondo",3105002171
DQ102172,1090002172,"Paula Montoya González",3105002172
SG102173,1090002173,"Stella Gutiérrez Muñoz",3105002173
DQ102174,1090002174,"Martha Alzate Quintero",3105002174
TC102175,1090002175,"Gloria Ceballos Quintero",3105002175
C102176,1090002176,"Dolores Mesa Wilches",3105002176
TC102177,1090002177,"Hernán Cardona López",3105002177
DQ102178,1090002178,"Salomé Ceballos Wilches",3105002178
TC102179,1090002179,"Raquel Correa Restrepo",3105002179
C102180,1090002180,"Raquel Ibarra Patiño",3105002180
C102181,1090002181,"Silvia Duque Giraldo",3105002181
SR102182,1090002182,"Paula Cardona Rincón",3105002182
DQ102183,1090002183,"Rubén Bedoya Ortiz",3105002183
TC102184,1090002184,"Esteban Cifuentes Mejía",3105002184
TC102185,1090002185,"Paula Arango Morales",3105002185
TCF102186,1090002186,"Elena Toro Osorio",3105002186
VG102187,1090002187,"Óscar Guarín Higuita",3105002187
TC102188,1090002188,"Lucía Osorio Gallego",3105002188
DQ102189,1090002189,"Ramiro Quintero Betancur",3105002189
TC102190,1090002190,"Amparo Zapata Peláez",3105002190
DQ102191,1090002191,"Fabián Toro Castaño",3105002191
C102192,1090002192,"Gabriela Orozco Tabares",3105002192
CH102193,1090002193,"Edilma Rincón Wilches",3105002193
SG102194,1090002194,"Lucía Montoya Gómez",3105002194
SR102195,1090002195,"Helena Ochoa Rojas",3105002195
C102196,1090002196,"Stella Noreña Echeverri",3105002196
TC102197,1090002197,"Héctor Morales Arredondo",3105002197
TC102198,1090002198,"Sandra Rojas Higuita",3105002198
SR102199,1090002199,"Nelson Espinal Wilches",3105002199
TC102200,1090002200,"Dolores London García",3105002200
DQ102201,1090002201,"Raquel Henao Muñoz",3105002201
C102202,1090002202,"Juliana Velásquez Peláez",3105002202
SR102203,1090002203,"Ramiro Peláez Ochoa",3105002203
TCF102204,1090002204,"Andrés Montoya Gallego",3105002204
TC102205,1090002205,"Marcela López Ochoa",3105002205
TC102206,1090002206,"Flor Pareja Rojas",3105002206
TCF102207,1090002207,"Martha Acevedo Osorio",3105002207
SG102208,1090002208,"Isabel Restrepo Espinal",3105002208
CH102209,1090002209,"Silvia Montoya Serna",3105002209
TC102210,1090002210,"Leticia Patiño Hincapié",3105002210
TCF102211,1090002211,"Pedro Herrera Galvis",3105002211
DQ102212,1090002212,"Leticia Posada Mesa",3105002212
DQ102213,1090002213,"Nelson Gutiérrez Osorio",3105002213
VG102214,1090002214,"Natalia Bedoya Moreno",3105002214
VG102215,1090002215,"Dolores Acevedo Naranjo",3105002215
TC102216,1090002216,"Adriana Carmona Osorio",3105002216
TC102217,1090002217,"Edilma Rojas Naranjo",3105002217
SR102218,1090002218,"Amparo Quiceno Ocampo",3105002218
TC102219,1090002219,"Jorge Mesa Cortés",3105002219
TC102220,1090002220,"Sandra Ortiz Herrera",3105002220
CH102221,1090002221,"Óscar Mesa García",3105002221
CH102222,1090002222,"Josefina London Peláez",3105002222
TC102223,1090002223,"Isabel Pareja Duque",3105002223
DQ102224,1090002224,"Alonso Jaramillo Quiceno",3105002224
C102225,1090002225,"Rosalba Wilches Cifuentes",3105002225
SR102226,1090002226,"Mauricio Mesa Muñoz",3105002226
SR102227,1090002227,"Sandra Salazar Ortiz",3105002227
SG102228,1090002228,"Jaime Cifuentes Grajales",3105002228
VG102229,1090002229,"Tomás Quiceno Buitrago",3105002229
SR102230,1090002230,"Leonardo Villa Ochoa",3105002230
DQ102231,1090002231,"Iván Palacio Aristizábal",3105002231
VG102232,1090002232,"Samuel Jaramillo Noreña",3105002232
TCF102233,1090002233,"Gloria Hincapié Aristizábal",3105002233
SG102234,1090002234,"Germán Moreno Ríos",3105002234
C102235,1090002235,"Rubén Grajales Hincapié",3105002235
TCF102236,1090002236,"Paula Mesa Velásquez",3105002236
SR102237,1090002237,"Sebastián Cardona Ríos",3105002237
SG102238,1090002238,"Javier Ríos Uribe",3105002238
CH102239,1090002239,"Teresa Vargas Gómez",3105002239
C102240,1090002240,"Teresa Ospina Vargas",3105002240
TC102241,1090002241,"Gustavo Herrera Salazar",3105002241
DQ102242,1090002242,"Daniela Trujillo Agudelo",3105002242
SG102243,1090002243,"Adriana Sánchez Rivera",3105002243
VG102244,1090002244,"Aníbal Carmona Cardona",3105002244
DQ102245,1090002245,"Juliana Hincapié Zapata",3105002245
TC102246,1090002246,"Gloria Echeverri Acevedo",3105002246
C102247,1090002247,"Luis García Gómez",3105002247
DQ102248,1090002248,"Jaime Espinal Herrera",3105002248
TCF102249,1090002249,"Esteban Mesa Muñoz",3105002249
DQ102250,1090002250,"Estela Ríos Arredondo",3105002250
TC102251,1090002251,"Héctor Trujillo Rodas",3105002251
TC102252,1090002252,"Estela Alzate Soto",3105002252
TC102253,1090002253,"Inés Vásquez Grajales",3105002253
DQ102254,1090002254,"Amparo Vásquez Ochoa",3105002254
DQ102255,1090002255,"Josefina Tabares Gallego",3105002255
TC102256,1090002256,"Amparo Serna Estrada",3105002256
DQ102257,1090002257,"Mario Higuita Cortés",3105002257
SR102258,1090002258,"Mauricio Marín Jaramillo",3105002258
DQ102259,1090002259,"Magnolia Pareja Marín",3105002259
DQ102260,1090002260,"Mario Vargas Muñoz",3105002260
VG102261,1090002261,"Paula Tabares Wilches",3105002261
SR102262,1090002262,"Valentina Vásquez Uribe",3105002262
VG102263,1090002263,"Octavio Osorio Palacio",3105002263
SR102264,1090002264,"Helena Hoyos Trujillo",3105002264
TC102265,1090002265,"Valentina Giraldo Aristizábal",3105002265
CH102266,1090002266,"Cristian Alzate Herrera",3105002266
DQ102267,1090002267,"Valentina Sánchez Guarín",3105002267
TCF102268,1090002268,"Helena Naranjo Mesa",3105002268
C102269,1090002269,"Valentina Vanegas Quintero",3105002269
TCF102270,1090002270,"Marcela Ríos González",3105002270
TC102271,1090002271,"Andrés Posada Ocampo",3105002271
SR102272,1090002272,"Margarita Herrera Espinal",3105002272
SR102273,1090002273,"Camila Galvis Betancur",3105002273
DQ102274,1090002274,"Ángela London Rincón",3105002274
C102275,1090002275,"Sebastián Montoya Vanegas",3105002275
SR102276,1090002276,"Andrés Soto Salazar",3105002276
TC102277,1090002277,"Rocío Ibarra Herrera",3105002277
CH102278,1090002278,"Hernán Echeverri Loaiza",3105002278
TC102279,1090002279,"Eduardo Alzate Herrera",3105002279
SR102280,1090002280,"Martha London Montoya",3105002280
SG102281,1090002281,"Mauricio Franco Higuita",3105002281
SR102282,1090002282,"Juliana Gómez González",3105002282
SR102283,1090002283,"Gloria Rojas Marín",3105002283
CH102284,1090002284,"César Noreña Hincapié",3105002284
CH102285,1090002285,"Marcela Mejía Morales",3105002285
DQ102286,1090002286,"Gloria Ríos Grajales",3105002286
DQ102287,1090002287,"Rubén Ceballos Pareja",3105002287
SR102288,1090002288,"Ramiro Zapata Serna",3105002288
TC102289,1090002289,"Silvia Vargas Posada",3105002289
TCF102290,1090002290,"Leticia Betancur Galvis",3105002290
TCF102291,1090002291,"Gabriela Vásquez Serna",3105002291
DQ102292,1090002292,"Mariana Rodas Loaiza",3105002292
VG102293,1090002293,"Bernardo Ríos Rojas",3105002293
TC102294,1090002294,"Germán Gómez García",3105002294
DQ102295,1090002295,"Fabián Uribe López",3105002295
SR102296,1090002296,"Pedro Cardona González",3105002296
C102297,1090002297,"Leticia Quintero Quiceno",3105002297
TC102298,1090002298,"Ricardo Grajales González",3105002298
DQ102299,1090002299,"Duván Velásquez Alzate",3105002299
TC102300,1090002300,"Nelson Quintero Villa",3105002300
TC102301,1090002301,"Leticia Guarín Echeverri",3105002301
TC102302,1090002302,"Cristian Uribe Sánchez",3105002302
SG102303,1090002303,"Diego Vásquez Agudelo",3105002303
C102304,1090002304,"Jorge Velásquez Ospina",3105002304
TC102305,1090002305,"Carmenza Ramírez Duque",3105002305
DQ102306,1090002306,"Emilse Giraldo Estrada",3105002306
TC102307,1090002307,"Mauricio Toro Montoya",3105002307
DQ102308,1090002308,"Estela Vanegas Rincón",3105002308
TC102309,1090002309,"Olga Ortiz López",3105002309
SR102310,1090002310,"Mónica Echeverri Ortiz",3105002310
SG102311,1090002311,"Mario Vásquez Restrepo",3105002311
DQ102312,1090002312,"Alejandra González Rojas",3105002312
DQ102313,1090002313,"Dolores Cortés Castaño",3105002313
SG102314,1090002314,"Jorge Galvis Ceballos",3105002314
SG102315,1090002315,"Olga Ramírez Grajales",3105002315
TC102316,1090002316,"Sebastián Henao Ortiz",3105002316
TC102317,1090002317,"Alberto Sepúlveda Guarín",3105002317
DQ102318,1090002318,"Esteban Mesa Marín",3105002318
C102319,1090002319,"Ramiro Palacio Soto",3105002319
DQ102320,1090002320,"César Serna Quiceno",3105002320
SG102321,1090002321,"Estela Montoya Peláez",3105002321
C102322,1090002322,"Octavio Carmona Loaiza",3105002322
TCF102323,1090002323,"Juliana Agudelo Arango",3105002323
C102324,1090002324,"Juliana Duque Noreña",3105002324
SR102325,1090002325,"César Rodas Hoyos",3105002325
TCF102326,1090002326,"Margarita Franco Galvis",3105002326
SR102327,1090002327,"Mónica Montoya Arredondo",3105002327
SG102328,1090002328,"Sofía Ortiz Uribe",3105002328
TC102329,1090002329,"Andrés Galvis Loaiza",3105002329
DQ102330,1090002330,"Carmenza Velásquez Villa",3105002330
VG102331,1090002331,"Elena Cortés Quiceno",3105002331
SR102332,1090002332,"Javier Franco Sánchez",3105002332
SR102333,1090002333,"Magnolia Pareja Espinal",3105002333
C102334,1090002334,"Josefina Wilches Loaiza",3105002334
C102335,1090002335,"Amparo Guarín Grajales",3105002335
TC102336,1090002336,"Duván Marín Vásquez",3105002336
TC102337,1090002337,"Alonso Posada Ibarra",3105002337
TC102338,1090002338,"Rosalba Espinal Naranjo",3105002338
VG102339,1090002339,"Camila Montoya Ceballos",3105002339
DQ102340,1090002340,"Carlos Correa García",3105002340
CH102341,1090002341,"Elkin Carmona Gómez",3105002341
VG102342,1090002342,"Gloria Quiceno Velásquez",3105002342
CH102343,1090002343,"Leticia Hincapié Valencia",3105002343
VG102344,1090002344,"Rocío Galvis Trujillo",3105002344
TC102345,1090002345,"Óscar Mejía Morales",3105002345
VG102346,1090002346,"Tomás Ibarra Alzate",3105002346
DQ102347,1090002347,"Óscar Salazar Trujillo",3105002347
TC102348,1090002348,"Duván Zapata Restrepo",3105002348
DQ102349,1090002349,"Ricardo Salazar Arango",3105002349
TC102350,1090002350,"Ángela Patiño Espinal",3105002350
DQ102351,1090002351,"Esteban Montoya Ceballos",3105002351
TC102352,1090002352,"Camila Cifuentes Villa",3105002352
TCF102353,1090002353,"Salomé García Aristizábal",3105002353
TC102354,1090002354,"Martha Cortés Galvis",3105002354
SG102355,1090002355,"Gabriela Soto Jaramillo",3105002355
SG102356,1090002356,"Magnolia Serna Rodas",3105002356
DQ102357,1090002357,"Bernardo Betancur Salazar",3105002357
DQ102358,1090002358,"Silvia Cifuentes London",3105002358
VG102359,1090002359,"Carmenza Acevedo Hoyos",3105002359
TCF102360,1090002360,"Iván Acevedo Galvis",3105002360
C102361,1090002361,"Silvia Higuita Hincapié",3105002361
CH102362,1090002362,"Flor Mejía Osorio",3105002362
TC102363,1090002363,"Martha Grajales García",3105002363
SR102364,1090002364,"Fanny Echeverri Mesa",3105002364
DQ102365,1090002365,"Octavio Acevedo Soto",3105002365
DQ102366,1090002366,"Margarita Mejía Espinal",3105002366
TC102367,1090002367,"Ángela Cortés Pareja",3105002367
SR102368,1090002368,"Dolores Gutiérrez Alzate",3105002368
TC102369,1090002369,"Mónica Pareja Loaiza",3105002369
TCF102370,1090002370,"Rafael Ochoa González",3105002370
DQ102371,1090002371,"Fabián Naranjo Montoya",3105002371
DQ102372,1090002372,"Germán Ceballos Ochoa",3105002372
C102373,1090002373,"Duván Gómez Villa",3105002373
TC102374,1090002374,"Valentina Palacio Noreña",3105002374
DQ102375,1090002375,"Aníbal Duque Orozco",3105002375
TC102376,1090002376,"Darío Noreña Ortiz",3105002376
DQ102377,1090002377,"Inés Palacio Rojas",3105002377
VG102378,1090002378,"Luis Arredondo Galvis",3105002378
VG102379,1090002379,"Raquel Wilches Noreña",3105002379
CH102380,1090002380,"Nelson Ramírez Rincón",3105002380
TC102381,1090002381,"Mariana Cifuentes Restrepo",3105002381
DQ102382,1090002382,"Pedro Mesa Peláez",3105002382
C102383,1090002383,"Stella Rincón Echeverri",3105002383
VG102384,1090002384,"Tomás Quiceno Escobar",3105002384
TC102385,1090002385,"Amparo López Vásquez",3105002385
C102386,1090002386,"Leticia Marín Osorio",3105002386
C102387,1090002387,"Nelson Carmona Serna",3105002387
CH102388,1090002388,"Jorge Bedoya Acevedo",3105002388
CH102389,1090002389,"Héctor Carmona Salazar",3105002389
SR102390,1090002390,"Hernán Ibarra Grajales",3105002390
C102391,1090002391,"Eduardo Echeverri Ceballos",3105002391
SR102392,1090002392,"Gloria Marín Noreña",3105002392
TC102393,1090002393,"Rocío Peláez Valencia",3105002393
TC102394,1090002394,"Juliana Cortés Correa",3105002394
DQ102395,1090002395,"Patricia Correa Escobar",3105002395
SR102396,1090002396,"Tomás Correa Zapata",3105002396
TC102397,1090002397,"Patricia Arango Cardona",3105002397
VG102398,1090002398,"Edilma Aristizábal Mesa",3105002398
SR102399,1090002399,"César López Serna",3105002399
TCF102400,1090002400,"Jaime Duque López",3105002400
TC102401,1090002401,"Rocío Gallego Alzate",3105002401
SG102402,1090002402,"Mauricio Jaramillo Acevedo",3105002402
TCF102403,1090002403,"Dolores Tabares Peláez",3105002403
C102404,1090002404,"Salomé Toro Quintero",3105002404
CH102405,1090002405,"Mónica Naranjo López",3105002405
DQ102406,1090002406,"Yolanda Henao Sánchez",3105002406
C102407,1090002407,"Clara Velásquez Ríos",3105002407
DQ102408,1090002408,"Elena Morales Ospina",3105002408
CH102409,1090002409,"Camila Sepúlveda Peláez",3105002409
C102410,1090002410,"Isabel Gallego Gutiérrez",3105002410
SR102411,1090002411,"Josefina Ibarra Sánchez",3105002411
SG102412,1090002412,"Flor Correa Escobar",3105002412
SR102413,1090002413,"Vicente Gallego Rivera",3105002413
C102414,1090002414,"Samuel Arango Noreña",3105002414
C102415,1090002415,"Alonso Arredondo Higuita",3105002415
VG102416,1090002416,"Tomás Serna Restrepo",3105002416
SR102417,1090002417,"Héctor Echeverri Escobar",3105002417
SR102418,1090002418,"Edilma López Bedoya",3105002418
SR102419,1090002419,"Mauricio Moreno Montoya",3105002419
SR102420,1090002420,"Aníbal Posada Palacio",3105002420
CH102421,1090002421,"Manuel London Loaiza",3105002421
VG102422,1090002422,"Gustavo Betancur Palacio",3105002422
DQ102423,1090002423,"Diana Guarín Castaño",3105002423
SR102424,1090002424,"Fabián Guarín López",3105002424
VG102425,1090002425,"Andrés Restrepo Galvis",3105002425
DQ102426,1090002426,"Mariana Trujillo Grajales",3105002426
VG102427,1090002427,"Bernardo Loaiza Valencia",3105002427
TC102428,1090002428,"Edilma Henao Franco",3105002428
TC102429,1090002429,"Fernando García Salazar",3105002429
TC102430,1090002430,"Gloria Quiceno Alzate",3105002430
TC102431,1090002431,"Rubén Ramírez Pareja",3105002431
TC102432,1090002432,"Bernardo Cifuentes Ibarra",3105002432
TCF102433,1090002433,"Eduardo Quintero Jaramillo",3105002433
SR102434,1090002434,"Yolanda Sepúlveda Herrera",3105002434
TC102435,1090002435,"Camila Moreno Grajales",3105002435
SG102436,1090002436,"Emilse Toro Jaramillo",3105002436
TC102437,1090002437,"Octavio Soto Ramírez",3105002437
DQ102438,1090002438,"Ernesto Hoyos Ramírez",3105002438
TC102439,1090002439,"Flor Rojas Osorio",3105002439
TC102440,1090002440,"Natalia Escobar Sánchez",3105002440
CH102441,1090002441,"Margarita Ochoa Acevedo",3105002441
VG102442,1090002442,"Adriana Gallego Toro",3105002442
SR102443,1090002443,"Teresa Tabares Ceballos",3105002443
SR102444,1090002444,"Luis Wilches Rodas",3105002444
SR102445,1090002445,"Jaime Hincapié Agudelo",3105002445
DQ102446,1090002446,"Teresa Galvis Loaiza",3105002446
DQ102447,1090002447,"Ramiro Hoyos Marín",3105002447
SR102448,1090002448,"Rubén Herrera Villa",3105002448
DQ102449,1090002449,"Camila Vanegas Jaramillo",3105002449
DQ102450,1090002450,"Ricardo Wilches Serna",3105002450
C102451,1090002451,"Mario Serna García",3105002451
DQ102452,1090002452,"Gabriela Velásquez Villa",3105002452
TC102453,1090002453,"Elkin Rodas Gallego",3105002453
VG102454,1090002454,"Salomé Franco Giraldo",3105002454
VG102455,1090002455,"Francisco Estrada Escobar",3105002455
VG102456,1090002456,"Silvia Rincón Henao",3105002456
C102457,1090002457,"Carlos Patiño Agudelo",3105002457
CH102458,1090002458,"Magnolia Aristizábal Sepúlveda",3105002458
DQ102459,1090002459,"Carlos González Acevedo",3105002459
SR102460,1090002460,"Nelson Zapata Vásquez",3105002460
VG102461,1090002461,"Luis Bedoya Grajales",3105002461
TC102462,1090002462,"Isabel Orozco Pareja",3105002462
TC102463,1090002463,"Stella Jaramillo Moreno",3105002463
TC102464,1090002464,"Magnolia Cardona Gutiérrez",3105002464
VG102465,1090002465,"Mónica González Naranjo",3105002465
TC102466,1090002466,"Duván Muñoz London",3105002466
SG102467,1090002467,"Patricia Rodas Espinal",3105002467
DQ102468,1090002468,"Vicente Mesa Restrepo",3105002468
C102469,1090002469,"Javier Jaramillo Rincón",3105002469
VG102470,1090002470,"Javier Montoya Salazar",3105002470
SG102471,1090002471,"Valentina Herrera Ortiz",3105002471
DQ102472,1090002472,"Alberto Soto Arredondo",3105002472
TC102473,1090002473,"Marcela Trujillo Ramírez",3105002473
C102474,1090002474,"Rubén Uribe Duque",3105002474
TC102475,1090002475,"Jaime Vásquez Higuita",3105002475
TC102476,1090002476,"Salomé Salazar London",3105002476
SR102477,1090002477,"Alberto García Loaiza",3105002477
DQ102478,1090002478,"Martha Ramírez Duque",3105002478
DQ102479,1090002479,"Hernán Pérez Escobar",3105002479
DQ102480,1090002480,"Natalia Velásquez Guarín",3105002480
VG102481,1090002481,"Lorena Serna Palacio",3105002481
TC102482,1090002482,"Francisco Naranjo London",3105002482
TC102483,1090002483,"Salomé Giraldo Buitrago",3105002483
SR102484,1090002484,"Dolores Pareja Posada",3105002484
C102485,1090002485,"Camila Salazar Zapata",3105002485
TC102486,1090002486,"Teresa Morales Estrada",3105002486
TC102487,1090002487,"Ramiro Giraldo Grajales",3105002487
SG102488,1090002488,"Lorena Sánchez Hincapié",3105002488
TC102489,1090002489,"Camila London Ocampo",3105002489
TC102490,1090002490,"Cristian Bedoya Henao",3105002490
SG102491,1090002491,"Diego Hincapié Ramírez",3105002491
TC102492,1090002492,"Gabriela Bedoya Loaiza",3105002492
TC102493,1090002493,"Duván Arredondo Galvis",3105002493
C102494,1090002494,"Estela Sepúlveda Villa",3105002494
TC102495,1090002495,"Adriana Mejía Bedoya",3105002495
TC102496,1090002496,"Emilse Giraldo Ríos",3105002496
SR102497,1090002497,"Ricardo Loaiza Velásquez",3105002497
VG102498,1090002498,"Diego Naranjo García",3105002498
TC102499,1090002499,"Carlos Ortiz Bedoya",3105002499
DQ102500,1090002500,"Estela Rodas Ríos",3105002500
SR102501,1090002501,"Germán Osorio Gómez",3105002501
VG102502,1090002502,"Juliana Correa Ortiz",3105002502
SR102503,1090002503,"Beatriz Guarín Villa",3105002503
SR102504,1090002504,"Inés Hoyos Guarín",3105002504
TC102505,1090002505,"Mario Pérez Trujillo",3105002505
TCF102506,1090002506,"Carmenza Espinal Mejía",3105002506
TC102507,1090002507,"Josefina Echeverri Muñoz",3105002507
TC102508,1090002508,"Alonso López Restrepo",3105002508
TC102509,1090002509,"Leticia Vanegas Serna",3105002509
DQ102510,1090002510,"Tomás Noreña Ríos",3105002510
TC102511,1090002511,"Octavio Cortés Ibarra",3105002511
TC102512,1090002512,"Margarita Mesa López",3105002512
SG102513,1090002513,"Adriana Ocampo Ochoa",3105002513
DQ102514,1090002514,"Andrés Zapata Vanegas",3105002514
TC102515,1090002515,"Fanny Cifuentes Sepúlveda",3105002515
CH102516,1090002516,"Iván Pareja Ochoa",3105002516
TC102517,1090002517,"Rubén Rivera Ochoa",3105002517
C102518,1090002518,"Patricia Vásquez Ortiz",3105002518
TC102519,1090002519,"Dolores Rincón Echeverri",3105002519
CH102520,1090002520,"Ernesto Marín Uribe",3105002520
DQ102521,1090002521,"Bernardo Posada Buitrago",3105002521
SR102522,1090002522,"Esteban Rodas Ibarra",3105002522
TC102523,1090002523,"Hernán Arredondo Marín",3105002523
TC102524,1090002524,"Camila Quiceno Cortés",3105002524
C102525,1090002525,"Sebastián Serna Uribe",3105002525
C102526,1090002526,"César London Rivera",3105002526
C102527,1090002527,"Teresa Cifuentes Ortiz",3105002527
C102528,1090002528,"Camila Muñoz Bedoya",3105002528
TC102529,1090002529,"Lucía Jaramillo Orozco",3105002529
SR102530,1090002530,"Jorge Noreña Peláez",3105002530
SR102531,1090002531,"Olga Ocampo Gómez",3105002531
C102532,1090002532,"Duván Toro Espinal",3105002532
SR102533,1090002533,"Carlos Castaño Valencia",3105002533
TC102534,1090002534,"Pedro Betancur Villa",3105002534
TC102535,1090002535,"Valentina González Ortiz",3105002535
DQ102536,1090002536,"Inés Cifuentes Rodas",3105002536
VG102537,1090002537,"Fanny Soto Pareja",3105002537
DQ102538,1090002538,"Rafael Carmona Castaño",3105002538
VG102539,1090002539,"Silvia Ortiz Orozco",3105002539
C102540,1090002540,"Mario Toro Castaño",3105002540
TC102541,1090002541,"Gabriela Velásquez Bedoya",3105002541
SR102542,1090002542,"Emilse Restrepo Gómez",3105002542
TC102543,1090002543,"Javier Giraldo González",3105002543
C102544,1090002544,"Héctor Franco Tabares",3105002544
DQ102545,1090002545,"Lorena Moreno Velásquez",3105002545
TC102546,1090002546,"Mauricio Vargas Restrepo",3105002546
DQ102547,1090002547,"Emilse Ospina Buitrago",3105002547
DQ102548,1090002548,"Pedro Ceballos Ortiz",3105002548
SM102549,1090002549,"Samuel Estrada Valencia",3105002549
VG102550,1090002550,"Emilse Valencia Agudelo",3105002550
C102551,1090002551,"Hernán Zapata Noreña",3105002551
VG102552,1090002552,"Lorena Palacio Restrepo",3105002552
DQ102553,1090002553,"Alejandra Palacio Estrada",3105002553
C102554,1090002554,"Ángela Loaiza Osorio",3105002554
SR102555,1090002555,"Elena Estrada Cortés",3105002555
SG102556,1090002556,"Carlos Gallego Estrada",3105002556
TC102557,1090002557,"Eduardo Gómez Sánchez",3105002557
VG102558,1090002558,"Helena Ramírez Henao",3105002558
DQ102559,1090002559,"Esteban Acevedo Naranjo",3105002559
TC102560,1090002560,"Lucía Tabares Arango",3105002560
TC102561,1090002561,"Mónica Jaramillo Echeverri",3105002561
TC102562,1090002562,"Teresa Gutiérrez Espinal",3105002562
TC102563,1090002563,"César Buitrago Soto",3105002563
TC102564,1090002564,"Clara Salazar Higuita",3105002564
C102565,1090002565,"Juliana Rodas Grajales",3105002565
TC102566,1090002566,"Alejandra Grajales Sánchez",3105002566
VG102567,1090002567,"Stella Castaño Jaramillo",3105002567
C102568,1090002568,"Clara Galvis Rincón",3105002568
TC102569,1090002569,"Rubén Mejía Uribe",3105002569
C102570,1090002570,"Estela Alzate Ochoa",3105002570
TCF102571,1090002571,"Óscar Valencia Pérez",3105002571
SR102572,1090002572,"Elkin Quiceno Patiño",3105002572
DQ102573,1090002573,"Adriana Aristizábal Gómez",3105002573
TC102574,1090002574,"Cristian Franco Ochoa",3105002574
SR102575,1090002575,"Manuel Rodas Vargas",3105002575
SR102576,1090002576,"Adriana Henao Alzate",3105002576
DQ102577,1090002577,"Sofía Correa Mejía",3105002577
SR102578,1090002578,"Olga Pareja Soto",3105002578
C102579,1090002579,"Magnolia Wilches Ochoa",3105002579
C102580,1090002580,"Diana Duque Echeverri",3105002580
SR102581,1090002581,"Rafael Velásquez Morales",3105002581
SR102582,1090002582,"Edilma Higuita Restrepo",3105002582
SG102583,1090002583,"Hernán Restrepo Correa",3105002583
TC102584,1090002584,"Fernando López Zapata",3105002584
DQ102585,1090002585,"Emilse Echeverri Estrada",3105002585
DQ102586,1090002586,"Mauricio Ceballos Cortés",3105002586
DQ102587,1090002587,"Lorena Mesa Peláez",3105002587
DQ102588,1090002588,"Aníbal Carmona Ríos",3105002588
TC102589,1090002589,"Mariana Giraldo Vanegas",3105002589
SR102590,1090002590,"Marcela Jaramillo Quiceno",3105002590
CH102591,1090002591,"Ángela Ochoa Aristizábal",3105002591
SG102592,1090002592,"Mario Castaño Vásquez",3105002592
DQ102593,1090002593,"Jaime Jaramillo Palacio",3105002593
DQ102594,1090002594,"Ramiro Noreña Sepúlveda",3105002594
TC102595,1090002595,"Eduardo Posada Vanegas",3105002595
SR102596,1090002596,"Jaime Herrera Estrada",3105002596
TC102597,1090002597,"Ernesto Vargas Naranjo",3105002597
TC102598,1090002598,"Ignacio González Cardona",3105002598
TC102599,1090002599,"Esteban Mejía Velásquez",3105002599
C102600,1090002600,"Gabriela Arango Mejía",3105002600
SR102601,1090002601,"Mariana Vanegas Gómez",3105002601
DQ102602,1090002602,"Beatriz Orozco Ramírez",3105002602
TC102603,1090002603,"Rosalba Pérez Pareja",3105002603
TCF102604,1090002604,"Magnolia Arango Morales",3105002604
DQ102605,1090002605,"Pedro Toro Pareja",3105002605
C102606,1090002606,"Lorena Moreno Morales",3105002606
C102607,1090002607,"Adriana Franco Cortés",3105002607
TC102608,1090002608,"Manuel Vásquez Zapata",3105002608
TC102609,1090002609,"Rafael Orozco Espinal",3105002609
C102610,1090002610,"Alejandra Sánchez Muñoz",3105002610
DQ102611,1090002611,"Rubén Mesa Vásquez",3105002611
C102612,1090002612,"Clara Hoyos Rojas",3105002612
SR102613,1090002613,"Daniela Morales Buitrago",3105002613
DQ102614,1090002614,"Esteban Franco Valencia",3105002614
TC102615,1090002615,"Ángela Betancur Marín",3105002615
CH102616,1090002616,"Salomé Estrada Muñoz",3105002616
SR102617,1090002617,"Bernardo Toro López",3105002617
C102618,1090002618,"Rocío Jaramillo Velásquez",3105002618
DQ102619,1090002619,"Flor Ochoa Acevedo",3105002619
TC102620,1090002620,"Ignacio Carmona Pareja",3105002620
C102621,1090002621,"Eduardo Gutiérrez Gallego",3105002621
TC102622,1090002622,"Ángela Alzate Villa",3105002622
TC102623,1090002623,"Daniela Ospina Sepúlveda",3105002623
C102624,1090002624,"Silvia Orozco Gómez",3105002624
C102625,1090002625,"Clara Wilches Villa",3105002625
VG102626,1090002626,"Darío Henao Betancur",3105002626
VG102627,1090002627,"Héctor Ramírez Hincapié",3105002627
VG102628,1090002628,"Lorena Montoya Osorio",3105002628
TC102629,1090002629,"Jaime Ríos Soto",3105002629
TCF102630,1090002630,"Alonso Estrada Mejía",3105002630
SG102631,1090002631,"Eduardo Ochoa Rodas",3105002631
CH102632,1090002632,"Cristian Gutiérrez Franco",3105002632
SR102633,1090002633,"Diana Noreña Naranjo",3105002633
TC102634,1090002634,"Josefina Tabares Ortiz",3105002634
TC102635,1090002635,"Germán Valencia Ochoa",3105002635
AL102636,1090002636,"Elena González Cifuentes",3105002636
SR102637,1090002637,"Pedro Castaño Gómez",3105002637
VG102638,1090002638,"Eduardo Ortiz Arango",3105002638
DQ102639,1090002639,"Nelson Grajales London",3105002639
SR102640,1090002640,"Cristian Buitrago Patiño",3105002640
TC102641,1090002641,"Emilse Ortiz Herrera",3105002641
TC102642,1090002642,"Fernando Ochoa Cortés",3105002642
DQ102643,1090002643,"Emilse Ramírez Moreno",3105002643
DQ102644,1090002644,"Magnolia Grajales Noreña",3105002644
DQ102645,1090002645,"Cristian Arango Gómez",3105002645
CH102646,1090002646,"Darío Grajales Sánchez",3105002646
TC102647,1090002647,"Ricardo Ibarra Marín",3105002647
TCF102648,1090002648,"Sandra Soto Arango",3105002648
SG102649,1090002649,"Francisco Zapata Loaiza",3105002649
C102650,1090002650,"Gustavo Arredondo Ortiz",3105002650
TC102651,1090002651,"Marcela Pérez Velásquez",3105002651
C102652,1090002652,"Camila Peláez Duque",3105002652
TC102653,1090002653,"Sebastián Moreno Carmona",3105002653
DQ102654,1090002654,"Luis Rincón Escobar",3105002654
DQ102655,1090002655,"Jaime Quintero Castaño",3105002655
C102656,1090002656,"Juliana Acevedo Serna",3105002656
C102657,1090002657,"Andrés Betancur López",3105002657
TC102658,1090002658,"Yolanda Alzate Echeverri",3105002658
CH102659,1090002659,"Flor Espinal Henao",3105002659
SG102660,1090002660,"Amparo Cifuentes Sánchez",3105002660
TCF102661,1090002661,"Daniela Ospina Restrepo",3105002661
DQ102662,1090002662,"Cristian Valencia Bedoya",3105002662
SG102663,1090002663,"Mario Castaño Agudelo",3105002663
DQ102664,1090002664,"Ernesto González Betancur",3105002664
VG102665,1090002665,"Ricardo Serna Soto",3105002665
SG102666,1090002666,"Darío Gómez Ramírez",3105002666
TCF102667,1090002667,"Gloria Bedoya Rojas",3105002667
SR102668,1090002668,"Yolanda Noreña Toro",3105002668
C102669,1090002669,"Mónica Castaño Herrera",3105002669
DQ102670,1090002670,"Alonso Noreña Escobar",3105002670
VG102671,1090002671,"Lucía Vásquez Ibarra",3105002671
C102672,1090002672,"Beatriz Galvis Tabares",3105002672
VG102673,1090002673,"Ernesto Marín Ríos",3105002673
DQ102674,1090002674,"Stella Hoyos Castaño",3105002674
CH102675,1090002675,"Beatriz Cifuentes Tabares",3105002675
TC102676,1090002676,"Emilse Estrada Wilches",3105002676
VG102677,1090002677,"Natalia Peláez Herrera",3105002677
VG102678,1090002678,"Juliana Vargas Jaramillo",3105002678
CH102679,1090002679,"Gabriela London Gutiérrez",3105002679
DQ102680,1090002680,"Rafael Higuita Orozco",3105002680
DQ102681,1090002681,"Stella Ortiz Ibarra",3105002681
C102682,1090002682,"Héctor Moreno Galvis",3105002682
SR102683,1090002683,"Sofía Marín Ceballos",3105002683
SG102684,1090002684,"Juliana Gallego Rodas",3105002684
SR102685,1090002685,"Rafael Loaiza Acevedo",3105002685
TC102686,1090002686,"Samuel Valencia Arango",3105002686
DQ102687,1090002687,"Javier Guarín Patiño",3105002687
TC102688,1090002688,"Diana Correa Galvis",3105002688
VG102689,1090002689,"Paula Vanegas Higuita",3105002689
TCF102690,1090002690,"Hernán Cifuentes Estrada",3105002690
TC102691,1090002691,"Sebastián Echeverri Uribe",3105002691
TC102692,1090002692,"Iván Ortiz Duque",3105002692
TC102693,1090002693,"Marcela Vanegas Trujillo",3105002693
DQ102694,1090002694,"Salomé London López",3105002694
SR102695,1090002695,"Iván Salazar Jaramillo",3105002695
SG102696,1090002696,"Mario Posada Bedoya",3105002696
C102697,1090002697,"Bernardo Zapata Guarín",3105002697
C102698,1090002698,"Elena Ríos Muñoz",3105002698
TC102699,1090002699,"Nubia Gutiérrez Alzate",3105002699
TC102700,1090002700,"Yolanda Sánchez Cardona",3105002700
DQ102701,1090002701,"Gloria Franco Palacio",3105002701
VG102702,1090002702,"Valentina Serna Carmona",3105002702
TC102703,1090002703,"Nubia Muñoz Grajales",3105002703
DQ102704,1090002704,"Ignacio Vanegas Quintero",3105002704
C102705,1090002705,"Teresa Henao Rincón",3105002705
TC102706,1090002706,"Ignacio Quintero Gómez",3105002706
SR102707,1090002707,"Fanny Pérez Higuita",3105002707
TCF102708,1090002708,"Nubia Duque Gómez",3105002708
DQ102709,1090002709,"Sebastián Ortiz Montoya",3105002709
SR102710,1090002710,"Mariana Gutiérrez Ramírez",3105002710
TC102711,1090002711,"Beatriz Montoya Franco",3105002711
VG102712,1090002712,"Esteban Ospina Arango",3105002712
SR102713,1090002713,"Olga Velásquez Peláez",3105002713
TC102714,1090002714,"Héctor Posada Alzate",3105002714
TC102715,1090002715,"Rodrigo Trujillo Ibarra",3105002715
SR102716,1090002716,"Beatriz Loaiza Acevedo",3105002716
C102717,1090002717,"Edilma Ceballos Cardona",3105002717
C102718,1090002718,"Olga Alzate Galvis",3105002718
SR102719,1090002719,"Sofía Ibarra Moreno",3105002719
SG102720,1090002720,"Lucía Uribe Gutiérrez",3105002720
DQ102721,1090002721,"Héctor Higuita Gallego",3105002721
VG102722,1090002722,"Fanny Ceballos Valencia",3105002722
TC102723,1090002723,"Olga Mesa Cortés",3105002723
C102724,1090002724,"Ricardo Uribe Hincapié",3105002724
C102725,1090002725,"Magnolia Loaiza Noreña",3105002725
C102726,1090002726,"Alonso Rincón Ospina",3105002726
SG102727,1090002727,"Salomé Espinal Salazar",3105002727
SG102728,1090002728,"Andrés Franco Aristizábal",3105002728
TC102729,1090002729,"Elkin Cardona Arango",3105002729
CH102730,1090002730,"Leonardo Ríos Serna",3105002730
TC102731,1090002731,"Camila Duque Higuita",3105002731
SG102732,1090002732,"Manuel Velásquez Ceballos",3105002732
TC102733,1090002733,"Ángela Ríos Guarín",3105002733
DQ102734,1090002734,"Bernardo Moreno Correa",3105002734
DQ102735,1090002735,"Martha Cortés Mejía",3105002735
TC102736,1090002736,"Hernán Rivera Pareja",3105002736
C102737,1090002737,"Leonardo Posada García",3105002737
CH102738,1090002738,"Gustavo Loaiza Villa",3105002738
TC102739,1090002739,"Luis Ramírez Cortés",3105002739
TC102740,1090002740,"Teresa Naranjo Salazar",3105002740
TC102741,1090002741,"Iván London Vásquez",3105002741
DQ102742,1090002742,"Marcela Orozco Noreña",3105002742
SG102743,1090002743,"Pedro Quiceno Moreno",3105002743
TC102744,1090002744,"Natalia Buitrago Rincón",3105002744
C102745,1090002745,"Fanny Posada Carmona",3105002745
SG102746,1090002746,"Norberto González London",3105002746
SG102747,1090002747,"Rosalba Galvis Vanegas",3105002747
TC102748,1090002748,"Bernardo Sepúlveda Wilches",3105002748
DQ102749,1090002749,"Diego Hoyos Herrera",3105002749
DQ102750,1090002750,"Edilma Serna Pareja",3105002750
TC102751,1090002751,"Isabel Higuita Aristizábal",3105002751
C102752,1090002752,"Mariana Toro Uribe",3105002752
DQ102753,1090002753,"Rafael Castaño Higuita",3105002753
DQ102754,1090002754,"Cristian Rincón Valencia",3105002754
SG102755,1090002755,"Yolanda Trujillo Montoya",3105002755
DQ102756,1090002756,"Alonso Morales Noreña",3105002756
C102757,1090002757,"Rosalba Correa González",3105002757
C102758,1090002758,"Nelson Alzate Estrada",3105002758
CH102759,1090002759,"Sandra Ríos Peláez",3105002759
TC102760,1090002760,"Sofía Ceballos Betancur",3105002760
SG102761,1090002761,"Nubia Valencia López",3105002761
DQ102762,1090002762,"Elkin Espinal Betancur",3105002762
DQ102763,1090002763,"Ricardo Giraldo Arredondo",3105002763
DQ102764,1090002764,"Rafael Patiño Ortiz",3105002764
DQ102765,1090002765,"Stella Rojas Noreña",3105002765
TCF102766,1090002766,"Amparo Carmona Uribe",3105002766
DQ102767,1090002767,"Edilma Zapata Hincapié",3105002767
DQ102768,1090002768,"Olga Arredondo Posada",3105002768
TC102769,1090002769,"Mariana Ospina Cortés",3105002769
TC102770,1090002770,"Silvia Trujillo Posada",3105002770
DQ102771,1090002771,"Natalia Rivera Morales",3105002771
SG102772,1090002772,"Fabián Henao Hoyos",3105002772
C102773,1090002773,"Hernán Jaramillo Buitrago",3105002773
SR102774,1090002774,"Natalia Salazar Trujillo",3105002774
TC102775,1090002775,"Lucía Cifuentes Higuita",3105002775
SG102776,1090002776,"Olga Vanegas Ceballos",3105002776
TC102777,1090002777,"Ernesto Hoyos Alzate",3105002777
DQ102778,1090002778,"Gustavo Loaiza López",3105002778
TCF102779,1090002779,"Leonardo Villa Loaiza",3105002779
TC102780,1090002780,"Sebastián Ramírez Ospina",3105002780
VG102781,1090002781,"Cristian Uribe Herrera",3105002781
TC102782,1090002782,"Marcela Moreno Gutiérrez",3105002782
DQ102783,1090002783,"Flor Herrera London",3105002783
DQ102784,1090002784,"Natalia Quintero London",3105002784
SR102785,1090002785,"Marcela Estrada Cifuentes",3105002785
SR102786,1090002786,"Alberto Acevedo Cifuentes",3105002786
TCF102787,1090002787,"Tomás Ibarra Carmona",3105002787
TCF102788,1090002788,"Iván Mesa Carmona",3105002788
TC102789,1090002789,"Diego Villa Henao",3105002789
SR102790,1090002790,"Duván Marín Carmona",3105002790
TC102791,1090002791,"Adriana Grajales Ortiz",3105002791
TC102792,1090002792,"Stella Villa Quintero",3105002792
C102793,1090002793,"Héctor Vanegas Jaramillo",3105002793
VG102794,1090002794,"Alberto Giraldo London",3105002794
SR102795,1090002795,"Stella London Betancur",3105002795
DQ102796,1090002796,"Javier Patiño Agudelo",3105002796
VG102797,1090002797,"Teresa Ibarra Tabares",3105002797
DQ102798,1090002798,"Helena Escobar Toro",3105002798
SR102799,1090002799,"Darío Escobar Arango",3105002799
DQ102800,1090002800,"Clara Muñoz Ospina",3105002800
DQ102801,1090002801,"Luis Palacio Gómez",3105002801
SR102802,1090002802,"Iván López Toro",3105002802
TC102803,1090002803,"Silvia Aristizábal Marín",3105002803
TC102804,1090002804,"Ernesto Pareja Vargas",3105002804
DQ102805,1090002805,"Flor Buitrago García",3105002805
TC102806,1090002806,"Sebastián Ramírez Moreno",3105002806
SR102807,1090002807,"Alejandra Cortés Hoyos",3105002807
SG102808,1090002808,"Stella Duque Valencia",3105002808
SR102809,1090002809,"Nubia Agudelo Posada",3105002809
DQ102810,1090002810,"Cristian Cifuentes Carmona",3105002810
DQ102811,1090002811,"Elkin Sepúlveda González",3105002811
SG102812,1090002812,"Gloria Posada Uribe",3105002812
CH102813,1090002813,"Darío Ospina Ochoa",3105002813
C102814,1090002814,"Rodrigo Serna Uribe",3105002814
SR102815,1090002815,"Javier Uribe Arango",3105002815
TC102816,1090002816,"Sandra Carmona Mesa",3105002816
C102817,1090002817,"Inés Estrada Peláez",3105002817
VG102818,1090002818,"Martha Rojas Zapata",3105002818
C102819,1090002819,"Carmenza Henao Estrada",3105002819
SR102820,1090002820,"Nelson Moreno Gallego",3105002820
SR102821,1090002821,"Leticia Arredondo Rodas",3105002821
SR102822,1090002822,"Cristian Osorio Alzate",3105002822
DQ102823,1090002823,"Sandra Bedoya Ocampo",3105002823
TC102824,1090002824,"Elkin Jaramillo Herrera",3105002824
VG102825,1090002825,"Alberto Herrera Alzate",3105002825
DQ102826,1090002826,"Magnolia Cifuentes Castaño",3105002826
VG102827,1090002827,"Ramiro Toro Rincón",3105002827
TC102828,1090002828,"Rosalba Ceballos Franco",3105002828
C102829,1090002829,"Ricardo Hoyos Henao",3105002829
CH102830,1090002830,"Bernardo Cardona Vanegas",3105002830
TC102831,1090002831,"Sebastián Posada Higuita",3105002831
TC102832,1090002832,"César Estrada Ocampo",3105002832
TCF102833,1090002833,"Diego Ríos Grajales",3105002833
TC102834,1090002834,"Luis Orozco Sepúlveda",3105002834
TC102835,1090002835,"Clara Soto López",3105002835
TC102836,1090002836,"Dolores Rivera Grajales",3105002836
CH102837,1090002837,"Ignacio Galvis Marín",3105002837
TC102838,1090002838,"Juliana Higuita Estrada",3105002838
TC102839,1090002839,"Nubia Serna Rivera",3105002839
VG102840,1090002840,"Óscar Serna Restrepo",3105002840
DQ102841,1090002841,"Esteban González López",3105002841
VG102842,1090002842,"Germán Naranjo Serna",3105002842
SR102843,1090002843,"Fanny London Castaño",3105002843
DQ102844,1090002844,"Juliana Tabares Carmona",3105002844
TC102845,1090002845,"Bernardo Villa Peláez",3105002845
DQ102846,1090002846,"Yolanda Correa Rincón",3105002846
C102847,1090002847,"Clara Toro Carmona",3105002847
VG102848,1090002848,"Manuel Valencia Osorio",3105002848
SR102849,1090002849,"Mónica Agudelo Acevedo",3105002849
CH102850,1090002850,"Ricardo London Franco",3105002850
SR102851,1090002851,"Rosalba Pérez González",3105002851
C102852,1090002852,"Fernando Buitrago Duque",3105002852
SR102853,1090002853,"Fabián Rodas Cortés",3105002853
SR102854,1090002854,"Valentina Duque Uribe",3105002854
SR102855,1090002855,"Carlos Alzate Rodas",3105002855
DQ102856,1090002856,"Mario Henao Ochoa",3105002856
C102857,1090002857,"Ricardo Sepúlveda Estrada",3105002857
C102858,1090002858,"Vicente Villa Escobar",3105002858
SR102859,1090002859,"Adriana Ortiz Bedoya",3105002859
TC102860,1090002860,"Amparo Morales Estrada",3105002860
SR102861,1090002861,"Darío Acevedo Carmona",3105002861
DQ102862,1090002862,"Germán Posada Gómez",3105002862
DQ102863,1090002863,"Diana Velásquez Serna",3105002863
VG102864,1090002864,"Rubén Bedoya Agudelo",3105002864
DQ102865,1090002865,"Olga Sepúlveda Agudelo",3105002865
DQ102866,1090002866,"Estela Valencia Betancur",3105002866
TC102867,1090002867,"Aníbal Gutiérrez Gallego",3105002867
TC102868,1090002868,"Edilma Vargas Moreno",3105002868
TC102869,1090002869,"Fernando Peláez Quintero",3105002869
SR102870,1090002870,"Ángela Hincapié Salazar",3105002870
SR102871,1090002871,"Daniela Bedoya Agudelo",3105002871
VG102872,1090002872,"Olga Quiceno Herrera",3105002872
DQ102873,1090002873,"Diego Mejía Vanegas",3105002873
TCF102874,1090002874,"Leonardo Agudelo Franco",3105002874
C102875,1090002875,"Alberto Duque Gallego",3105002875
C102876,1090002876,"Ernesto Cortés Ramírez",3105002876
C102877,1090002877,"Ramiro Cifuentes Duque",3105002877
DQ102878,1090002878,"Ernesto Correa Pérez",3105002878
TC102879,1090002879,"Alberto Palacio López",3105002879
TC102880,1090002880,"Ignacio Quintero Carmona",3105002880
C102881,1090002881,"Lucía Osorio Valencia",3105002881
VG102882,1090002882,"Beatriz González Sepúlveda",3105002882
VG102883,1090002883,"Fabián London Guarín",3105002883
DQ102884,1090002884,"Fanny Henao Gallego",3105002884
C102885,1090002885,"Raquel Grajales Gallego",3105002885
C102886,1090002886,"Salomé Ríos Valencia",3105002886
C102887,1090002887,"Alejandra Jaramillo Pérez",3105002887
SG102888,1090002888,"Diana Loaiza London",3105002888
DQ102889,1090002889,"Alejandra Sánchez Alzate",3105002889
TC102890,1090002890,"Inés Sánchez Jaramillo",3105002890
TC102891,1090002891,"Estela Galvis Palacio",3105002891
DQ102892,1090002892,"Carlos Hincapié Marín",3105002892
SG102893,1090002893,"Teresa Correa Salazar",3105002893
VG102894,1090002894,"Tomás García Rojas",3105002894
TC102895,1090002895,"Norberto Restrepo Estrada",3105002895
DQ102896,1090002896,"Rosalba Orozco Loaiza",3105002896
DQ102897,1090002897,"Amparo Gallego Marín",3105002897
VG102898,1090002898,"Sebastián Soto Henao",3105002898
TC102899,1090002899,"Cristian Tabares Orozco",3105002899
DQ102900,1090002900,"Magnolia Cardona Rincón",3105002900
SG102901,1090002901,"Patricia Ceballos Palacio",3105002901
DQ102902,1090002902,"Leticia Tabares Acevedo",3105002902
TC102903,1090002903,"Ricardo Henao Guarín",3105002903
SR102904,1090002904,"Ricardo Morales Ocampo",3105002904
TC102905,1090002905,"Manuel Henao Vargas",3105002905
SG102906,1090002906,"Paula Ochoa Gallego",3105002906
DQ102907,1090002907,"Emilse Espinal Pareja",3105002907
TC102908,1090002908,"Héctor Trujillo Pérez",3105002908
TC102909,1090002909,"Rodrigo Henao Gutiérrez",3105002909
TC102910,1090002910,"Dolores Palacio González",3105002910
C102911,1090002911,"Bernardo Cortés López",3105002911
TC102912,1090002912,"Silvia Jaramillo González",3105002912
TC102913,1090002913,"Clara Quiceno Patiño",3105002913
SR102914,1090002914,"Jaime Trujillo Morales",3105002914
SR102915,1090002915,"Silvia Quiceno Arango",3105002915
TC102916,1090002916,"Mónica Cifuentes Sánchez",3105002916
DQ102917,1090002917,"Marcela Wilches Noreña",3105002917
DQ102918,1090002918,"Ignacio Escobar Bedoya",3105002918
TC102919,1090002919,"Jimena Velásquez Pareja",3105002919
TCF102920,1090002920,"Yolanda Cortés Mejía",3105002920
TC102921,1090002921,"Flor Vásquez Ibarra",3105002921
DQ102922,1090002922,"Lucía López Henao",3105002922
DQ102923,1090002923,"Mónica Vanegas Duque",3105002923
CH102924,1090002924,"Gustavo Franco Mesa",3105002924
DQ102925,1090002925,"Leonardo Cardona García",3105002925
DQ102926,1090002926,"Clara Castaño Rojas",3105002926
CH102927,1090002927,"Tomás Noreña Naranjo",3105002927
DQ102928,1090002928,"Bernardo Ochoa Ceballos",3105002928
SG102929,1090002929,"Magnolia Gutiérrez Vásquez",3105002929
DQ102930,1090002930,"Stella Sánchez Hoyos",3105002930
SG102931,1090002931,"Ignacio Toro Patiño",3105002931
DQ102932,1090002932,"Edilma Higuita Peláez",3105002932
TC102933,1090002933,"Isabel Valencia Posada",3105002933
VG102934,1090002934,"Mónica Osorio Echeverri",3105002934
SG102935,1090002935,"Juliana Toro Gallego",3105002935
SR102936,1090002936,"Fernando London Ríos",3105002936
SG102937,1090002937,"Martha Sánchez Zapata",3105002937
CH102938,1090002938,"Isabel Loaiza Acevedo",3105002938
TCF102939,1090002939,"Stella Escobar Galvis",3105002939
TC102940,1090002940,"Darío Moreno Arango",3105002940
SG102941,1090002941,"Ramiro Tabares Guarín",3105002941
SR102942,1090002942,"Vicente Patiño Guarín",3105002942
SG102943,1090002943,"Alberto Franco Giraldo",3105002943
SG102944,1090002944,"Natalia López Wilches",3105002944
DQ102945,1090002945,"Rosalba Serna Naranjo",3105002945
TC102946,1090002946,"Amparo Noreña Salazar",3105002946
DQ102947,1090002947,"Mario Duque Henao",3105002947
CH102948,1090002948,"Inés Orozco Cifuentes",3105002948
TC102949,1090002949,"Leticia Vargas Moreno",3105002949
DQ102950,1090002950,"Esteban Escobar González",3105002950
TC102951,1090002951,"Gustavo Cardona Alzate",3105002951
DQ102952,1090002952,"Rocío Galvis Valencia",3105002952
TC102953,1090002953,"Ignacio Grajales Gómez",3105002953
TCF102954,1090002954,"Flor López Quintero",3105002954
TC102955,1090002955,"Yolanda Trujillo Ibarra",3105002955
SR102956,1090002956,"Octavio García Toro",3105002956
SR102957,1090002957,"Daniela Serna Arango",3105002957
TCF102958,1090002958,"Ignacio Jaramillo Hoyos",3105002958
TC102959,1090002959,"Salomé Marín Loaiza",3105002959
TC102960,1090002960,"Juliana Osorio Vargas",3105002960
DQ102961,1090002961,"Patricia Bedoya García",3105002961
DQ102962,1090002962,"Juliana Naranjo Cardona",3105002962
TC102963,1090002963,"Bernardo Giraldo Bedoya",3105002963
TC102964,1090002964,"Paula Pérez Orozco",3105002964
SR102965,1090002965,"Martha López Toro",3105002965
SR102966,1090002966,"Nubia Loaiza Zapata",3105002966
TC102967,1090002967,"Rocío Mesa Peláez",3105002967
C102968,1090002968,"Paula Estrada Aristizábal",3105002968
TC102969,1090002969,"Sebastián Ochoa Hoyos",3105002969
DQ102970,1090002970,"Vicente Ramírez Hoyos",3105002970
SG102971,1090002971,"Raquel Serna Gallego",3105002971
C102972,1090002972,"Duván Rivera Gómez",3105002972
TC102973,1090002973,"Beatriz González Velásquez",3105002973
DQ102974,1090002974,"Aníbal Ospina Peláez",3105002974
CH102975,1090002975,"Samuel Pérez Sepúlveda",3105002975
C102976,1090002976,"Isabel Cardona Orozco",3105002976
C102977,1090002977,"Stella Vargas Naranjo",3105002977
TC102978,1090002978,"Mauricio Agudelo Salazar",3105002978
DQ102979,1090002979,"Manuel Gómez Vargas",3105002979
C102980,1090002980,"Edilma Vanegas Acevedo",3105002980
DQ102981,1090002981,"Olga Serna Mesa",3105002981
C102982,1090002982,"Stella Acevedo Muñoz",3105002982
SG102983,1090002983,"Ramiro Salazar Villa",3105002983
SR102984,1090002984,"Héctor García Duque",3105002984
C102985,1090002985,"Elkin Posada Orozco",3105002985
CH102986,1090002986,"Adriana Osorio Loaiza",3105002986
DQ102987,1090002987,"Rosalba Cifuentes Franco",3105002987
SG102988,1090002988,"Nubia Castaño Vargas",3105002988
CH102989,1090002989,"Darío Espinal Ramírez",3105002989
SG102990,1090002990,"Lorena Toro Rincón",3105002990
TC102991,1090002991,"Paula Wilches Hincapié",3105002991
TC102992,1090002992,"Rocío Ortiz Cortés",3105002992
DQ102993,1090002993,"Ignacio Gallego Osorio",3105002993
SR102994,1090002994,"Octavio Arango Osorio",3105002994
CH102995,1090002995,"Teresa Herrera Gutiérrez",3105002995
DQ102996,1090002996,"Nubia Quiceno Ceballos",3105002996
TC102997,1090002997,"Martha Aristizábal Bedoya",3105002997
C102998,1090002998,"Andrés Duque Sepúlveda",3105002998
SR102999,1090002999,"Ernesto Hincapié García",3105002999
DQ103000,1090003000,"Rubén Mesa Agudelo",3105003000
C103001,1090003001,"Natalia Patiño Carmona",3105003001
C103002,1090003002,"Elena Salazar Cortés",3105003002
C103003,1090003003,"Jaime Sánchez Trujillo",3105003003
C103004,1090003004,"César Aristizábal Mesa",3105003004
C103005,1090003005,"Teresa Ocampo Cardona",3105003005
C103006,1090003006,"Mónica Cardona Serna",3105003006
SR103007,1090003007,"Fanny Higuita Mejía",3105003007
SG103008,1090003008,"Aníbal Montoya García",3105003008
C103009,1090003009,"Jimena Palacio Mesa",3105003009
TC103010,1090003010,"Fabián Ortiz Cardona",3105003010
TC103011,1090003011,"Óscar Ríos Ochoa",3105003011
DQ103012,1090003012,"Vicente Alzate Naranjo",3105003012
C103013,1090003013,"Javier Ospina Montoya",3105003013
TC103014,1090003014,"Héctor Escobar Patiño",3105003014
C103015,1090003015,"Stella Acevedo Arredondo",3105003015
C103016,1090003016,"Mauricio Uribe Betancur",3105003016
SR103017,1090003017,"Mario Sánchez Montoya",3105003017
C103018,1090003018,"Héctor Ocampo Salazar",3105003018
TC103019,1090003019,"Emilse Ospina Sánchez",3105003019
TC103020,1090003020,"Estela Arango Quintero",3105003020
SG103021,1090003021,"Flor Pérez Grajales",3105003021
C103022,1090003022,"Manuel García Ocampo",3105003022
CH103023,1090003023,"Javier Soto Quintero",3105003023
DQ103024,1090003024,"Óscar Henao Tabares",3105003024
TC103025,1090003025,"Rosalba Noreña Vanegas",3105003025
TCF103026,1090003026,"Fernando Acevedo Trujillo",3105003026
TC103027,1090003027,"Fabián Velásquez Vásquez",3105003027
C103028,1090003028,"Norberto Franco Serna",3105003028
DQ103029,1090003029,"Leticia Peláez Rodas",3105003029
SG103030,1090003030,"Lorena Wilches González",3105003030
SR103031,1090003031,"Patricia Gallego Sánchez",3105003031
SG103032,1090003032,"Stella Herrera Gutiérrez",3105003032
C103033,1090003033,"Iván Ocampo Ramírez",3105003033
SR103034,1090003034,"Octavio Gómez Hincapié",3105003034
C103035,1090003035,"Silvia Orozco Tabares",3105003035
C103036,1090003036,"Alejandra Pareja Agudelo",3105003036
SG103037,1090003037,"Duván Serna Ochoa",3105003037
DQ103038,1090003038,"Natalia Loaiza Ibarra",3105003038
VG103039,1090003039,"Sandra Restrepo Toro",3105003039
TC103040,1090003040,"Marcela Velásquez Pareja",3105003040
C103041,1090003041,"Gustavo Franco Ortiz",3105003041
TC103042,1090003042,"Lucía Pareja Aristizábal",3105003042
C103043,1090003043,"Paula Rodas Ocampo",3105003043
TC103044,1090003044,"Alejandra Zapata Velásquez",3105003044
C103045,1090003045,"Yolanda Vargas Gómez",3105003045
C103046,1090003046,"Nubia Pareja Hoyos",3105003046
CH103047,1090003047,"Rocío Ibarra Pérez",3105003047
TC103048,1090003048,"Hernán Noreña Loaiza",3105003048
SG103049,1090003049,"Samuel Hincapié Herrera",3105003049
TC103050,1090003050,"Emilse Franco Patiño",3105003050
C103051,1090003051,"Aníbal Wilches Montoya",3105003051
VG103052,1090003052,"Luis Velásquez Grajales",3105003052
C103053,1090003053,"Pedro Ríos Orozco",3105003053
DQ103054,1090003054,"Javier Sánchez Quintero",3105003054
TC103055,1090003055,"Leticia Loaiza Osorio",3105003055
DQ103056,1090003056,"Gabriela Franco García",3105003056
TC103057,1090003057,"Sofía García Vásquez",3105003057
TC103058,1090003058,"Óscar Ceballos Jaramillo",3105003058
TC103059,1090003059,"Mario Peláez Mesa",3105003059
DQ103060,1090003060,"Leticia Ocampo Montoya",3105003060
TC103061,1090003061,"Ricardo Giraldo Gómez",3105003061
SR103062,1090003062,"Lorena Gutiérrez Rincón",3105003062
TC103063,1090003063,"Nelson Ospina Uribe",3105003063
C103064,1090003064,"Carlos Palacio Loaiza",3105003064
C103065,1090003065,"Valentina Gallego Ríos",3105003065
SR103066,1090003066,"Javier Gutiérrez Moreno",3105003066
TC103067,1090003067,"Stella Correa Hincapié",3105003067
TC103068,1090003068,"Pedro Rincón Giraldo",3105003068
VG103069,1090003069,"Juliana Vargas Arango",3105003069
TC103070,1090003070,"Silvia González Vanegas",3105003070
DQ103071,1090003071,"Francisco Buitrago Ibarra",3105003071
TC103072,1090003072,"Dolores Gutiérrez London",3105003072
VG103073,1090003073,"Rafael Cardona Correa",3105003073
C103074,1090003074,"Ignacio Espinal Vásquez",3105003074
C103075,1090003075,"Esteban Mejía Ríos",3105003075
TC103076,1090003076,"César Wilches Ospina",3105003076
SR103077,1090003077,"Luis Pérez Hincapié",3105003077
SG103078,1090003078,"Fernando Ríos Arredondo",3105003078
TC103079,1090003079,"Margarita Betancur Marín",3105003079
SR103080,1090003080,"Dolores Patiño Rivera",3105003080
DQ103081,1090003081,"César Guarín Pareja",3105003081
TC103082,1090003082,"Ernesto Estrada Henao",3105003082
SR103083,1090003083,"Clara Pareja Peláez",3105003083
TC103084,1090003084,"Jaime Rivera Escobar",3105003084
DQ103085,1090003085,"Dolores Morales Cortés",3105003085
TC103086,1090003086,"Natalia Gutiérrez Galvis",3105003086
TC103087,1090003087,"Leonardo Toro Jaramillo",3105003087
C103088,1090003088,"Jaime Estrada Soto",3105003088
VG103089,1090003089,"Mariana Loaiza Correa",3105003089
DQ103090,1090003090,"Stella Toro Franco",3105003090
SR103091,1090003091,"Alonso Buitrago Toro",3105003091
C103092,1090003092,"Darío Cifuentes Correa",3105003092
SR103093,1090003093,"Ricardo Posada Vargas",3105003093
VG103094,1090003094,"Mónica Gutiérrez Quintero",3105003094
TC103095,1090003095,"Magnolia Loaiza Aristizábal",3105003095
C103096,1090003096,"Óscar Muñoz Cifuentes",3105003096
DQ103097,1090003097,"Magnolia Higuita Soto",3105003097
TCF103098,1090003098,"Isabel Rincón Serna",3105003098
DQ103099,1090003099,"Mario Pareja Guarín",3105003099
TCF103100,1090003100,"Mauricio Higuita Osorio",3105003100
TC103101,1090003101,"Vicente Carmona Arango",3105003101
TC103102,1090003102,"Norberto Echeverri Duque",3105003102
DQ103103,1090003103,"Fabián Cifuentes Correa",3105003103
C103104,1090003104,"Manuel Rivera Franco",3105003104
SG103105,1090003105,"Ramiro Mejía Moreno",3105003105
SR103106,1090003106,"Vicente Velásquez Rodas",3105003106
SG103107,1090003107,"Mónica Guarín Orozco",3105003107
SR103108,1090003108,"Elkin Carmona Quintero",3105003108
DQ103109,1090003109,"Fernando Serna Acevedo",3105003109
TCF103110,1090003110,"Flor Carmona Salazar",3105003110
C103111,1090003111,"Salomé Ochoa Ramírez",3105003111
C103112,1090003112,"Raquel Tabares Moreno",3105003112
SG103113,1090003113,"Sofía Ochoa Galvis",3105003113
TC103114,1090003114,"Jimena Muñoz Higuita",3105003114
TC103115,1090003115,"Héctor Soto Trujillo",3105003115
TC103116,1090003116,"Tomás Salazar Sepúlveda",3105003116
TCF103117,1090003117,"Natalia Sánchez Aristizábal",3105003117
C103118,1090003118,"Rocío Rivera Carmona",3105003118
TC103119,1090003119,"Ramiro Espinal Cortés",3105003119
TC103120,1090003120,"Camila García Ceballos",3105003120
TCF103121,1090003121,"Dolores Betancur Zapata",3105003121
SR103122,1090003122,"Nubia Acevedo Patiño",3105003122
TC103123,1090003123,"Daniela Uribe Henao",3105003123
TC103124,1090003124,"Diego Duque Vásquez",3105003124
CH103125,1090003125,"Iván Ochoa Escobar",3105003125
VG103126,1090003126,"Jorge Ríos Hincapié",3105003126
DQ103127,1090003127,"Gloria Moreno Mesa",3105003127
DQ103128,1090003128,"Dolores Arredondo Palacio",3105003128
TC103129,1090003129,"Jaime Pérez Cortés",3105003129
SR103130,1090003130,"Óscar Jaramillo Aristizábal",3105003130
C103131,1090003131,"Sandra Quiceno Gómez",3105003131
C103132,1090003132,"Carmenza Correa Espinal",3105003132
DQ103133,1090003133,"Estela Arango Ramírez",3105003133
TC103134,1090003134,"Diana Quintero Cardona",3105003134
DQ103135,1090003135,"Beatriz Herrera Palacio",3105003135
SR103136,1090003136,"Mariana Ortiz Castaño",3105003136
VG103137,1090003137,"Ángela Velásquez Ríos",3105003137
AL103138,1090003138,"Fanny Carmona Herrera",3105003138
TC103139,1090003139,"Ricardo Uribe Betancur",3105003139
DQ103140,1090003140,"Fernando Soto Rincón",3105003140
CH103141,1090003141,"Rosalba Grajales Aristizábal",3105003141
C103142,1090003142,"Inés Agudelo Gallego",3105003142
TC103143,1090003143,"Lorena Ramírez Hoyos",3105003143
DQ103144,1090003144,"Sofía Acevedo Mejía",3105003144
SR103145,1090003145,"Mauricio Mesa López",3105003145
SR103146,1090003146,"Stella Montoya Noreña",3105003146
SR103147,1090003147,"Carmenza Bedoya Salazar",3105003147
TC103148,1090003148,"Mario Grajales López",3105003148
DQ103149,1090003149,"Norberto London Herrera",3105003149
DQ103150,1090003150,"Flor Arredondo Cifuentes",3105003150
C103151,1090003151,"Daniela Sepúlveda Castaño",3105003151
TC103152,1090003152,"Flor Gómez Agudelo",3105003152
SR103153,1090003153,"Dolores Naranjo Gómez",3105003153
C103154,1090003154,"Yolanda Quiceno Espinal",3105003154
C103155,1090003155,"Patricia González Buitrago",3105003155
DQ103156,1090003156,"Dolores Arango Noreña",3105003156
TC103157,1090003157,"Raquel Ríos Franco",3105003157
TC103158,1090003158,"Martha Carmona Palacio",3105003158
TC103159,1090003159,"Hernán Loaiza Morales",3105003159
C103160,1090003160,"Gloria Acevedo Toro",3105003160
TC103161,1090003161,"Luis Marín Giraldo",3105003161
TC103162,1090003162,"Alejandra Hoyos Tabares",3105003162
VG103163,1090003163,"Emilse Vargas Tabares",3105003163
TC103164,1090003164,"Lucía Franco Pérez",3105003164
TC103165,1090003165,"Flor Agudelo Grajales",3105003165
SR103166,1090003166,"Luis Arango Patiño",3105003166
TC103167,1090003167,"Ramiro Giraldo Tabares",3105003167
SG103168,1090003168,"Sandra Cifuentes Buitrago",3105003168
SR103169,1090003169,"Patricia Montoya Trujillo",3105003169
SG103170,1090003170,"Gloria Hoyos Uribe",3105003170
SG103171,1090003171,"Rubén Grajales Ocampo",3105003171
C103172,1090003172,"Óscar Acevedo Arredondo",3105003172
C103173,1090003173,"Fabián Carmona Patiño",3105003173
C103174,1090003174,"Mariana Wilches García",3105003174
TC103175,1090003175,"Adriana Gómez Ibarra",3105003175
SG103176,1090003176,"Jimena Loaiza Castaño",3105003176
SG103177,1090003177,"Octavio Uribe Ceballos",3105003177
SG103178,1090003178,"Sebastián Arango Ríos",3105003178
C103179,1090003179,"Adriana Vargas Gallego",3105003179
TC103180,1090003180,"Mauricio Bedoya Soto",3105003180
SG103181,1090003181,"Margarita Posada Pareja",3105003181
C103182,1090003182,"Olga Ospina Morales",3105003182
TC103183,1090003183,"Manuel Naranjo Mejía",3105003183
SG103184,1090003184,"Diego Montoya Ceballos",3105003184
SR103185,1090003185,"Rafael Peláez Restrepo",3105003185
SG103186,1090003186,"Yolanda Sepúlveda Rincón",3105003186
SG103187,1090003187,"Hernán Valencia Betancur",3105003187
VG103188,1090003188,"Tomás Ibarra Cardona",3105003188
DQ103189,1090003189,"Beatriz Posada Vásquez",3105003189
VG103190,1090003190,"Ricardo Agudelo Osorio",3105003190
C103191,1090003191,"Esteban Sepúlveda Gallego",3105003191
SR103192,1090003192,"Jaime Giraldo Patiño",3105003192
C103193,1090003193,"Daniela Moreno Zapata",3105003193
SG103194,1090003194,"Rosalba Orozco Mejía",3105003194
SG103195,1090003195,"Amparo Moreno Rivera",3105003195
SG103196,1090003196,"Vicente Zapata Aristizábal",3105003196
TC103197,1090003197,"Natalia Castaño Morales",3105003197
DQ103198,1090003198,"Martha Buitrago Villa",3105003198
TC103199,1090003199,"Nubia Hoyos Uribe",3105003199
VG103200,1090003200,"Martha Orozco Betancur",3105003200
C103201,1090003201,"Rafael González Vargas",3105003201
TC103202,1090003202,"Mariana Mejía Marín",3105003202
DQ103203,1090003203,"Olga Restrepo Estrada",3105003203
C103204,1090003204,"Nelson Muñoz Galvis",3105003204
SG103205,1090003205,"Salomé Buitrago Villa",3105003205
SG103206,1090003206,"Raquel Cortés Estrada",3105003206
SG103207,1090003207,"Luis Ospina Villa",3105003207
TCF103208,1090003208,"Carlos Mejía Ospina",3105003208
CH103209,1090003209,"Mariana Ibarra Naranjo",3105003209
CH103210,1090003210,"Elena Gallego Montoya",3105003210
C103211,1090003211,"César González Castaño",3105003211
C103212,1090003212,"Sebastián Ospina Valencia",3105003212
SG103213,1090003213,"Adriana Peláez Trujillo",3105003213
C103214,1090003214,"Francisco Ibarra Montoya",3105003214
C103215,1090003215,"Dolores González Salazar",3105003215
C103216,1090003216,"Jaime Marín Pareja",3105003216
C103217,1090003217,"Luis Villa Sánchez",3105003217
SG103218,1090003218,"Helena Pérez Muñoz",3105003218
TC103219,1090003219,"Dolores Ochoa Morales",3105003219
DQ103220,1090003220,"Fanny Ceballos Ochoa",3105003220
C103221,1090003221,"Clara Posada López",3105003221
TC103222,1090003222,"Martha Correa Rodas",3105003222
C103223,1090003223,"Alejandra Rincón Muñoz",3105003223
VG103224,1090003224,"Norberto Ortiz López",3105003224
TC103225,1090003225,"Tomás Aristizábal Rojas",3105003225
TC103226,1090003226,"Octavio Ochoa Hoyos",3105003226
C103227,1090003227,"Marcela Henao Buitrago",3105003227
TC103228,1090003228,"Flor Ospina Galvis",3105003228
DQ103229,1090003229,"Marcela Ramírez Betancur",3105003229
SG103230,1090003230,"Elena Palacio Rincón",3105003230
TC103231,1090003231,"Germán Sepúlveda Cortés",3105003231
C103232,1090003232,"Leticia Toro Echeverri",3105003232
TCF103233,1090003233,"Mauricio Quintero Ramírez",3105003233
DQ103234,1090003234,"Aníbal Ocampo Herrera",3105003234
DQ103235,1090003235,"Darío Gallego Ocampo",3105003235
DQ103236,1090003236,"Carlos Rodas Ocampo",3105003236
SG103237,1090003237,"Ernesto Henao Muñoz",3105003237
DQ103238,1090003238,"Isabel Escobar García",3105003238
C103239,1090003239,"Valentina Wilches Zapata",3105003239
SG103240,1090003240,"Yolanda Grajales London",3105003240
SG103241,1090003241,"Patricia Acevedo Cardona",3105003241
SR103242,1090003242,"Stella Bedoya Restrepo",3105003242
TC103243,1090003243,"Javier Rojas Hoyos",3105003243
SG103244,1090003244,"Ángela Gómez Estrada",3105003244
TC103245,1090003245,"Manuel Espinal Marín",3105003245
SG103246,1090003246,"Ignacio Alzate Ceballos",3105003246
TC103247,1090003247,"Edilma Restrepo Giraldo",3105003247
DQ103248,1090003248,"Pedro Arredondo Gallego",3105003248
TC103249,1090003249,"Jorge Bedoya Carmona",3105003249
DQ103250,1090003250,"Elena Ospina Guarín",3105003250
SG103251,1090003251,"Helena Rodas Gallego",3105003251
TC103252,1090003252,"Silvia Pareja London",3105003252
SG103253,1090003253,"Amparo Castaño Guarín",3105003253
TC103254,1090003254,"Ramiro Moreno Naranjo",3105003254
C103255,1090003255,"Rocío Rodas Rincón",3105003255
CH103256,1090003256,"Patricia Soto Valencia",3105003256
VG103257,1090003257,"Magnolia González Restrepo",3105003257
C103258,1090003258,"César Pérez Vargas",3105003258
SR103259,1090003259,"Juliana Castaño Salazar",3105003259
TC103260,1090003260,"Lucía Ríos Morales",3105003260
C103261,1090003261,"Paula Osorio Cortés",3105003261
TCF103262,1090003262,"Juliana Castaño Quiceno",3105003262
TCF103263,1090003263,"Andrés Hincapié Osorio",3105003263
TC103264,1090003264,"Jaime Hoyos Franco",3105003264
TC103265,1090003265,"Elena Mejía Vásquez",3105003265
C103266,1090003266,"Bernardo Loaiza García",3105003266
VG103267,1090003267,"Manuel Echeverri Vargas",3105003267
C103268,1090003268,"Jaime Ríos Patiño",3105003268
SR103269,1090003269,"Rocío Loaiza Vargas",3105003269
DQ103270,1090003270,"Stella Orozco Valencia",3105003270
TC103271,1090003271,"Mauricio Correa Gómez",3105003271
C103272,1090003272,"Jorge Posada Velásquez",3105003272
VG103273,1090003273,"Alejandra Ocampo Vásquez",3105003273
C103274,1090003274,"Norberto Ortiz Vargas",3105003274
C103275,1090003275,"Rosalba Agudelo Gutiérrez",3105003275
SR103276,1090003276,"Adriana Gutiérrez Cardona",3105003276
SG103277,1090003277,"Yolanda Agudelo London",3105003277
DQ103278,1090003278,"Helena Mejía Orozco",3105003278
DQ103279,1090003279,"Mario Loaiza Jaramillo",3105003279
DQ103280,1090003280,"Leticia Ortiz Castaño",3105003280
DQ103281,1090003281,"Gabriela Echeverri Giraldo",3105003281
DQ103282,1090003282,"Elkin Ríos Ortiz",3105003282
C103283,1090003283,"Helena Ríos Loaiza",3105003283
SR103284,1090003284,"Alonso London Mesa",3105003284
SG103285,1090003285,"Esteban Gutiérrez Uribe",3105003285
SR103286,1090003286,"Javier Noreña Ospina",3105003286
TC103287,1090003287,"Emilse Noreña Rivera",3105003287
SR103288,1090003288,"Beatriz Velásquez Loaiza",3105003288
C103289,1090003289,"Sandra Palacio Agudelo",3105003289
DQ103290,1090003290,"Leonardo Ochoa Soto",3105003290
TC103291,1090003291,"Clara Palacio Morales",3105003291
TC103292,1090003292,"Leonardo Grajales Pareja",3105003292
DQ103293,1090003293,"Raquel Betancur Posada",3105003293
TC103294,1090003294,"Flor Restrepo Trujillo",3105003294
C103295,1090003295,"Tomás Rodas Noreña",3105003295
SR103296,1090003296,"Clara Serna Ospina",3105003296
DQ103297,1090003297,"Lucía Rincón Ochoa",3105003297
C103298,1090003298,"Mónica Loaiza Noreña",3105003298
C103299,1090003299,"Lucía Ortiz Soto",3105003299
VG103300,1090003300,"Beatriz Tabares Estrada",3105003300
DQ103301,1090003301,"Esteban Uribe Mejía",3105003301
SG103302,1090003302,"Mauricio Rivera Wilches",3105003302
TC103303,1090003303,"Tomás Herrera Trujillo",3105003303
C103304,1090003304,"Leonardo London Ibarra",3105003304
DQ103305,1090003305,"Nubia Agudelo Hoyos",3105003305
DQ103306,1090003306,"Yolanda Alzate Vanegas",3105003306
C103307,1090003307,"Jaime Gallego Vásquez",3105003307
C103308,1090003308,"Martha Carmona Vásquez",3105003308
TCF103309,1090003309,"Paula Peláez Giraldo",3105003309
SG103310,1090003310,"Ramiro Agudelo London",3105003310
C103311,1090003311,"Emilse Acevedo Cortés",3105003311
C103312,1090003312,"Mauricio Noreña Rivera",3105003312
SG103313,1090003313,"Lucía Morales Ortiz",3105003313
DQ103314,1090003314,"Diana Noreña Valencia",3105003314
TC103315,1090003315,"Beatriz Castaño Gómez",3105003315
SR103316,1090003316,"Jorge Hincapié Rodas",3105003316
TC103317,1090003317,"Germán Posada Valencia",3105003317
SG103318,1090003318,"Yolanda Trujillo Serna",3105003318
DQ103319,1090003319,"Ricardo Velásquez Zapata",3105003319
DQ103320,1090003320,"Óscar Sepúlveda Ocampo",3105003320
DQ103321,1090003321,"Vicente Rodas Mesa",3105003321
SG103322,1090003322,"Alejandra Trujillo López",3105003322
DQ103323,1090003323,"Rosalba Rincón Peláez",3105003323
VG103324,1090003324,"Juliana Toro Sepúlveda",3105003324
C103325,1090003325,"Adriana Rincón Duque",3105003325
SR103326,1090003326,"Josefina García Pareja",3105003326
TC103327,1090003327,"Héctor Muñoz Vásquez",3105003327
SR103328,1090003328,"Samuel Arredondo Villa",3105003328
TC103329,1090003329,"Fernando Zapata Restrepo",3105003329
DQ103330,1090003330,"Hernán Carmona Giraldo",3105003330
TC103331,1090003331,"Rubén Agudelo Buitrago",3105003331
TC103332,1090003332,"Patricia Mejía Vanegas",3105003332
SR103333,1090003333,"Margarita Hincapié Ochoa",3105003333
DQ103334,1090003334,"Rocío London Patiño",3105003334
C103335,1090003335,"Flor Sepúlveda Correa",3105003335
C103336,1090003336,"Marcela Valencia Gómez",3105003336
DQ103337,1090003337,"Camila Gallego Restrepo",3105003337
C103338,1090003338,"Esteban Vásquez Trujillo",3105003338
SR103339,1090003339,"Francisco Patiño Pareja",3105003339
TCF103340,1090003340,"Paula Orozco Muñoz",3105003340
TC103341,1090003341,"Dolores Marín Cortés",3105003341
TC103342,1090003342,"Jaime Osorio Ríos",3105003342
SG103343,1090003343,"Rosalba Duque Orozco",3105003343
SR103344,1090003344,"Silvia Wilches Pérez",3105003344
C103345,1090003345,"Gustavo Castaño Peláez",3105003345
DQ103346,1090003346,"Marcela Posada Palacio",3105003346
DQ103347,1090003347,"Iván Cardona Pérez",3105003347
C103348,1090003348,"Teresa London Guarín",3105003348
DQ103349,1090003349,"Ignacio Marín Ríos",3105003349
TC103350,1090003350,"Gabriela Tabares Vásquez",3105003350
TCF103351,1090003351,"Valentina Carmona Henao",3105003351
DQ103352,1090003352,"Gabriela González López",3105003352
C103353,1090003353,"Rosalba Toro Correa",3105003353
C103354,1090003354,"Darío Estrada Henao",3105003354
SG103355,1090003355,"Gustavo Duque Naranjo",3105003355
SG103356,1090003356,"Tomás Rojas Toro",3105003356
DQ103357,1090003357,"Rafael Estrada London",3105003357
TC103358,1090003358,"Jorge Sepúlveda Ibarra",3105003358
SR103359,1090003359,"Germán Correa Orozco",3105003359
C103360,1090003360,"Inés Mesa Vanegas",3105003360
C103361,1090003361,"Estela Gómez Herrera",3105003361
TC103362,1090003362,"Rafael Ramírez Jaramillo",3105003362
SG103363,1090003363,"Daniela Hincapié Velásquez",3105003363
C103364,1090003364,"Josefina Peláez Salazar",3105003364
C103365,1090003365,"Amparo Patiño Duque",3105003365
TC103366,1090003366,"Leticia Espinal Hincapié",3105003366
DQ103367,1090003367,"Ricardo Alzate Grajales",3105003367
SG103368,1090003368,"Silvia Valencia Vásquez",3105003368
SG103369,1090003369,"Jaime Galvis Echeverri",3105003369
C103370,1090003370,"Camila Palacio Peláez",3105003370
C103371,1090003371,"Esteban Pérez Gómez",3105003371
SR103372,1090003372,"Jaime Wilches Gómez",3105003372
SG103373,1090003373,"Jorge Cardona Ospina",3105003373
SG103374,1090003374,"Rosalba Ortiz García",3105003374
DQ103375,1090003375,"Francisco Gutiérrez Mejía",3105003375
SG103376,1090003376,"Vicente Escobar Quintero",3105003376
DQ103377,1090003377,"Raquel Herrera Higuita",3105003377
VG103378,1090003378,"Valentina Vásquez Quiceno",3105003378
TC103379,1090003379,"Andrés Pérez London",3105003379
C103380,1090003380,"Gloria Muñoz González",3105003380
VG103381,1090003381,"Lorena Toro Jaramillo",3105003381
DQ103382,1090003382,"Clara Valencia Trujillo",3105003382
C103383,1090003383,"Fanny Cardona Alzate",3105003383
SG103384,1090003384,"Valentina Quiceno Restrepo",3105003384
SG103385,1090003385,"Pedro Mesa Duque",3105003385
C103386,1090003386,"Daniela Villa Carmona",3105003386
TC103387,1090003387,"Iván Hoyos London",3105003387
VG103388,1090003388,"Rosalba Vanegas Estrada",3105003388
DQ103389,1090003389,"Octavio Bedoya Arango",3105003389
SR103390,1090003390,"Rafael Montoya Quintero",3105003390
C103391,1090003391,"Diana Naranjo Arango",3105003391
C103392,1090003392,"Beatriz Cortés Betancur",3105003392
C103393,1090003393,"Mario Duque Quintero",3105003393
VG103394,1090003394,"Luis Quiceno García",3105003394
SR103395,1090003395,"Nelson Naranjo Palacio",3105003395
C103396,1090003396,"Rodrigo Vanegas Serna",3105003396
DQ103397,1090003397,"Mauricio Tabares Franco",3105003397
DQ103398,1090003398,"Darío Rojas Mejía",3105003398
C103399,1090003399,"Adriana Espinal Gallego",3105003399
TC103400,1090003400,"Gabriela Wilches Jaramillo",3105003400
C103401,1090003401,"Mario Uribe Vásquez",3105003401
TC103402,1090003402,"Javier Espinal Franco",3105003402
C103403,1090003403,"Rosalba Galvis Cardona",3105003403
VG103404,1090003404,"Dolores Herrera Rojas",3105003404
C103405,1090003405,"Aníbal Serna Giraldo",3105003405
SR103406,1090003406,"Duván Espinal Cortés",3105003406
SG103407,1090003407,"Ignacio Osorio Pareja",3105003407
VG103408,1090003408,"Yolanda Ortiz Gómez",3105003408
DQ103409,1090003409,"Pedro Serna Posada",3105003409
VG103410,1090003410,"Carmenza Loaiza Agudelo",3105003410
VG103411,1090003411,"Stella Tabares Peláez",3105003411
C103412,1090003412,"Gloria Herrera Tabares",3105003412
SG103413,1090003413,"Josefina Pareja Hoyos",3105003413
SR103414,1090003414,"Silvia López Betancur",3105003414
SR103415,1090003415,"Raquel Montoya Rojas",3105003415
VG103416,1090003416,"Magnolia Loaiza Velásquez",3105003416
TC103417,1090003417,"Flor Noreña Cortés",3105003417
SG103418,1090003418,"Emilse Ramírez Cardona",3105003418
C103419,1090003419,"Ramiro Cardona Trujillo",3105003419
DQ103420,1090003420,"Iván Duque Rodas",3105003420
SG103421,1090003421,"Mariana Quintero Arango",3105003421
VG103422,1090003422,"Alonso Zapata Franco",3105003422
C103423,1090003423,"Jimena Quintero Pérez",3105003423
CH103424,1090003424,"Jimena Naranjo Franco",3105003424
C103425,1090003425,"Andrés Wilches Correa",3105003425
TC103426,1090003426,"Leonardo Cortés Villa",3105003426
TC103427,1090003427,"Alejandra Wilches Escobar",3105003427
DQ103428,1090003428,"Martha Arredondo Restrepo",3105003428
C103429,1090003429,"Javier Quintero Castaño",3105003429
DQ103430,1090003430,"Carmenza Echeverri Velásquez",3105003430
C103431,1090003431,"Estela López Grajales",3105003431
C103432,1090003432,"Héctor Ibarra Morales",3105003432
TC103433,1090003433,"Stella Escobar Valencia",3105003433
TC103434,1090003434,"Elkin Osorio Gallego",3105003434
SG103435,1090003435,"Gloria Naranjo Rodas",3105003435
TCF103436,1090003436,"Valentina Marín Sánchez",3105003436
DQ103437,1090003437,"Ricardo Aristizábal Moreno",3105003437
DQ103438,1090003438,"Mario Espinal Ochoa",3105003438
VG103439,1090003439,"Paula Ochoa Ocampo",3105003439
SR103440,1090003440,"Germán Villa Moreno",3105003440
CH103441,1090003441,"Sofía Guarín Noreña",3105003441
DQ103442,1090003442,"Olga Quintero Loaiza",3105003442
TC103443,1090003443,"Estela Alzate Higuita",3105003443
C103444,1090003444,"Samuel Ramírez Cardona",3105003444
CH103445,1090003445,"Fernando Sánchez Franco",3105003445
TC103446,1090003446,"Diana Gallego Franco",3105003446
C103447,1090003447,"Cristian Franco Pareja",3105003447
VG103448,1090003448,"Ernesto Castaño Henao",3105003448
SG103449,1090003449,"Bernardo Hincapié Giraldo",3105003449
C103450,1090003450,"Ramiro Vargas Jaramillo",3105003450
TC103451,1090003451,"Rocío Echeverri Mesa",3105003451
DQ103452,1090003452,"Gustavo London Quintero",3105003452
C103453,1090003453,"Lucía Montoya Franco",3105003453
C103454,1090003454,"Leonardo Villa Naranjo",3105003454
TC103455,1090003455,"Hernán Ceballos Cardona",3105003455
TC103456,1090003456,"Juliana Morales Espinal",3105003456
C103457,1090003457,"Jaime Ceballos Posada",3105003457
TC103458,1090003458,"Salomé Patiño González",3105003458
C103459,1090003459,"Patricia Marín Franco",3105003459
TC103460,1090003460,"Nubia Henao Muñoz",3105003460
DQ103461,1090003461,"Martha Montoya Ospina",3105003461
TC103462,1090003462,"Hernán Quiceno Orozco",3105003462
TC103463,1090003463,"Martha Mesa Ochoa",3105003463
DQ103464,1090003464,"Daniela Hoyos Jaramillo",3105003464
C103465,1090003465,"Alberto Correa Ospina",3105003465
TC103466,1090003466,"Rocío Grajales Toro",3105003466
SG103467,1090003467,"Carmenza Wilches Hincapié",3105003467
C103468,1090003468,"Tomás Osorio Vásquez",3105003468
TC103469,1090003469,"Mónica Ramírez Hincapié",3105003469
SR103470,1090003470,"Aníbal Escobar Uribe",3105003470
TC103471,1090003471,"Rosalba Jaramillo Villa",3105003471
SG103472,1090003472,"Natalia Wilches Osorio",3105003472
SG103473,1090003473,"Dolores García Loaiza",3105003473
C103474,1090003474,"Lorena Giraldo Echeverri",3105003474
C103475,1090003475,"Adriana Naranjo Duque",3105003475
SG103476,1090003476,"Marcela Agudelo Arango",3105003476
C103477,1090003477,"Rafael Franco Espinal",3105003477
SR103478,1090003478,"Samuel Quiceno Bedoya",3105003478
TC103479,1090003479,"Adriana López Rivera",3105003479
SR103480,1090003480,"Óscar Escobar Vargas",3105003480
DQ103481,1090003481,"Darío Hoyos Wilches",3105003481
SG103482,1090003482,"Iván Vásquez Velásquez",3105003482
DQ103483,1090003483,"Valentina Escobar Arango",3105003483
C103484,1090003484,"Elkin Loaiza Naranjo",3105003484
SG103485,1090003485,"Clara Morales Rojas",3105003485
DQ103486,1090003486,"Josefina Noreña Aristizábal",3105003486
C103487,1090003487,"Alonso Toro González",3105003487
VG103488,1090003488,"Lucía Sánchez Giraldo",3105003488
DQ103489,1090003489,"Nelson Alzate Gómez",3105003489
SR103490,1090003490,"Hernán Espinal Cardona",3105003490
SG103491,1090003491,"Lorena Pérez Guarín",3105003491
DQ103492,1090003492,"Paula Rivera Vargas",3105003492
VG103493,1090003493,"Mario Serna Sepúlveda",3105003493
TC103494,1090003494,"Rubén Guarín Uribe",3105003494
TC103495,1090003495,"Gloria Pérez Estrada",3105003495
C103496,1090003496,"Dolores Peláez Palacio",3105003496
C103497,1090003497,"Francisco Velásquez Osorio",3105003497
SG103498,1090003498,"Rosalba Escobar Estrada",3105003498
DQ103499,1090003499,"Natalia Duque Orozco",3105003499
C103500,1090003500,"Fanny Pareja Arredondo",3105003500
SG103501,1090003501,"Helena Uribe Jaramillo",3105003501
C103502,1090003502,"Diego Rojas Marín",3105003502
SR103503,1090003503,"Ramiro Bedoya Wilches",3105003503
SR103504,1090003504,"Raquel Morales Velásquez",3105003504
DQ103505,1090003505,"Sebastián Vargas Sánchez",3105003505
SG103506,1090003506,"Inés Correa Escobar",3105003506
C103507,1090003507,"Margarita Galvis Muñoz",3105003507
TC103508,1090003508,"Octavio Castaño Peláez",3105003508
TC103509,1090003509,"Jimena Patiño Peláez",3105003509
DQ103510,1090003510,"Magnolia Quiceno Hoyos",3105003510
DQ103511,1090003511,"Cristian Ospina Rojas",3105003511
DQ103512,1090003512,"Duván Arredondo Patiño",3105003512
TCF103513,1090003513,"Olga Bedoya Noreña",3105003513
TC103514,1090003514,"Carmenza Herrera Gallego",3105003514
VG103515,1090003515,"Salomé Betancur Uribe",3105003515
TC103516,1090003516,"Adriana Soto Betancur",3105003516
SG103517,1090003517,"Margarita Pérez Buitrago",3105003517
TC103518,1090003518,"Héctor Duque Echeverri",3105003518
VG103519,1090003519,"Fanny Ocampo Arango",3105003519
DQ103520,1090003520,"Stella Mejía Giraldo",3105003520
DQ103521,1090003521,"Carmenza Grajales Uribe",3105003521
TCF103522,1090003522,"Diana Ocampo Trujillo",3105003522
SR103523,1090003523,"Javier Guarín London",3105003523
C103524,1090003524,"Germán Hincapié Herrera",3105003524
DQ103525,1090003525,"Samuel Moreno Estrada",3105003525
SG103526,1090003526,"Bernardo Morales Guarín",3105003526
SG103527,1090003527,"Martha Gallego Toro",3105003527
C103528,1090003528,"Ricardo Montoya Palacio",3105003528
C103529,1090003529,"Elkin Gutiérrez Posada",3105003529
TC103530,1090003530,"Lucía Marín Ortiz",3105003530
TC103531,1090003531,"Flor Guarín Noreña",3105003531
DQ103532,1090003532,"Lucía Correa Ceballos",3105003532
DQ103533,1090003533,"Mónica Galvis Echeverri",3105003533
DQ103534,1090003534,"Francisco Ochoa Giraldo",3105003534
TC103535,1090003535,"Luis Jaramillo Carmona",3105003535
TC103536,1090003536,"Alejandra Betancur Salazar",3105003536
SG103537,1090003537,"Mario Sánchez Cardona",3105003537
TC103538,1090003538,"Andrés Betancur Vargas",3105003538
DQ103539,1090003539,"Martha Patiño Soto",3105003539
DQ103540,1090003540,"Tomás Quintero Henao",3105003540
TCF103541,1090003541,"Raquel Cortés Echeverri",3105003541
C103542,1090003542,"Lucía Arango Posada",3105003542
TC103543,1090003543,"Camila Rodas Mejía",3105003543
SG103544,1090003544,"Gabriela Arango Ocampo",3105003544
SG103545,1090003545,"Samuel Aristizábal Gómez",3105003545
SG103546,1090003546,"Ricardo Mesa Mejía",3105003546
CH103547,1090003547,"Ernesto Espinal Ibarra",3105003547
SG103548,1090003548,"Beatriz Marín Valencia",3105003548
DG103549,1090003549,"Rafael Orozco Pérez",3105003549
TC103550,1090003550,"Darío Palacio Gutiérrez",3105003550
SR103551,1090003551,"Germán Ocampo Hoyos",3105003551
VG103552,1090003552,"Diego Correa Rivera",3105003552
DQ103553,1090003553,"Olga González Rivera",3105003553
C103554,1090003554,"Gabriela Herrera Gutiérrez",3105003554
CH103555,1090003555,"Lorena Hoyos Loaiza",3105003555
TC103556,1090003556,"Germán Naranjo Tabares",3105003556
C103557,1090003557,"Sofía Moreno Hincapié",3105003557
DQ103558,1090003558,"Cristian Posada Sepúlveda",3105003558
TC103559,1090003559,"Samuel Echeverri Villa",3105003559
DQ103560,1090003560,"Mario Franco Estrada",3105003560
CH103561,1090003561,"Isabel Agudelo Tabares",3105003561
C103562,1090003562,"Duván Ocampo Alzate",3105003562
C103563,1090003563,"Alonso Loaiza Gutiérrez",3105003563
SR103564,1090003564,"Helena Aristizábal Vanegas",3105003564
TCF103565,1090003565,"Leticia Loaiza Gómez",3105003565
SR103566,1090003566,"Amparo Pérez Ortiz",3105003566
SG103567,1090003567,"Ernesto Echeverri Patiño",3105003567
TC103568,1090003568,"Mauricio Quiceno Cardona",3105003568
C103569,1090003569,"Estela Gutiérrez Escobar",3105003569
TC103570,1090003570,"Diego Rivera Ramírez",3105003570
TCF103571,1090003571,"Ramiro Franco Morales",3105003571
C103572,1090003572,"Leonardo Giraldo Aristizábal",3105003572
DQ103573,1090003573,"Andrés Cifuentes Buitrago",3105003573
CH103574,1090003574,"Natalia Buitrago Rojas",3105003574
C103575,1090003575,"Lucía Sánchez Toro",3105003575
TC103576,1090003576,"Octavio Echeverri Trujillo",3105003576
TC103577,1090003577,"Jimena Buitrago Higuita",3105003577
C103578,1090003578,"Camila Pérez Wilches",3105003578
SG103579,1090003579,"Valentina Arredondo Serna",3105003579
DQ103580,1090003580,"Rocío Moreno Ramírez",3105003580
SG103581,1090003581,"Mauricio Rivera London",3105003581
TC103582,1090003582,"Jimena Quintero Guarín",3105003582
TC103583,1090003583,"Gustavo Carmona Giraldo",3105003583
C103584,1090003584,"Jaime Bedoya Mejía",3105003584
TCF103585,1090003585,"Ernesto Villa Quintero",3105003585
TC103586,1090003586,"Bernardo Pareja Mesa",3105003586
TC103587,1090003587,"Yolanda London Alzate",3105003587
TC103588,1090003588,"Clara Noreña Espinal",3105003588
TC103589,1090003589,"Elena Guarín Hoyos",3105003589
C103590,1090003590,"Sandra Toro Ceballos",3105003590
SG103591,1090003591,"Mónica Gutiérrez Wilches",3105003591
C103592,1090003592,"Stella Carmona Tabares",3105003592
VG103593,1090003593,"Bernardo Gómez Arredondo",3105003593
TC103594,1090003594,"Norberto Ocampo Rodas",3105003594
SG103595,1090003595,"Elena Montoya Posada",3105003595
TC103596,1090003596,"Helena López Rincón",3105003596
C103597,1090003597,"Samuel Rojas Serna",3105003597
DQ103598,1090003598,"Gabriela Hincapié Grajales",3105003598
DQ103599,1090003599,"Samuel González Correa",3105003599
TC103600,1090003600,"Iván Jaramillo Soto",3105003600
DQ103601,1090003601,"Lucía Peláez Muñoz",3105003601
SG103602,1090003602,"Inés García Pérez",3105003602
SR103603,1090003603,"Dolores Mejía Uribe",3105003603
SR103604,1090003604,"Sebastián Peláez Posada",3105003604
C103605,1090003605,"Bernardo Cortés Soto",3105003605
VG103606,1090003606,"Lorena Ochoa Estrada",3105003606
VG103607,1090003607,"Fernando Galvis Osorio",3105003607
TC103608,1090003608,"Yolanda Franco Pareja",3105003608
TCF103609,1090003609,"Flor Pareja Duque",3105003609
C103610,1090003610,"Héctor Bedoya González",3105003610
C103611,1090003611,"Rodrigo Zapata Toro",3105003611
TC103612,1090003612,"Adriana Giraldo Acevedo",3105003612
C103613,1090003613,"Mariana Muñoz Peláez",3105003613
DQ103614,1090003614,"Sofía Quintero Marín",3105003614
VG103615,1090003615,"César Betancur Cifuentes",3105003615
C103616,1090003616,"Rosalba Palacio Ríos",3105003616
SG103617,1090003617,"Andrés Villa Restrepo",3105003617
C103618,1090003618,"Duván Moreno Velásquez",3105003618
TC103619,1090003619,"Beatriz Posada Patiño",3105003619
C103620,1090003620,"Amparo Henao Arango",3105003620
C103621,1090003621,"Diana González Aristizábal",3105003621
TC103622,1090003622,"Nelson Higuita Gallego",3105003622
TC103623,1090003623,"Samuel Cifuentes Toro",3105003623
VG103624,1090003624,"Luis Serna Agudelo",3105003624
SG103625,1090003625,"Paula Mejía Hincapié",3105003625
C103626,1090003626,"Rodrigo Correa Bedoya",3105003626
SR103627,1090003627,"Ricardo García Betancur",3105003627
VG103628,1090003628,"Diego Escobar Serna",3105003628
DQ103629,1090003629,"Aníbal Rodas Gutiérrez",3105003629
SG103630,1090003630,"Amparo Vargas Noreña",3105003630
TCF103631,1090003631,"Jimena Ospina Escobar",3105003631
SR103632,1090003632,"Flor Giraldo Orozco",3105003632
CH103633,1090003633,"Esteban Galvis Zapata",3105003633
C103634,1090003634,"Tomás Salazar Marín",3105003634
SG103635,1090003635,"Pedro Acevedo Castaño",3105003635
TCF103636,1090003636,"Juliana Muñoz Hincapié",3105003636
SG103637,1090003637,"Olga Castaño Bedoya",3105003637
SG103638,1090003638,"Lorena Gómez Correa",3105003638
TC103639,1090003639,"Paula Mesa Vargas",3105003639
C103640,1090003640,"Francisco López Mejía",3105003640
TCF103641,1090003641,"Sebastián Agudelo Duque",3105003641
C103642,1090003642,"Raquel Serna Ibarra",3105003642
TCF103643,1090003643,"Teresa Trujillo Tabares",3105003643
TC103644,1090003644,"Daniela Palacio Vásquez",3105003644
TC103645,1090003645,"Octavio Ospina Grajales",3105003645
SG103646,1090003646,"Edilma Mesa Rivera",3105003646
TC103647,1090003647,"Ignacio Estrada Ocampo",3105003647
DQ103648,1090003648,"Lucía Serna Posada",3105003648
C103649,1090003649,"Octavio Loaiza Mesa",3105003649
TC103650,1090003650,"Beatriz Quintero Gutiérrez",3105003650
TC103651,1090003651,"Fabián Alzate Arredondo",3105003651
DQ103652,1090003652,"Óscar Marín Cardona",3105003652
VG103653,1090003653,"Valentina Rojas Franco",3105003653
DQ103654,1090003654,"Mariana Echeverri Uribe",3105003654
C103655,1090003655,"Carmenza Guarín Vargas",3105003655
SG103656,1090003656,"Lucía Wilches Rodas",3105003656
SG103657,1090003657,"Alberto Guarín Mesa",3105003657
C103658,1090003658,"Jorge Hoyos Castaño",3105003658
DQ103659,1090003659,"Fernando García Herrera",3105003659
C103660,1090003660,"Adriana Henao Buitrago",3105003660
DQ103661,1090003661,"Jorge Quiceno Arango",3105003661
TC103662,1090003662,"Aníbal Quiceno Duque",3105003662
TC103663,1090003663,"Rodrigo Cifuentes Gómez",3105003663
C103664,1090003664,"Elkin Zapata Quiceno",3105003664
DQ103665,1090003665,"Helena Quiceno Betancur",3105003665
TC103666,1090003666,"Mario Ibarra Quintero",3105003666
SR103667,1090003667,"Carlos Loaiza London",3105003667
SG103668,1090003668,"Juliana Ceballos Osorio",3105003668
DQ103669,1090003669,"Alonso Arredondo Noreña",3105003669
TCF103670,1090003670,"Natalia Henao Sánchez",3105003670
TCF103671,1090003671,"Leonardo Loaiza Morales",3105003671
SR103672,1090003672,"Gloria Sepúlveda Toro",3105003672
DQ103673,1090003673,"Margarita Ceballos Loaiza",3105003673
VG103674,1090003674,"Estela Muñoz Cortés",3105003674
VG103675,1090003675,"Pedro Jaramillo Ocampo",3105003675
SG103676,1090003676,"Samuel Osorio Arango",3105003676
TC103677,1090003677,"Hernán Quintero Hoyos",3105003677
C103678,1090003678,"Diego Patiño Ortiz",3105003678
C103679,1090003679,"Gloria Peláez Estrada",3105003679
DQ103680,1090003680,"Patricia Montoya Salazar",3105003680
C103681,1090003681,"Elena Galvis Rojas",3105003681
SR103682,1090003682,"Ignacio Ríos Hoyos",3105003682
TC103683,1090003683,"Fanny Muñoz Pareja",3105003683
SG103684,1090003684,"Sandra Gómez Sánchez",3105003684
SG103685,1090003685,"Mauricio Rojas López",3105003685
TC103686,1090003686,"Rocío Cifuentes Noreña",3105003686
VG103687,1090003687,"Beatriz Carmona Mejía",3105003687
DQ103688,1090003688,"Ernesto Guarín Villa",3105003688
C103689,1090003689,"Ignacio Restrepo Correa",3105003689
DQ103690,1090003690,"Beatriz Pérez López",3105003690
DQ103691,1090003691,"Vicente Ocampo Vásquez",3105003691
SG103692,1090003692,"Alejandra Cardona Espinal",3105003692
DQ103693,1090003693,"Rosalba Toro Hincapié",3105003693
TC103694,1090003694,"Mariana Ríos Jaramillo",3105003694
C103695,1090003695,"Fernando Serna López",3105003695
VG103696,1090003696,"Fanny Herrera Palacio",3105003696
DQ103697,1090003697,"Pedro Guarín Valencia",3105003697
SG103698,1090003698,"Margarita Quintero Herrera",3105003698
DQ103699,1090003699,"Rafael Villa Rojas",3105003699
SR103700,1090003700,"Elkin Correa Herrera",3105003700
DQ103701,1090003701,"Fernando Correa Mejía",3105003701
TCF103702,1090003702,"Vicente Rodas Ceballos",3105003702
SG103703,1090003703,"Paula Correa Mejía",3105003703
SG103704,1090003704,"Hernán López Mesa",3105003704
TC103705,1090003705,"Leticia Estrada Duque",3105003705
SG103706,1090003706,"Andrés Ramírez Ríos",3105003706
TCF103707,1090003707,"Rodrigo Cardona Henao",3105003707
C103708,1090003708,"Nelson Arredondo Montoya",3105003708
TC103709,1090003709,"Mario Higuita Galvis",3105003709
DQ103710,1090003710,"Lucía Rivera Posada",3105003710
DQ103711,1090003711,"Alberto Espinal Salazar",3105003711
C103712,1090003712,"Margarita Gallego Rojas",3105003712
TCF103713,1090003713,"Hernán Alzate Zapata",3105003713
TC103714,1090003714,"Francisco Rojas Tabares",3105003714
C103715,1090003715,"Martha London Guarín",3105003715
SR103716,1090003716,"César Arango López",3105003716
TC103717,1090003717,"Elena Vargas Higuita",3105003717
C103718,1090003718,"Francisco Gallego Quiceno",3105003718
DQ103719,1090003719,"Rubén Alzate Jaramillo",3105003719
SG103720,1090003720,"Diana London Bedoya",3105003720
SR103721,1090003721,"Iván Soto Tabares",3105003721
TC103722,1090003722,"Leonardo Cardona Ortiz",3105003722
SG103723,1090003723,"Helena Arredondo Castaño",3105003723
TC103724,1090003724,"Flor Aristizábal Montoya",3105003724
TC103725,1090003725,"Lucía López Ospina",3105003725
TC103726,1090003726,"César Montoya Morales",3105003726
C103727,1090003727,"Jimena Herrera Ortiz",3105003727
C103728,1090003728,"Flor Estrada Guarín",3105003728
DQ103729,1090003729,"Jimena London Osorio",3105003729
VG103730,1090003730,"Eduardo Ibarra Gallego",3105003730
C103731,1090003731,"Germán Ochoa Alzate",3105003731
TC103732,1090003732,"Duván Serna Ospina",3105003732
DQ103733,1090003733,"Cristian Tabares Echeverri",3105003733
TC103734,1090003734,"Adriana Franco Gallego",3105003734
TC103735,1090003735,"Sandra Castaño Naranjo",3105003735
SR103736,1090003736,"Ricardo Restrepo Soto",3105003736
TC103737,1090003737,"Emilse Correa Palacio",3105003737
C103738,1090003738,"Adriana Posada Uribe",3105003738
C103739,1090003739,"Lorena Rojas Espinal",3105003739
TC103740,1090003740,"Fabián Mesa Rojas",3105003740
C103741,1090003741,"Nelson Ospina Salazar",3105003741
SG103742,1090003742,"Luis Posada Ríos",3105003742
DQ103743,1090003743,"Helena Mesa Soto",3105003743
C103744,1090003744,"Carmenza Palacio Rincón",3105003744
DQ103745,1090003745,"Valentina Ríos Morales",3105003745
C103746,1090003746,"Adriana Peláez Buitrago",3105003746
DQ103747,1090003747,"Jorge González Toro",3105003747
DQ103748,1090003748,"Adriana Mejía Hoyos",3105003748
DQ103749,1090003749,"Sandra Acevedo Patiño",3105003749
C103750,1090003750,"Salomé Palacio Rodas",3105003750
SG103751,1090003751,"Nelson Zapata Hincapié",3105003751
SR103752,1090003752,"Jimena Herrera Velásquez",3105003752
C103753,1090003753,"Raquel Cortés Ospina",3105003753
TC103754,1090003754,"Ángela Sepúlveda Sánchez",3105003754
SG103755,1090003755,"Manuel Gómez Arredondo",3105003755
VG103756,1090003756,"Norberto Rodas Cortés",3105003756
DQ103757,1090003757,"Jimena Villa Trujillo",3105003757
C103758,1090003758,"Ángela Giraldo Noreña",3105003758
SR103759,1090003759,"Silvia Noreña London",3105003759
TC103760,1090003760,"Tomás Pareja London",3105003760
VG103761,1090003761,"Germán Vásquez Herrera",3105003761
SG103762,1090003762,"Manuel Restrepo Valencia",3105003762
SG103763,1090003763,"Isabel Toro Peláez",3105003763
SG103764,1090003764,"Javier Orozco Hincapié",3105003764
SG103765,1090003765,"Sofía Cifuentes López",3105003765
SG103766,1090003766,"Gabriela Sepúlveda Pareja",3105003766
TCF103767,1090003767,"Eduardo Castaño Noreña",3105003767
TC103768,1090003768,"Clara Ibarra Osorio",3105003768
SG103769,1090003769,"Rosalba Mejía Echeverri",3105003769
SR103770,1090003770,"Mario Vanegas Villa",3105003770
C103771,1090003771,"Fernando Ochoa Posada",3105003771
DQ103772,1090003772,"Valentina Serna Orozco",3105003772
SG103773,1090003773,"César Bedoya Betancur",3105003773
DQ103774,1090003774,"Helena Sánchez Serna",3105003774
TCF103775,1090003775,"Stella López Rojas",3105003775
DQ103776,1090003776,"Germán Posada Arredondo",3105003776
SG103777,1090003777,"Leonardo Espinal Loaiza",3105003777
SG103778,1090003778,"Gloria Galvis Valencia",3105003778
SG103779,1090003779,"Juliana Hoyos Espinal",3105003779
TC103780,1090003780,"Rosalba Rodas Henao",3105003780
TC103781,1090003781,"Norberto Noreña Zapata",3105003781
TC103782,1090003782,"Mario Villa Herrera",3105003782
DQ103783,1090003783,"Norberto Naranjo Mejía",3105003783
SG103784,1090003784,"Alberto Vásquez Restrepo",3105003784
C103785,1090003785,"Edilma Montoya Valencia",3105003785
TC103786,1090003786,"Aníbal López Toro",3105003786
C103787,1090003787,"Emilse Uribe Estrada",3105003787
DQ103788,1090003788,"Rafael Montoya Arredondo",3105003788
C103789,1090003789,"Estela Salazar Escobar",3105003789
C103790,1090003790,"Silvia López Quintero",3105003790
C103791,1090003791,"Clara Patiño Acevedo",3105003791
TC103792,1090003792,"Fanny Correa Ibarra",3105003792
SG103793,1090003793,"Alonso Alzate Aristizábal",3105003793
SR103794,1090003794,"Patricia Gómez Valencia",3105003794
TC103795,1090003795,"Esteban Ortiz Agudelo",3105003795
SR103796,1090003796,"Gloria Valencia Posada",3105003796
C103797,1090003797,"Ernesto Arredondo Uribe",3105003797
TC103798,1090003798,"Flor Mesa García",3105003798
DQ103799,1090003799,"Marcela Cifuentes Uribe",3105003799
TC103800,1090003800,"Olga Escobar Guarín",3105003800
TC103801,1090003801,"Rodrigo Trujillo Zapata",3105003801
TCF103802,1090003802,"Nelson Rincón Acevedo",3105003802
SG103803,1090003803,"Sebastián Cardona Jaramillo",3105003803
TC103804,1090003804,"Vicente Patiño Ocampo",3105003804
C103805,1090003805,"Gabriela Orozco Patiño",3105003805
SR103806,1090003806,"Rodrigo Acevedo Cortés",3105003806
TC103807,1090003807,"Norberto Cardona Correa",3105003807
DQ103808,1090003808,"Magnolia Vargas Gómez",3105003808
C103809,1090003809,"Óscar Moreno Valencia",3105003809
CH103810,1090003810,"Jaime Agudelo Noreña",3105003810
SG103811,1090003811,"Emilse Mejía Cardona",3105003811
C103812,1090003812,"Flor Arango López",3105003812
TCF103813,1090003813,"Leonardo Quiceno Restrepo",3105003813
TC103814,1090003814,"Yolanda Ramírez Echeverri",3105003814
SR103815,1090003815,"Camila Galvis García",3105003815
SG103816,1090003816,"Magnolia Bedoya Peláez",3105003816
SG103817,1090003817,"Cristian Cifuentes Marín",3105003817
C103818,1090003818,"Martha González Correa",3105003818
SR103819,1090003819,"Flor Cardona Ramírez",3105003819
CH103820,1090003820,"Iván Espinal Hoyos",3105003820
SG103821,1090003821,"Sofía Escobar Estrada",3105003821
SG103822,1090003822,"Nelson Echeverri Grajales",3105003822
C103823,1090003823,"Salomé Patiño Aristizábal",3105003823
SG103824,1090003824,"Edilma Rivera Loaiza",3105003824
TCF103825,1090003825,"Alejandra Hoyos Sepúlveda",3105003825
DQ103826,1090003826,"Esteban Noreña Arredondo",3105003826
TC103827,1090003827,"Octavio Franco Ríos",3105003827
C103828,1090003828,"Margarita Echeverri Jaramillo",3105003828
C103829,1090003829,"Ignacio Arredondo Marín",3105003829
TC103830,1090003830,"Norberto Aristizábal Correa",3105003830
TC103831,1090003831,"Josefina Vásquez Buitrago",3105003831
C103832,1090003832,"Gabriela Muñoz Escobar",3105003832
TC103833,1090003833,"Fabián Marín Salazar",3105003833
TCF103834,1090003834,"Samuel Salazar Ortiz",3105003834
C103835,1090003835,"Adriana Higuita Alzate",3105003835
C103836,1090003836,"Manuel Uribe Gómez",3105003836
C103837,1090003837,"Rafael Acevedo London",3105003837
CH103838,1090003838,"Mario Palacio Ospina",3105003838
CH103839,1090003839,"Óscar Sepúlveda López",3105003839
CH103840,1090003840,"Inés Quiceno Bedoya",3105003840
TCF103841,1090003841,"Estela London Henao",3105003841
C103842,1090003842,"Germán Jaramillo Osorio",3105003842
C103843,1090003843,"Rosalba Trujillo Buitrago",3105003843
TC103844,1090003844,"Emilse Ramírez Cifuentes",3105003844
TC103845,1090003845,"Rafael Loaiza Cortés",3105003845
VG103846,1090003846,"Elena Wilches Quiceno",3105003846
TC103847,1090003847,"Adriana Henao Cardona",3105003847
TC103848,1090003848,"Darío Castaño Guarín",3105003848
C103849,1090003849,"Isabel Agudelo Estrada",3105003849
SG103850,1090003850,"Beatriz Wilches Morales",3105003850
C103851,1090003851,"Fanny Villa Quintero",3105003851
TC103852,1090003852,"Clara Marín Hincapié",3105003852
SG103853,1090003853,"Diana Toro Herrera",3105003853
TCF103854,1090003854,"Rubén Soto Orozco",3105003854
TCF103855,1090003855,"Andrés Ortiz Toro",3105003855
TCF103856,1090003856,"Fanny Wilches Noreña",3105003856
TC103857,1090003857,"Mónica Uribe Valencia",3105003857
DQ103858,1090003858,"Tomás Agudelo Rivera",3105003858
SG103859,1090003859,"Iván Gómez Ceballos",3105003859
TC103860,1090003860,"Alberto Pérez Ortiz",3105003860
C103861,1090003861,"Esteban Mesa Gutiérrez",3105003861
C103862,1090003862,"Gustavo Sepúlveda Ceballos",3105003862
C103863,1090003863,"Daniela Ramírez London",3105003863
C103864,1090003864,"Diego Salazar Acevedo",3105003864
SR103865,1090003865,"César Pareja Tabares",3105003865
C103866,1090003866,"Martha Sepúlveda Duque",3105003866
DQ103867,1090003867,"Jaime Mejía Ríos",3105003867
SG103868,1090003868,"Elkin Galvis Trujillo",3105003868
C103869,1090003869,"Clara Buitrago Ríos",3105003869
VG103870,1090003870,"Clara Betancur Henao",3105003870
C103871,1090003871,"Mariana Rojas Guarín",3105003871
TC103872,1090003872,"Isabel Vargas Morales",3105003872
C103873,1090003873,"Darío Wilches Loaiza",3105003873
SG103874,1090003874,"Juliana Uribe Bedoya",3105003874
SR103875,1090003875,"Carmenza Hoyos Espinal",3105003875
C103876,1090003876,"Vicente Ceballos Gallego",3105003876
SG103877,1090003877,"Patricia González López",3105003877
C103878,1090003878,"Magnolia Henao Aristizábal",3105003878
SG103879,1090003879,"Raquel González Cifuentes",3105003879
C103880,1090003880,"Amparo Arango Patiño",3105003880
TC103881,1090003881,"Elkin Pérez Valencia",3105003881
SG103882,1090003882,"Bernardo Hoyos Franco",3105003882
C103883,1090003883,"Mario Vanegas Montoya",3105003883
SG103884,1090003884,"Esteban Acevedo Galvis",3105003884
C103885,1090003885,"Carlos Galvis Henao",3105003885
C103886,1090003886,"Rodrigo Hincapié Restrepo",3105003886
DQ103887,1090003887,"Mauricio Castaño Peláez",3105003887
TC103888,1090003888,"Mariana Acevedo Loaiza",3105003888
SG103889,1090003889,"Flor Pérez Rodas",3105003889
TC103890,1090003890,"Jaime Vásquez Herrera",3105003890
DQ103891,1090003891,"Leonardo Franco Arango",3105003891
C103892,1090003892,"Hernán Soto Osorio",3105003892
TC103893,1090003893,"Salomé Osorio Ocampo",3105003893
C103894,1090003894,"Esteban Marín Henao",3105003894
DQ103895,1090003895,"César Naranjo Villa",3105003895
SG103896,1090003896,"Rodrigo Arango Trujillo",3105003896
SG103897,1090003897,"Héctor Hincapié Espinal",3105003897
VG103898,1090003898,"Rosalba Patiño Gutiérrez",3105003898
SG103899,1090003899,"Adriana Rodas Sepúlveda",3105003899
SG103900,1090003900,"Stella Morales Rincón",3105003900
CH103901,1090003901,"Jaime Wilches Hincapié",3105003901
DQ103902,1090003902,"Daniela Patiño Rojas",3105003902
SR103903,1090003903,"Bernardo Jaramillo Orozco",3105003903
TC103904,1090003904,"Bernardo Vásquez Espinal",3105003904
CH103905,1090003905,"Sebastián Ríos Cifuentes",3105003905
SG103906,1090003906,"Javier Rodas Aristizábal",3105003906
TC103907,1090003907,"Juliana Higuita Uribe",3105003907
TC103908,1090003908,"Natalia Hincapié Cardona",3105003908
TC103909,1090003909,"Dolores Aristizábal Ortiz",3105003909
C103910,1090003910,"Manuel Peláez Tabares",3105003910
SG103911,1090003911,"César Guarín López",3105003911
SG103912,1090003912,"Eduardo Trujillo Quintero",3105003912
SG103913,1090003913,"Mónica Aristizábal Serna",3105003913
SR103914,1090003914,"Carlos Sánchez Alzate",3105003914
DQ103915,1090003915,"Rosalba Rodas Toro",3105003915
DQ103916,1090003916,"Beatriz Pérez Sánchez",3105003916
SG103917,1090003917,"Luis Zapata Osorio",3105003917
TCF103918,1090003918,"Inés Correa Gallego",3105003918
TC103919,1090003919,"Samuel Tabares Ochoa",3105003919
DQ103920,1090003920,"Fabián Sepúlveda Franco",3105003920
DQ103921,1090003921,"Óscar Uribe Arango",3105003921
SR103922,1090003922,"Estela Ortiz García",3105003922
DQ103923,1090003923,"Amparo Mejía Carmona",3105003923
SG103924,1090003924,"Flor Montoya Ortiz",3105003924
DQ103925,1090003925,"Jorge Rincón Ceballos",3105003925
TCF103926,1090003926,"Javier Aristizábal Ceballos",3105003926
TC103927,1090003927,"Darío Herrera Toro",3105003927
SG103928,1090003928,"Camila Velásquez Escobar",3105003928
C103929,1090003929,"Estela Espinal Rincón",3105003929
SR103930,1090003930,"Jimena Vanegas Cifuentes",3105003930
DQ103931,1090003931,"Hernán Tabares Toro",3105003931
C103932,1090003932,"Leonardo Carmona Quintero",3105003932
VG103933,1090003933,"Héctor Valencia Higuita",3105003933
SG103934,1090003934,"Adriana Toro Acevedo",3105003934
TC103935,1090003935,"Esteban Noreña Salazar",3105003935
TC103936,1090003936,"Ángela Alzate Duque",3105003936
SG103937,1090003937,"Emilse Gutiérrez Serna",3105003937
DQ103938,1090003938,"Iván Rodas Galvis",3105003938
DQ103939,1090003939,"Ernesto Grajales Galvis",3105003939
C103940,1090003940,"Martha Rodas Orozco",3105003940
VG103941,1090003941,"Isabel Galvis Herrera",3105003941
VG103942,1090003942,"Sandra González Quiceno",3105003942
DQ103943,1090003943,"Francisco Espinal Osorio",3105003943
SG103944,1090003944,"Aníbal Mesa Rincón",3105003944
C103945,1090003945,"Daniela Grajales Palacio",3105003945
DQ103946,1090003946,"Iván Osorio Rojas",3105003946
AL103947,1090003947,"Jorge Sánchez Quintero",3105003947
DQ103948,1090003948,"Ignacio Galvis Salazar",3105003948
C103949,1090003949,"Teresa Giraldo Ortiz",3105003949
DQ103950,1090003950,"Magnolia Montoya Gallego",3105003950
TC103951,1090003951,"Alonso Posada Ceballos",3105003951
C103952,1090003952,"Diana Sepúlveda Ochoa",3105003952
TC103953,1090003953,"Javier Zapata Ochoa",3105003953
C103954,1090003954,"Aníbal Quintero Ibarra",3105003954
DQ103955,1090003955,"Lorena Buitrago Quiceno",3105003955
C103956,1090003956,"Carlos Noreña Ramírez",3105003956
C103957,1090003957,"Valentina Osorio Bedoya",3105003957
DQ103958,1090003958,"Carlos Grajales Rivera",3105003958
TC103959,1090003959,"Darío Hincapié Loaiza",3105003959
C103960,1090003960,"Mariana Higuita López",3105003960
TC103961,1090003961,"Mauricio Rodas Muñoz",3105003961
TC103962,1090003962,"Stella Bedoya Gallego",3105003962
TC103963,1090003963,"Carmenza Sánchez Franco",3105003963
DQ103964,1090003964,"Alonso Cardona Trujillo",3105003964
SG103965,1090003965,"Juliana Naranjo Loaiza",3105003965
DQ103966,1090003966,"Cristian Correa Castaño",3105003966
DQ103967,1090003967,"Magnolia Betancur Bedoya",3105003967
TC103968,1090003968,"Amparo Velásquez Patiño",3105003968
TC103969,1090003969,"Diana Buitrago Gallego",3105003969
C103970,1090003970,"Margarita Galvis Jaramillo",3105003970
TCF103971,1090003971,"Patricia Buitrago Higuita",3105003971
TC103972,1090003972,"Marcela Cortés Montoya",3105003972
TC103973,1090003973,"Ramiro Duque González",3105003973
VG103974,1090003974,"Mauricio Rojas Rodas",3105003974
DQ103975,1090003975,"Salomé Echeverri Vargas",3105003975
C103976,1090003976,"Hernán Serna Ortiz",3105003976
C103977,1090003977,"Yolanda Soto Ibarra",3105003977
SG103978,1090003978,"Ricardo Orozco Gómez",3105003978
DQ103979,1090003979,"Yolanda Wilches Ibarra",3105003979
TC103980,1090003980,"Silvia Guarín Agudelo",3105003980
SR103981,1090003981,"Iván London Rivera",3105003981
SR103982,1090003982,"Lucía Moreno Rincón",3105003982
VG103983,1090003983,"Rafael Uribe Echeverri",3105003983
SG103984,1090003984,"Inés García Velásquez",3105003984
TC103985,1090003985,"Lucía Pérez Mejía",3105003985
TC103986,1090003986,"Ramiro Vargas Vásquez",3105003986
DQ103987,1090003987,"Sebastián Herrera Restrepo",3105003987
C103988,1090003988,"Mónica Rodas Uribe",3105003988
TCF103989,1090003989,"Leonardo Ceballos Rivera",3105003989
VG103990,1090003990,"Sebastián Rincón Arredondo",3105003990
DQ103991,1090003991,"Nelson Morales Sánchez",3105003991
TC103992,1090003992,"Duván Gallego Grajales",3105003992
TC103993,1090003993,"Alonso Escobar Gallego",3105003993
DQ103994,1090003994,"Carmenza Uribe Sánchez",3105003994
TC103995,1090003995,"Edilma Franco Ocampo",3105003995
C103996,1090003996,"Héctor Gutiérrez Mejía",3105003996
SG103997,1090003997,"Rocío Pérez Muñoz",3105003997
C103998,1090003998,"Adriana Higuita Grajales",3105003998
C103999,1090003999,"Sandra Quiceno Agudelo",3105003999
C104000,1090004000,"César Hoyos Castaño",3105004000
SR104001,1090004001,"Diego Guarín Higuita",3105004001
C104002,1090004002,"Mónica Vargas Serna",3105004002
SR104003,1090004003,"Yolanda Orozco Zapata",3105004003
DQ104004,1090004004,"Rubén Grajales Hoyos",3105004004
TC104005,1090004005,"Hernán Sepúlveda Wilches",3105004005
DQ104006,1090004006,"Martha Rincón Orozco",3105004006
VG104007,1090004007,"Inés Muñoz Escobar",3105004007
VG104008,1090004008,"Emilse Wilches Gutiérrez",3105004008
SR104009,1090004009,"Flor Cortés Correa",3105004009
C104010,1090004010,"Carmenza Cardona Quintero",3105004010
VG104011,1090004011,"Yolanda Vanegas Marín",3105004011
DQ104012,1090004012,"Aníbal Quiceno Serna",3105004012
SR104013,1090004013,"Mario Sepúlveda Acevedo",3105004013
SR104014,1090004014,"Estela Ríos Rodas",3105004014
C104015,1090004015,"Gabriela Hincapié Restrepo",3105004015
DQ104016,1090004016,"Fabián Betancur González",3105004016
C104017,1090004017,"Ricardo Orozco Cardona",3105004017
C104018,1090004018,"Mario Ochoa Ospina",3105004018
C104019,1090004019,"Helena Salazar Zapata",3105004019
DQ104020,1090004020,"Óscar Naranjo Vanegas",3105004020
DQ104021,1090004021,"Fabián Serna Palacio",3105004021
TC104022,1090004022,"Helena Estrada Salazar",3105004022
C104023,1090004023,"Duván Valencia Arredondo",3105004023
TC104024,1090004024,"Valentina Moreno Mejía",3105004024
DQ104025,1090004025,"Aníbal Hincapié González",3105004025
VG104026,1090004026,"Martha Quiceno Alzate",3105004026
TC104027,1090004027,"Olga Franco Mejía",3105004027
DQ104028,1090004028,"Manuel Correa Gutiérrez",3105004028
SR104029,1090004029,"Nelson Herrera Toro",3105004029
DQ104030,1090004030,"Hernán Cifuentes Jaramillo",3105004030
VG104031,1090004031,"Mariana Buitrago Serna",3105004031
DQ104032,1090004032,"Gloria Acevedo Ríos",3105004032
DQ104033,1090004033,"Juliana Rivera Patiño",3105004033
DQ104034,1090004034,"Daniela Palacio Marín",3105004034
DQ104035,1090004035,"Gustavo Cardona Ríos",3105004035
SG104036,1090004036,"Manuel Mejía London",3105004036
DQ104037,1090004037,"Camila Osorio Arango",3105004037
C104038,1090004038,"Margarita Uribe Rojas",3105004038
DQ104039,1090004039,"Ramiro Agudelo Gómez",3105004039
DQ104040,1090004040,"Clara Gómez Hoyos",3105004040
TCF104041,1090004041,"Esteban Zapata Orozco",3105004041
TC104042,1090004042,"Jaime Ramírez Vanegas",3105004042
TC104043,1090004043,"Silvia Noreña Galvis",3105004043
TC104044,1090004044,"Teresa Escobar Jaramillo",3105004044
TC104045,1090004045,"Iván Cardona Restrepo",3105004045
DQ104046,1090004046,"Marcela Vargas Ríos",3105004046
SG104047,1090004047,"Pedro Pareja González",3105004047
C104048,1090004048,"Ernesto Palacio Ramírez",3105004048
VG104049,1090004049,"Helena Osorio Henao",3105004049
VG104050,1090004050,"Iván García Giraldo",3105004050
SR104051,1090004051,"Sandra Marín Sánchez",3105004051
TC104052,1090004052,"Cristian Marín Higuita",3105004052
C104053,1090004053,"Josefina Osorio Pareja",3105004053
DQ104054,1090004054,"Lorena Vanegas Espinal",3105004054
SG104055,1090004055,"Ángela Mejía Marín",3105004055
TC104056,1090004056,"Edilma Pareja Cortés",3105004056
TC104057,1090004057,"Mauricio Salazar Mejía",3105004057
C104058,1090004058,"Emilse Wilches Tabares",3105004058
VG104059,1090004059,"Patricia Loaiza Grajales",3105004059
C104060,1090004060,"Inés Pérez Noreña",3105004060
C104061,1090004061,"Valentina Morales Bedoya",3105004061
TC104062,1090004062,"Isabel Aristizábal Patiño",3105004062
C104063,1090004063,"Jorge Arredondo Ibarra",3105004063
SR104064,1090004064,"Emilse Toro Ibarra",3105004064
TC104065,1090004065,"Cristian Palacio Vanegas",3105004065
C104066,1090004066,"Mario Echeverri Aristizábal",3105004066
TC104067,1090004067,"Alonso Vásquez López",3105004067
TC104068,1090004068,"Diana London Montoya",3105004068
C104069,1090004069,"Javier Guarín Aristizábal",3105004069
TCF104070,1090004070,"Hernán Alzate London",3105004070
TCF104071,1090004071,"Martha Bedoya Rodas",3105004071
TC104072,1090004072,"Ramiro Zapata Hincapié",3105004072
SG104073,1090004073,"Darío Giraldo Rojas",3105004073
CH104074,1090004074,"Rocío Mejía Peláez",3105004074
DQ104075,1090004075,"Natalia Wilches González",3105004075
C104076,1090004076,"Fanny Ocampo Sepúlveda",3105004076
SR104077,1090004077,"Alberto García Henao",3105004077
TC104078,1090004078,"Juliana Patiño Ospina",3105004078
TC104079,1090004079,"Nubia Vásquez Pérez",3105004079
C104080,1090004080,"Gloria Buitrago Salazar",3105004080
TCF104081,1090004081,"Rocío Sepúlveda García",3105004081
DQ104082,1090004082,"Clara Jaramillo Villa",3105004082
SR104083,1090004083,"Lucía London Serna",3105004083
DQ104084,1090004084,"Teresa Orozco Ceballos",3105004084
CH104085,1090004085,"Bernardo Moreno Bedoya",3105004085
DQ104086,1090004086,"Lucía Carmona Mesa",3105004086
DQ104087,1090004087,"Alberto Agudelo Bedoya",3105004087
SR104088,1090004088,"Fanny Correa Pérez",3105004088
TCF104089,1090004089,"Alejandra Orozco Naranjo",3105004089
TCF104090,1090004090,"Héctor Bedoya García",3105004090
C104091,1090004091,"Diana Ortiz Acevedo",3105004091
DQ104092,1090004092,"Ricardo Pareja Rojas",3105004092
TCF104093,1090004093,"Mariana Cortés Quintero",3105004093
SR104094,1090004094,"Duván Vásquez Rodas",3105004094
VG104095,1090004095,"Raquel Pareja Orozco",3105004095
TC104096,1090004096,"Emilse Cardona Duque",3105004096
TC104097,1090004097,"Rafael Betancur Cardona",3105004097
TC104098,1090004098,"Valentina Peláez López",3105004098
C104099,1090004099,"Fernando Osorio Galvis",3105004099
VG104100,1090004100,"Fanny Gutiérrez Marín",3105004100
TCF104101,1090004101,"Jimena Sepúlveda Acevedo",3105004101
TC104102,1090004102,"Mariana Franco Ospina",3105004102
DQ104103,1090004103,"Olga Naranjo Noreña",3105004103
C104104,1090004104,"Nelson Gómez Velásquez",3105004104
TC104105,1090004105,"Vicente Restrepo Espinal",3105004105
TC104106,1090004106,"Germán Villa Alzate",3105004106
C104107,1090004107,"Elkin Henao Ceballos",3105004107
TC104108,1090004108,"Gabriela Toro Hincapié",3105004108
TC104109,1090004109,"Duván Orozco Estrada",3105004109
SR104110,1090004110,"Juliana Jaramillo Gómez",3105004110
SG104111,1090004111,"Rafael London Morales",3105004111
SR104112,1090004112,"Fanny Peláez Hoyos",3105004112
DQ104113,1090004113,"Octavio Alzate Hincapié",3105004113
